{"type":"FeatureCollection","features":[{"type":"Feature","properties":{"codarea":"1100049"},"geometry":{"type":"Polygon","coordinates":[[[-61.549,-11.6191],[-61.5006,-11.6192],[-61.3527,-11.6175],[-61.3504,-11.6051],[-61.3611,-11.5907],[-61.3692,-11.5828],[-61.3702,-11.5738],[-61.3624,-11.5629],[-61.3698,-11.5513],[-61.3728,-11.5369],[-61.3674,-11.5347],[-61.3713,-11.5101],[-61.3672,-11.5064],[-61.3589,-11.5147],[-61.355,-11.5045],[-61.3441,-11.5085],[-61.3379,-11.5074],[-61.3311,-11.5133],[-61.3272,-11.5059],[-61.3153,-11.508],[-61.3071,-11.4992],[-61.3018,-11.5037],[-61.2935,-11.4982],[-61.2741,-11.5074],[-61.2656,-11.5097],[-61.2645,-11.5146],[-61.2527,-11.5169],[-61.2532,-11.5241],[-61.2404,-11.5285],[-61.228,-11.5268],[-61.2213,-11.5186],[-61.2128,-11.5243],[-61.2117,-11.5291],[-61.1966,-11.5236],[-61.1901,-11.5103],[-61.185,-11.5083],[-61.1725,-11.511],[-61.1614,-11.5066],[-61.154,-11.4981],[-61.1454,-11.4981],[-61.1398,-11.4941],[-61.1272,-11.4935],[-61.1162,-11.4829],[-61.1117,-11.4735],[-61.11,-11.4627],[-61.1019,-11.4532],[-61.0898,-11.448],[-61.0829,-11.4382],[-61.0762,-11.4443],[-61.067,-11.4475],[-61.0597,-11.4428],[-61.0565,-11.4247],[-61.0375,-11.4152],[-61.0307,-11.4203],[-61.0185,-11.4179],[-61.0091,-11.4103],[-61.001,-11.3984],[-61.0008,-11.253],[-61.0006,-10.9922],[-61.1032,-10.9911],[-61.372,-10.9882],[-61.429,-10.9875],[-61.4268,-11.114],[-61.5008,-11.1143],[-61.5012,-11.3335],[-61.7423,-11.3335],[-61.7452,-11.3404],[-61.7408,-11.3463],[-61.7446,-11.3561],[-61.7499,-11.3617],[-61.7551,-11.3783],[-61.7669,-11.3807],[-61.7694,-11.3894],[-61.787,-11.4024],[-61.7958,-11.3978],[-61.7944,-11.4045],[-61.7853,-11.4085],[-61.7648,-11.41],[-61.7519,-11.4141],[-61.7388,-11.413],[-61.7328,-11.4272],[-61.7364,-11.4397],[-61.7283,-11.4405],[-61.7321,-11.4497],[-61.7272,-11.4661],[-61.7161,-11.4632],[-61.7148,-11.482],[-61.7169,-11.4941],[-61.7168,-11.5115],[-61.7063,-11.5155],[-61.7064,-11.5217],[-61.6975,-11.5234],[-61.6966,-11.535],[-61.6879,-11.5325],[-61.6835,-11.5462],[-61.6635,-11.5522],[-61.6493,-11.5609],[-61.6375,-11.5627],[-61.6305,-11.5608],[-61.6268,-11.5672],[-61.6196,-11.5698],[-61.6201,-11.5761],[-61.6142,-11.5838],[-61.5957,-11.5812],[-61.5991,-11.5915],[-61.5908,-11.5973],[-61.581,-11.5978],[-61.5669,-11.6029],[-61.5552,-11.6154],[-61.549,-11.6191]]]}},{"type":"Feature","properties":{"codarea":"1100122"},"geometry":{"type":"Polygon","coordinates":[[[-61.9106,-10.117],[-61.9125,-10.1339],[-61.9102,-10.1551],[-61.9162,-10.1663],[-61.9109,-10.1758],[-61.8908,-10.1939],[-61.8733,-10.1994],[-61.866,-10.206],[-61.8636,-10.2211],[-61.8558,-10.239],[-61.8458,-10.2551],[-61.843,-10.2704],[-61.8356,-10.287],[-61.829,-10.2962],[-61.8278,-10.3031],[-61.8364,-10.3082],[-61.8484,-10.3042],[-61.856,-10.3046],[-61.8816,-10.3176],[-61.8894,-10.323],[-61.9009,-10.3247],[-61.9096,-10.3296],[-61.9041,-10.3399],[-61.9063,-10.3692],[-61.8986,-10.3811],[-61.8993,-10.386],[-61.9084,-10.3946],[-61.9051,-10.404],[-61.9093,-10.4099],[-61.91,-10.4216],[-61.915,-10.4249],[-61.9163,-10.4453],[-61.9123,-10.4542],[-61.9169,-10.4668],[-61.9264,-10.4761],[-61.9263,-10.4844],[-61.9408,-10.4928],[-61.9492,-10.4934],[-61.9605,-10.498],[-62.02,-10.6468],[-62.0813,-10.7979],[-62.1226,-10.8994],[-62.1638,-11.0007],[-62.1646,-11.0129],[-62.156,-11.026],[-62.1444,-11.0304],[-62.1328,-11.0249],[-62.1225,-11.0152],[-62.1178,-11.0021],[-62.0928,-11.0076],[-62.0913,-11.0243],[-62.0978,-11.03],[-62.0963,-11.045],[-62.0808,-11.0651],[-62.0762,-11.068],[-62.0794,-11.0762],[-62.0731,-11.0868],[-62.0611,-11.0963],[-62.0623,-11.1027],[-62.0563,-11.1061],[-62.0564,-11.1208],[-62.0435,-11.1336],[-62.0476,-11.146],[-62.0435,-11.1518],[-62.0507,-11.1659],[-62.0447,-11.1758],[-62.0472,-11.1821],[-62.0451,-11.1944],[-62.0412,-11.1985],[-62.0417,-11.2109],[-62.0382,-11.2133],[-62.0269,-11.2044],[-62.0295,-11.193],[-62.0203,-11.1741],[-62.0253,-11.1641],[-62.0261,-11.1521],[-62.0213,-11.1382],[-62.0148,-11.128],[-62.0051,-11.1254],[-61.9759,-11.1013],[-61.9765,-11.0911],[-61.9512,-11.0865],[-61.947,-11.0642],[-61.9445,-11.0581],[-61.9483,-11.0459],[-61.9511,-11.0269],[-61.958,-11.0161],[-61.9514,-10.9961],[-61.9421,-10.9868],[-61.7477,-10.9865],[-61.632,-10.9863],[-61.5503,-10.9861],[-61.5468,-10.9776],[-61.5386,-10.9759],[-61.5301,-10.979],[-61.5258,-10.955],[-61.5195,-10.9497],[-61.5233,-10.9403],[-61.5205,-10.9194],[-61.5147,-10.9116],[-61.5244,-10.9034],[-61.52,-10.8987],[-61.5206,-10.8903],[-61.5255,-10.8871],[-61.5229,-10.8789],[-61.5251,-10.8558],[-61.5205,-10.8419],[-61.5122,-10.8387],[-61.509,-10.8322],[-61.5125,-10.8222],[-61.5034,-10.8084],[-61.5109,-10.7937],[-61.5053,-10.7848],[-61.4933,-10.7845],[-61.4918,-10.7959],[-61.486,-10.8006],[-61.4738,-10.7975],[-61.4796,-10.7877],[-61.4764,-10.7678],[-61.4815,-10.7602],[-61.4809,-10.7442],[-61.4884,-10.7365],[-61.4853,-10.7263],[-61.4764,-10.7225],[-61.4858,-10.708],[-61.4943,-10.7053],[-61.4994,-10.6986],[-61.498,-10.6863],[-61.4906,-10.6732],[-61.4845,-10.6738],[-61.4805,-10.6594],[-61.4824,-10.6533],[-61.479,-10.643],[-61.4896,-10.6311],[-61.4815,-10.6196],[-61.4762,-10.6077],[-61.4815,-10.5968],[-61.4779,-10.592],[-61.481,-10.5765],[-61.48,-10.5692],[-61.4701,-10.5565],[-61.4663,-10.5412],[-61.478,-10.5316],[-61.481,-10.5164],[-61.479,-10.5006],[-61.4808,-10.4877],[-61.4735,-10.475],[-61.4702,-10.4614],[-61.4761,-10.4547],[-61.4671,-10.4485],[-61.4661,-10.4352],[-61.4618,-10.4199],[-61.4769,-10.4106],[-61.4715,-10.4051],[-61.4841,-10.4002],[-61.4896,-10.3903],[-61.4957,-10.3902],[-61.5031,-10.3759],[-61.5017,-10.3538],[-61.5132,-10.3486],[-61.5148,-10.3368],[-61.5215,-10.3308],[-61.5301,-10.3333],[-61.5376,-10.3278],[-61.5409,-10.3202],[-61.5481,-10.3164],[-61.5533,-10.307],[-61.5462,-10.3043],[-61.5454,-10.2985],[-61.5516,-10.2902],[-61.5546,-10.2796],[-61.5719,-10.2592],[-61.5767,-10.2486],[-61.5755,-10.241],[-61.5776,-10.2266],[-61.5736,-10.2193],[-61.574,-10.209],[-61.5657,-10.203],[-61.5523,-10.1994],[-61.5598,-10.1931],[-61.5578,-10.1823],[-61.5625,-10.1719],[-61.5724,-10.1688],[-61.5786,-10.1632],[-61.5968,-10.1624],[-61.6016,-10.1566],[-61.6012,-10.1501],[-61.5955,-10.1442],[-61.5956,-10.1366],[-61.5902,-10.1215],[-61.592,-10.1172],[-61.5887,-10.1041],[-61.5833,-10.0957],[-61.5831,-10.0825],[-61.5787,-10.0792],[-61.5799,-10.0692],[-61.5849,-10.0616],[-61.5717,-10.0465],[-61.5559,-10.039],[-61.5455,-10.0188],[-61.5402,-10.0002],[-61.5312,-9.9899],[-61.528,-9.9704],[-61.5394,-9.9641],[-61.5324,-9.9526],[-61.5228,-9.9467],[-61.5287,-9.9361],[-61.5231,-9.928],[-61.5261,-9.9148],[-61.525,-9.9066],[-61.5111,-9.8956],[-61.5084,-9.8888],[-61.5103,-9.879],[-61.5079,-9.8611],[-61.5127,-9.8535],[-61.5165,-9.8382],[-61.5163,-9.8279],[-61.5197,-9.8215],[-61.5313,-9.8216],[-61.5253,-9.8076],[-61.5249,-9.7957],[-61.5384,-9.7934],[-61.5462,-9.7848],[-61.5326,-9.758],[-61.5315,-9.7399],[-61.5394,-9.7381],[-61.5552,-9.7291],[-61.5668,-9.7294],[-61.5746,-9.7178],[-61.5885,-9.7052],[-61.6036,-9.6936],[-61.6101,-9.6843],[-61.6333,-9.6967],[-61.6447,-9.7067],[-61.657,-9.7085],[-61.6748,-9.7181],[-61.6903,-9.7195],[-61.7116,-9.7313],[-61.7338,-9.7257],[-61.7604,-9.7287],[-61.7746,-9.7171],[-61.7922,-9.7197],[-61.7966,-9.728],[-61.7983,-9.7393],[-61.7951,-9.7435],[-61.7941,-9.759],[-61.8001,-9.7723],[-61.8078,-9.7798],[-61.806,-9.7959],[-61.8107,-9.8028],[-61.8379,-9.8102],[-61.8442,-9.8245],[-61.8435,-9.8405],[-61.8373,-9.853],[-61.8431,-9.8674],[-61.8507,-9.8784],[-61.8602,-9.8829],[-61.8705,-9.9003],[-61.8766,-9.9048],[-61.8764,-9.9113],[-61.8708,-9.9218],[-61.8639,-9.9462],[-61.8583,-9.9721],[-61.862,-9.9859],[-61.8726,-9.9881],[-61.8922,-9.9807],[-61.9011,-9.9791],[-61.9091,-9.9892],[-61.9303,-9.9611],[-61.9371,-9.9478],[-61.9544,-9.9497],[-61.9606,-9.9696],[-61.9633,-9.9849],[-61.9819,-10.005],[-61.9931,-10.0096],[-61.9933,-10.022],[-61.9821,-10.0321],[-61.9725,-10.0497],[-61.9704,-10.0592],[-61.9727,-10.0675],[-61.9686,-10.0779],[-61.9488,-10.0798],[-61.9334,-10.0864],[-61.9231,-10.0954],[-61.9163,-10.1046],[-61.9106,-10.117]]]}},{"type":"Feature","properties":{"codarea":"1100205"},"geometry":{"type":"Polygon","coordinates":[[[-63.7568,-9.3952],[-63.763,-9.3932],[-63.7598,-9.3847],[-63.7693,-9.3828],[-63.7758,-9.3775],[-63.7867,-9.3749],[-63.7687,-9.3677],[-63.7768,-9.3638],[-63.7822,-9.3514],[-63.7731,-9.3406],[-63.7848,-9.3341],[-63.7813,-9.3094],[-63.7737,-9.2947],[-63.7791,-9.2858],[-63.7665,-9.2794],[-63.7702,-9.2632],[-63.775,-9.2645],[-63.7871,-9.2557],[-63.7806,-9.2482],[-63.7788,-9.2406],[-63.7805,-9.2302],[-63.772,-9.231],[-63.7711,-9.2235],[-63.776,-9.2174],[-63.7718,-9.2029],[-63.7751,-9.1947],[-63.7815,-9.191],[-63.786,-9.1795],[-63.7796,-9.1596],[-63.7701,-9.1529],[-63.777,-9.1391],[-63.7879,-9.1354],[-63.7948,-9.1289],[-63.7892,-9.1218],[-63.7763,-9.1159],[-63.7793,-9.1102],[-63.7862,-9.1113],[-63.7925,-9.1063],[-63.79,-9.0933],[-63.7842,-9.088],[-63.7873,-9.0827],[-63.7769,-9.0623],[-63.7948,-9.0552],[-63.7969,-9.0471],[-63.7855,-9.0343],[-63.793,-9.028],[-63.7872,-9.0126],[-63.7796,-9.0103],[-63.7711,-9.0154],[-63.7687,-9.005],[-63.7771,-9.0045],[-63.7745,-8.9961],[-63.7557,-8.9822],[-63.7511,-8.9693],[-63.743,-8.9673],[-63.7491,-8.9595],[-63.7417,-8.957],[-63.7467,-8.9369],[-63.7419,-8.9346],[-63.7445,-8.9254],[-63.7273,-8.9263],[-63.7286,-8.9189],[-63.7394,-8.9195],[-63.7432,-8.9129],[-63.7362,-8.9014],[-63.7443,-8.8954],[-63.7263,-8.8832],[-63.7388,-8.8742],[-63.7512,-8.8724],[-63.7467,-8.8576],[-63.7501,-8.8533],[-63.7313,-8.8417],[-63.7443,-8.8342],[-63.743,-8.8231],[-63.735,-8.8299],[-63.7283,-8.8284],[-63.7193,-8.8216],[-63.7067,-8.8206],[-63.6995,-8.8043],[-63.71,-8.8003],[-63.719,-8.8005],[-63.7198,-8.7916],[-63.7044,-8.7868],[-63.7046,-8.7768],[-63.7207,-8.7766],[-63.7244,-8.7681],[-63.7228,-8.7619],[-63.7148,-8.7616],[-63.7123,-8.7728],[-63.7044,-8.7624],[-63.707,-8.7551],[-63.7006,-8.7401],[-63.6869,-8.7316],[-63.6962,-8.7161],[-63.7086,-8.718],[-63.7077,-8.7119],[-63.6974,-8.7047],[-63.6954,-8.7093],[-63.6836,-8.7137],[-63.6828,-8.704],[-63.6689,-8.6976],[-63.6676,-8.7077],[-63.6506,-8.7064],[-63.6403,-8.7158],[-63.6502,-8.7174],[-63.6563,-8.7284],[-63.6516,-8.7328],[-63.645,-8.7221],[-63.6325,-8.7266],[-63.6282,-8.7172],[-63.6361,-8.7094],[-63.625,-8.7034],[-63.6174,-8.6953],[-63.6085,-8.6983],[-63.5916,-8.6847],[-63.5865,-8.6689],[-63.5894,-8.6605],[-63.5832,-8.6567],[-63.5764,-8.6608],[-63.5724,-8.6694],[-63.5643,-8.6781],[-63.5614,-8.6723],[-63.5606,-8.6586],[-63.5653,-8.6521],[-63.5645,-8.6437],[-63.5677,-8.6359],[-63.5646,-8.6272],[-63.557,-8.6287],[-63.5486,-8.6364],[-63.543,-8.633],[-63.5335,-8.6455],[-63.5231,-8.6391],[-63.5247,-8.6265],[-63.5169,-8.62],[-63.512,-8.6089],[-63.497,-8.6041],[-63.4712,-8.5996],[-63.4592,-8.596],[-63.4473,-8.5879],[-63.4452,-8.5789],[-63.4523,-8.5703],[-63.4727,-8.5701],[-63.4821,-8.5653],[-63.4822,-8.5585],[-63.4754,-8.551],[-63.4664,-8.5458],[-63.4674,-8.5344],[-63.4598,-8.5207],[-63.4521,-8.5148],[-63.4505,-8.5004],[-63.3741,-8.5005],[-63.1949,-8.5005],[-62.9829,-8.5004],[-62.8223,-8.5004],[-62.8349,-8.5029],[-62.8436,-8.5078],[-62.8421,-8.5199],[-62.8334,-8.521],[-62.8291,-8.5303],[-62.8205,-8.5394],[-62.8143,-8.5618],[-62.8032,-8.5621],[-62.8045,-8.5726],[-62.7951,-8.5786],[-62.7872,-8.5711],[-62.7835,-8.5583],[-62.7788,-8.5571],[-62.7688,-8.5641],[-62.7658,-8.5771],[-62.7734,-8.5825],[-62.7737,-8.5882],[-62.7844,-8.594],[-62.7785,-8.6032],[-62.7697,-8.597],[-62.758,-8.5985],[-62.7448,-8.6129],[-62.7543,-8.6155],[-62.7552,-8.628],[-62.7455,-8.628],[-62.7331,-8.6339],[-62.7399,-8.6401],[-62.737,-8.6512],[-62.7258,-8.6495],[-62.7166,-8.6545],[-62.7222,-8.6593],[-62.733,-8.6576],[-62.7357,-8.6751],[-62.7556,-8.6845],[-62.7622,-8.6937],[-62.7532,-8.7016],[-62.7533,-8.7089],[-62.7577,-8.7243],[-62.7656,-8.7163],[-62.7646,-8.7081],[-62.7745,-8.707],[-62.7804,-8.7142],[-62.778,-8.7197],[-62.7705,-8.7221],[-62.768,-8.7335],[-62.7597,-8.7394],[-62.7531,-8.7528],[-62.7676,-8.7605],[-62.7644,-8.7722],[-62.756,-8.7803],[-62.7641,-8.7981],[-62.7541,-8.7978],[-62.7385,-8.8022],[-62.7266,-8.8],[-62.7186,-8.8094],[-62.7038,-8.8132],[-62.6745,-8.7991],[-62.6633,-8.7965],[-62.6626,-8.7864],[-62.655,-8.7762],[-62.6312,-8.7774],[-62.6278,-8.775],[-62.6259,-8.7578],[-62.6186,-8.7578],[-62.6096,-8.7521],[-62.5995,-8.7514],[-62.5888,-8.7551],[-62.5819,-8.745],[-62.5733,-8.7468],[-62.5595,-8.7407],[-62.5526,-8.751],[-62.5364,-8.7515],[-62.5276,-8.7478],[-62.5028,-8.7319],[-62.4913,-8.7288],[-62.4849,-8.7375],[-62.4856,-8.7583],[-62.4719,-8.7717],[-62.4512,-8.7693],[-62.4468,-8.7667],[-62.4486,-8.7569],[-62.4395,-8.7403],[-62.4352,-8.7369],[-62.4207,-8.7346],[-62.4111,-8.7408],[-62.4087,-8.7472],[-62.3946,-8.7403],[-62.3759,-8.7461],[-62.3691,-8.7436],[-62.3669,-8.7371],[-62.3778,-8.7283],[-62.3676,-8.7097],[-62.3648,-8.6927],[-62.366,-8.6723],[-62.348,-8.6766],[-62.3437,-8.687],[-62.3457,-8.6952],[-62.3433,-8.7029],[-62.3308,-8.7093],[-62.3188,-8.7053],[-62.3027,-8.7042],[-62.2896,-8.7],[-62.2774,-8.7025],[-62.2581,-8.6907],[-62.2459,-8.6899],[-62.2456,-8.6803],[-62.2371,-8.6635],[-62.245,-8.6516],[-62.2407,-8.6378],[-62.2436,-8.6285],[-62.2385,-8.622],[-62.2426,-8.6124],[-62.2412,-8.6046],[-62.2469,-8.5926],[-62.2548,-8.592],[-62.2633,-8.5845],[-62.2689,-8.5758],[-62.2743,-8.5829],[-62.2894,-8.5889],[-62.2943,-8.6054],[-62.2833,-8.6204],[-62.2793,-8.6292],[-62.2813,-8.6386],[-62.2895,-8.6391],[-62.312,-8.6224],[-62.3206,-8.6195],[-62.3358,-8.6095],[-62.3411,-8.6028],[-62.3391,-8.5869],[-62.3277,-8.5725],[-62.3258,-8.5637],[-62.3343,-8.5462],[-62.3332,-8.5278],[-62.3374,-8.5166],[-62.354,-8.5117],[-62.3601,-8.5064],[-62.3661,-8.4936],[-62.3637,-8.4782],[-62.3696,-8.4542],[-62.3693,-8.4461],[-62.3612,-8.4237],[-62.3608,-8.3985],[-62.3705,-8.3847],[-62.384,-8.3776],[-62.4,-8.3748],[-62.4082,-8.3774],[-62.4246,-8.375],[-62.4397,-8.3679],[-62.4538,-8.3492],[-62.4655,-8.3397],[-62.4789,-8.3457],[-62.4869,-8.3592],[-62.4927,-8.3644],[-62.5008,-8.3661],[-62.5185,-8.3847],[-62.5261,-8.3831],[-62.5255,-8.3753],[-62.532,-8.371],[-62.5396,-8.3581],[-62.5515,-8.3582],[-62.5491,-8.3421],[-62.5558,-8.3274],[-62.5553,-8.3194],[-62.5612,-8.3138],[-62.5559,-8.3068],[-62.5573,-8.2963],[-62.5619,-8.284],[-62.5692,-8.2873],[-62.5742,-8.2807],[-62.5815,-8.2786],[-62.5854,-8.2719],[-62.5928,-8.275],[-62.6001,-8.2722],[-62.6104,-8.2598],[-62.6182,-8.2572],[-62.6419,-8.2393],[-62.6499,-8.237],[-62.655,-8.2291],[-62.651,-8.222],[-62.6599,-8.1996],[-62.6735,-8.1927],[-62.6767,-8.1854],[-62.6867,-8.1738],[-62.6853,-8.1657],[-62.6792,-8.1608],[-62.673,-8.1453],[-62.6741,-8.137],[-62.6833,-8.124],[-62.6855,-8.1164],[-62.6788,-8.1114],[-62.6906,-8.1009],[-62.6923,-8.0929],[-62.7064,-8.0853],[-62.7246,-8.0692],[-62.7276,-8.0625],[-62.744,-8.0453],[-62.7722,-8.0315],[-62.7798,-8.0313],[-62.7862,-8.0263],[-62.7943,-8.0275],[-62.81,-8.0253],[-62.821,-8.0145],[-62.8328,-7.9944],[-62.8416,-7.995],[-62.8451,-7.9865],[-62.8534,-7.9876],[-62.8666,-7.9759],[-63.0397,-7.9767],[-63.1184,-7.9771],[-63.3272,-7.9767],[-63.5005,-7.9763],[-63.6212,-7.9765],[-63.6219,-7.9946],[-63.6265,-8.0161],[-63.6218,-8.0296],[-63.6266,-8.0412],[-63.6388,-8.0472],[-63.6509,-8.0664],[-63.667,-8.0816],[-63.6689,-8.0919],[-63.6624,-8.1012],[-63.6699,-8.1217],[-63.6824,-8.1373],[-63.6862,-8.1481],[-63.6934,-8.1583],[-63.7234,-8.1753],[-63.7415,-8.1901],[-63.747,-8.1986],[-63.7486,-8.2079],[-63.7383,-8.2266],[-63.7269,-8.2407],[-63.7228,-8.2495],[-63.7466,-8.2702],[-63.7601,-8.2911],[-63.7629,-8.3027],[-63.7735,-8.3207],[-63.7816,-8.3292],[-63.7912,-8.3332],[-63.8001,-8.3284],[-63.8077,-8.3194],[-63.8253,-8.3062],[-63.8471,-8.295],[-63.8592,-8.2906],[-63.8708,-8.2888],[-63.882,-8.2912],[-63.8949,-8.302],[-63.9043,-8.3221],[-63.9108,-8.3285],[-63.9318,-8.3247],[-63.9441,-8.3312],[-63.9456,-8.3389],[-63.9434,-8.3635],[-63.9454,-8.3878],[-63.9556,-8.3965],[-63.967,-8.4021],[-63.977,-8.4097],[-63.9779,-8.4201],[-63.9537,-8.428],[-63.9391,-8.4415],[-63.9408,-8.4523],[-63.9656,-8.4713],[-63.9732,-8.4784],[-63.9745,-8.4872],[-63.9709,-8.4993],[-63.9595,-8.5091],[-63.9438,-8.5266],[-63.9456,-8.5505],[-63.939,-8.5562],[-63.9232,-8.5593],[-63.9246,-8.5755],[-63.9341,-8.5884],[-63.946,-8.6095],[-63.9541,-8.6073],[-63.9656,-8.5959],[-63.9671,-8.5879],[-63.9725,-8.5825],[-63.9803,-8.5807],[-63.9862,-8.5856],[-63.9911,-8.6174],[-64.0048,-8.6259],[-64.0052,-8.6417],[-64.0095,-8.6486],[-64.0167,-8.6525],[-64.0192,-8.6604],[-64.0164,-8.6677],[-64.0205,-8.675],[-64.0325,-8.6862],[-64.0355,-8.6936],[-64.0341,-8.7015],[-64.029,-8.7075],[-64.0279,-8.7157],[-64.0432,-8.7119],[-64.0589,-8.71],[-64.0752,-8.7131],[-64.0872,-8.7245],[-64.0948,-8.7284],[-64.1113,-8.7252],[-64.1246,-8.7167],[-64.1309,-8.7222],[-64.1431,-8.743],[-64.1448,-8.7764],[-64.1295,-8.8052],[-64.1358,-8.8204],[-64.1552,-8.8354],[-64.1582,-8.8432],[-64.1525,-8.8583],[-64.1488,-8.8731],[-64.1517,-8.8892],[-64.1508,-8.905],[-64.1445,-8.9281],[-64.1418,-8.9451],[-64.1434,-8.9535],[-64.1495,-8.9589],[-64.1669,-8.9583],[-64.175,-8.9606],[-64.2111,-8.9818],[-64.2332,-8.9923],[-64.2567,-8.9884],[-64.2735,-8.9896],[-64.2812,-8.9933],[-64.2977,-8.9962],[-64.3113,-8.9965],[-64.3253,-8.9881],[-64.3261,-8.9798],[-64.313,-8.9506],[-64.3096,-8.9345],[-64.3156,-8.9295],[-64.3234,-8.9289],[-64.3799,-8.9467],[-64.4085,-8.9607],[-64.4332,-8.9685],[-64.4466,-8.9769],[-64.4555,-8.9779],[-64.4712,-8.9737],[-64.4803,-8.9743],[-64.4964,-8.9791],[-64.5175,-8.9786],[-64.5336,-8.9763],[-64.5501,-8.9783],[-64.5642,-8.9857],[-64.5689,-8.9918],[-64.5789,-8.9884],[-64.5794,-9.0013],[-64.588,-9.0095],[-64.5961,-9.0102],[-64.6111,-9.0165],[-64.6415,-9.0066],[-64.6577,-9.0082],[-64.6714,-9.0148],[-64.677,-9.0085],[-64.6834,-8.9936],[-64.6993,-8.9883],[-64.7137,-8.9939],[-64.7192,-9.0019],[-64.7305,-9.0125],[-64.7536,-9.0207],[-64.7612,-9.0206],[-64.7746,-9.0023],[-64.778,-8.9945],[-64.7916,-8.9864],[-64.8078,-8.9856],[-64.8238,-8.9885],[-64.8393,-8.9941],[-64.8631,-9.0097],[-64.8706,-9.0122],[-64.8808,-9.025],[-64.8872,-9.0292],[-64.8941,-9.0437],[-64.9015,-9.0467],[-64.9173,-9.0431],[-64.9194,-9.0506],[-64.9149,-9.0668],[-64.9157,-9.0746],[-64.9249,-9.0975],[-64.9293,-9.1049],[-64.9335,-9.1203],[-64.9399,-9.1246],[-64.9393,-9.1483],[-64.9336,-9.1544],[-64.9337,-9.1623],[-64.929,-9.1776],[-64.9319,-9.1849],[-64.9237,-9.1981],[-64.9265,-9.2055],[-64.9197,-9.2203],[-64.9215,-9.2283],[-64.9328,-9.2406],[-64.9361,-9.2558],[-64.9462,-9.2679],[-64.9537,-9.2713],[-64.9539,-9.2789],[-64.9629,-9.2928],[-64.9783,-9.2903],[-64.9862,-9.2919],[-65.0005,-9.3046],[-65.0019,-9.3179],[-65.0127,-9.3287],[-65.0058,-9.3435],[-65.022,-9.346],[-65.0244,-9.3539],[-65.0393,-9.3596],[-65.0357,-9.3748],[-65.0469,-9.3873],[-65.0476,-9.3962],[-65.0535,-9.4021],[-65.0705,-9.4029],[-65.0779,-9.401],[-65.0923,-9.4094],[-65.0889,-9.4251],[-65.0978,-9.4325],[-65.1137,-9.4328],[-65.1271,-9.4409],[-65.1429,-9.4468],[-65.1551,-9.4372],[-65.171,-9.4314],[-65.1773,-9.4266],[-65.1855,-9.427],[-65.1868,-9.415],[-65.1844,-9.407],[-65.1747,-9.3938],[-65.1735,-9.3854],[-65.1962,-9.3753],[-65.197,-9.3674],[-65.1921,-9.3604],[-65.1883,-9.3449],[-65.1908,-9.3369],[-65.201,-9.3237],[-65.209,-9.3096],[-65.211,-9.301],[-65.2072,-9.2936],[-65.2118,-9.279],[-65.2269,-9.2707],[-65.2467,-9.2577],[-65.2541,-9.261],[-65.2704,-9.2636],[-65.2842,-9.2703],[-65.2882,-9.2768],[-65.3074,-9.2915],[-65.321,-9.2991],[-65.329,-9.3011],[-65.3427,-9.3095],[-65.3512,-9.3231],[-65.3775,-9.3244],[-65.3795,-9.3328],[-65.3852,-9.338],[-65.3935,-9.3396],[-65.4001,-9.3354],[-65.4098,-9.3225],[-65.4248,-9.3184],[-65.4402,-9.3117],[-65.447,-9.3164],[-65.4491,-9.3246],[-65.4436,-9.3304],[-65.4477,-9.3458],[-65.4461,-9.3707],[-65.4473,-9.3794],[-65.4566,-9.4012],[-65.4547,-9.4086],[-65.4433,-9.4201],[-65.4414,-9.4324],[-65.4321,-9.4586],[-65.4347,-9.4663],[-65.4427,-9.4647],[-65.4567,-9.4705],[-65.4679,-9.4593],[-65.477,-9.4727],[-65.4928,-9.4737],[-65.5032,-9.47],[-65.5037,-9.4547],[-65.5066,-9.4477],[-65.5147,-9.4495],[-65.5224,-9.4469],[-65.5362,-9.4377],[-65.5482,-9.426],[-65.5717,-9.4173],[-65.5881,-9.4138],[-65.6046,-9.4166],[-65.6113,-9.4223],[-65.6416,-9.4335],[-65.6499,-9.4473],[-65.6572,-9.4493],[-65.6728,-9.4463],[-65.6794,-9.4514],[-65.6812,-9.4669],[-65.681,-9.5004],[-65.6961,-9.5077],[-65.7052,-9.5219],[-65.7141,-9.5449],[-65.7235,-9.5591],[-65.73,-9.5631],[-65.7428,-9.553],[-65.7503,-9.5536],[-65.7565,-9.569],[-65.7707,-9.5654],[-65.777,-9.5766],[-65.7915,-9.5856],[-65.8,-9.585],[-65.8054,-9.5705],[-65.8107,-9.5644],[-65.818,-9.5623],[-65.8226,-9.5457],[-65.8251,-9.5301],[-65.8408,-9.5341],[-65.8482,-9.5323],[-65.8466,-9.5164],[-65.8526,-9.5107],[-65.8604,-9.5108],[-65.8809,-9.4875],[-65.9055,-9.488],[-65.918,-9.4782],[-65.9257,-9.464],[-65.9319,-9.4476],[-65.9376,-9.4425],[-65.9516,-9.4363],[-65.9532,-9.4288],[-65.9671,-9.4201],[-65.9703,-9.4132],[-65.9864,-9.4131],[-66.0026,-9.4043],[-66.0266,-9.4008],[-66.0424,-9.4024],[-66.0465,-9.4093],[-66.0597,-9.4182],[-66.0849,-9.4148],[-66.1012,-9.414],[-66.1162,-9.409],[-66.1239,-9.4088],[-66.1544,-9.4205],[-66.159,-9.4266],[-66.1736,-9.4344],[-66.182,-9.434],[-66.2047,-9.426],[-66.2206,-9.4253],[-66.2353,-9.4309],[-66.2434,-9.4294],[-66.2597,-9.411],[-66.2678,-9.4098],[-66.2904,-9.4125],[-66.2842,-9.4322],[-66.2917,-9.4354],[-66.3075,-9.4368],[-66.3149,-9.4338],[-66.3136,-9.4261],[-66.3189,-9.42],[-66.3332,-9.4277],[-66.3416,-9.427],[-66.3458,-9.4199],[-66.3533,-9.4166],[-66.3668,-9.4252],[-66.3748,-9.4264],[-66.3806,-9.4214],[-66.4012,-9.4094],[-66.4089,-9.4069],[-66.414,-9.4137],[-66.4147,-9.4219],[-66.4093,-9.4283],[-66.3961,-9.4375],[-66.3915,-9.448],[-66.389,-9.4643],[-66.3924,-9.4841],[-66.3924,-9.5005],[-66.4034,-9.5104],[-66.4172,-9.5199],[-66.4288,-9.5332],[-66.4389,-9.5544],[-66.4566,-9.5694],[-66.4675,-9.5822],[-66.4817,-9.5905],[-66.4949,-9.6016],[-66.4968,-9.6097],[-66.4971,-9.6264],[-66.5006,-9.6336],[-66.5169,-9.639],[-66.5369,-9.6435],[-66.5426,-9.6517],[-66.5517,-9.6581],[-66.5632,-9.6604],[-66.5863,-9.6736],[-66.5949,-9.6718],[-66.6019,-9.666],[-66.6094,-9.6649],[-66.6242,-9.6808],[-66.6589,-9.7007],[-66.6658,-9.7057],[-66.6849,-9.7146],[-66.6918,-9.7339],[-66.7013,-9.7434],[-66.7254,-9.7561],[-66.7585,-9.7604],[-66.7681,-9.7583],[-66.7754,-9.7531],[-66.7821,-9.7586],[-66.7773,-9.7687],[-66.7806,-9.7914],[-66.8103,-9.818],[-66.6269,-9.898],[-66.6199,-9.894],[-66.6091,-9.8952],[-66.5876,-9.9003],[-66.5823,-9.9059],[-66.5789,-9.8948],[-66.5744,-9.8901],[-66.5589,-9.881],[-66.5489,-9.8888],[-66.5439,-9.8774],[-66.5338,-9.8852],[-66.52,-9.8852],[-66.5143,-9.8769],[-66.5006,-9.8754],[-66.502,-9.8821],[-66.4911,-9.8825],[-66.4891,-9.8707],[-66.4728,-9.8684],[-66.4649,-9.8758],[-66.4546,-9.8712],[-66.4488,-9.8719],[-66.4311,-9.8672],[-66.4249,-9.8737],[-66.4322,-9.892],[-66.4262,-9.8996],[-66.4216,-9.8951],[-66.4225,-9.8872],[-66.4129,-9.8824],[-66.4111,-9.8755],[-66.4029,-9.8688],[-66.4031,-9.8636],[-66.3823,-9.8679],[-66.3584,-9.864],[-66.3553,-9.8481],[-66.3462,-9.8394],[-66.3376,-9.8408],[-66.329,-9.8371],[-66.3195,-9.8369],[-66.3134,-9.8326],[-66.2862,-9.8447],[-66.2748,-9.8348],[-66.2633,-9.8306],[-66.2528,-9.8321],[-66.2475,-9.8206],[-66.2417,-9.822],[-66.2377,-9.8146],[-66.2281,-9.8204],[-66.2154,-9.8327],[-66.2037,-9.8346],[-66.1945,-9.8288],[-66.1966,-9.8147],[-66.1951,-9.8063],[-66.1762,-9.8033],[-66.1741,-9.7948],[-66.152,-9.7856],[-66.1461,-9.7911],[-66.141,-9.7885],[-66.1229,-9.7911],[-66.1002,-9.7847],[-66.0978,-9.7913],[-66.1014,-9.8034],[-66.0974,-9.8116],[-66.0906,-9.8128],[-66.0797,-9.7936],[-66.0871,-9.79],[-66.0711,-9.7843],[-66.0532,-9.7847],[-66.0332,-9.7889],[-66.026,-9.811],[-66.0182,-9.8108],[-66.0022,-9.7952],[-65.9987,-9.8023],[-65.9854,-9.8064],[-65.9741,-9.7979],[-65.9735,-9.7773],[-65.9672,-9.7707],[-65.9533,-9.7688],[-65.9442,-9.7604],[-65.9373,-9.7689],[-65.9308,-9.7674],[-65.919,-9.7527],[-65.913,-9.7641],[-65.904,-9.7668],[-65.8991,-9.76],[-65.8859,-9.7525],[-65.8714,-9.7534],[-65.8684,-9.762],[-65.8619,-9.7678],[-65.8679,-9.7727],[-65.8715,-9.791],[-65.865,-9.7945],[-65.8536,-9.7943],[-65.8345,-9.776],[-65.8302,-9.7674],[-65.8224,-9.7674],[-65.8169,-9.7547],[-65.8016,-9.7658],[-65.8131,-9.7724],[-65.8057,-9.7881],[-65.7935,-9.7914],[-65.7837,-9.7863],[-65.7809,-9.7721],[-65.7754,-9.7669],[-65.7795,-9.749],[-65.7779,-9.7368],[-65.7719,-9.7343],[-65.7666,-9.7396],[-65.7727,-9.7582],[-65.7562,-9.767],[-65.746,-9.7815],[-65.7365,-9.7777],[-65.7336,-9.7631],[-65.7227,-9.7566],[-65.7042,-9.7569],[-65.6979,-9.7508],[-65.685,-9.749],[-65.6852,-9.7619],[-65.6892,-9.7688],[-65.7042,-9.7638],[-65.7095,-9.7736],[-65.7034,-9.7794],[-65.7,-9.7882],[-65.7105,-9.8073],[-65.6952,-9.8122],[-65.6894,-9.7998],[-65.671,-9.7811],[-65.6666,-9.7823],[-65.6628,-9.7915],[-65.6578,-9.7938],[-65.6474,-9.7915],[-65.6457,-9.7992],[-65.6539,-9.8076],[-65.6474,-9.8158],[-65.6372,-9.8045],[-65.633,-9.8099],[-65.6322,-9.8301],[-65.6237,-9.836],[-65.6059,-9.8246],[-65.5977,-9.8276],[-65.597,-9.8419],[-65.5748,-9.8383],[-65.5679,-9.8386],[-65.558,-9.8446],[-65.5536,-9.8398],[-65.5541,-9.832],[-65.5636,-9.8216],[-65.5594,-9.8108],[-65.5532,-9.8044],[-65.5443,-9.8044],[-65.5374,-9.7989],[-65.5341,-9.7829],[-65.5135,-9.7932],[-65.5021,-9.7858],[-65.4982,-9.7784],[-65.5042,-9.7677],[-65.5043,-9.7487],[-65.5013,-9.7433],[-65.501,-9.7298],[-65.4857,-9.7292],[-65.4899,-9.713],[-65.4719,-9.7137],[-65.4505,-9.7005],[-65.4435,-9.6927],[-65.4421,-9.6797],[-65.4434,-9.6693],[-65.4311,-9.6747],[-65.4138,-9.6788],[-65.3916,-9.6876],[-65.3783,-9.6971],[-65.3569,-9.7202],[-65.3431,-9.7535],[-65.3318,-9.7724],[-65.3269,-9.7841],[-65.322,-9.8113],[-65.3169,-9.8184],[-65.293,-9.8333],[-65.2874,-9.8399],[-65.286,-9.8535],[-65.2887,-9.8657],[-65.2958,-9.8784],[-65.3123,-9.8931],[-65.3212,-9.906],[-65.3285,-9.9213],[-65.3334,-9.9375],[-65.333,-9.9443],[-65.3251,-9.9439],[-65.3173,-9.937],[-65.3037,-9.9464],[-65.2759,-9.9634],[-65.2649,-9.961],[-65.2491,-9.9615],[-65.2444,-9.965],[-65.2332,-9.9656],[-65.2299,-9.9689],[-65.2167,-9.9658],[-65.2122,-9.962],[-65.1944,-9.9622],[-65.1852,-9.9695],[-65.1827,-9.9794],[-65.1718,-9.9867],[-65.1667,-10.0002],[-65,-10.0004],[-64.9079,-10.0004],[-64.7052,-10.0004],[-64.5731,-10.0004],[-64.3412,-10.0004],[-64.3474,-9.9825],[-64.3439,-9.9755],[-64.3468,-9.97],[-64.3443,-9.9612],[-64.334,-9.9531],[-64.3348,-9.9423],[-64.3235,-9.926],[-64.3232,-9.9132],[-64.3206,-9.9063],[-64.3271,-9.8837],[-64.32,-9.8765],[-64.3233,-9.868],[-64.3122,-9.8512],[-64.2978,-9.8438],[-64.3038,-9.8367],[-64.302,-9.8319],[-64.3089,-9.8231],[-64.2964,-9.8173],[-64.2882,-9.8305],[-64.2799,-9.8352],[-64.2752,-9.8422],[-64.2666,-9.84],[-64.2602,-9.8319],[-64.2464,-9.8394],[-64.2261,-9.8478],[-64.219,-9.8388],[-64.2088,-9.8378],[-64.202,-9.8339],[-64.1874,-9.8419],[-64.1815,-9.8389],[-64.1677,-9.8264],[-64.1589,-9.8225],[-64.1366,-9.8311],[-64.1358,-9.8335],[-63.9672,-9.8335],[-63.8384,-9.8333],[-63.6853,-9.833],[-63.6851,-9.8207],[-63.6794,-9.813],[-63.6867,-9.8091],[-63.6869,-9.7999],[-63.6758,-9.7934],[-63.6715,-9.7844],[-63.6805,-9.7816],[-63.6802,-9.7668],[-63.6673,-9.7626],[-63.6626,-9.7559],[-63.6719,-9.7478],[-63.6622,-9.7322],[-63.6629,-9.7185],[-63.6537,-9.714],[-63.6535,-9.7033],[-63.646,-9.6982],[-63.64,-9.6881],[-63.6414,-9.6701],[-63.6304,-9.6682],[-63.6183,-9.6524],[-63.6255,-9.6461],[-63.6172,-9.6371],[-63.6215,-9.629],[-63.6141,-9.6153],[-63.5919,-9.596],[-63.5927,-9.5918],[-63.5852,-9.5812],[-63.5732,-9.579],[-63.567,-9.57],[-63.5661,-9.5628],[-63.5568,-9.5545],[-63.5482,-9.5508],[-63.5508,-9.5338],[-63.5629,-9.5295],[-63.5617,-9.5172],[-63.5514,-9.5118],[-63.5478,-9.5059],[-63.5682,-9.4951],[-63.5654,-9.4898],[-63.5551,-9.4894],[-63.5541,-9.4671],[-63.5616,-9.4566],[-63.5612,-9.449],[-63.5549,-9.4425],[-63.5603,-9.4332],[-63.5653,-9.4327],[-63.5764,-9.4382],[-63.576,-9.4245],[-63.5825,-9.419],[-63.5827,-9.4106],[-63.5957,-9.415],[-63.5996,-9.4228],[-63.6072,-9.424],[-63.614,-9.4186],[-63.6235,-9.4243],[-63.6283,-9.4372],[-63.6339,-9.4327],[-63.6464,-9.4317],[-63.66,-9.4416],[-63.6709,-9.4425],[-63.674,-9.4383],[-63.667,-9.4286],[-63.6861,-9.4188],[-63.6882,-9.4336],[-63.6997,-9.433],[-63.7114,-9.4487],[-63.7242,-9.4431],[-63.7339,-9.4477],[-63.7369,-9.4434],[-63.7358,-9.4315],[-63.7456,-9.4233],[-63.7363,-9.4144],[-63.7479,-9.4075],[-63.7504,-9.3965],[-63.7568,-9.3952]]]}},{"type":"Feature","properties":{"codarea":"1200401"},"geometry":{"type":"Polygon","coordinates":[[[-67.8045,-10.1979],[-67.8123,-10.1955],[-67.8021,-10.1839],[-67.8116,-10.1789],[-67.8116,-10.1695],[-67.8188,-10.1582],[-67.8138,-10.151],[-67.8219,-10.1442],[-67.8132,-10.137],[-67.8285,-10.1204],[-67.8282,-10.1085],[-67.8209,-10.1068],[-67.8173,-10.0984],[-67.8213,-10.092],[-67.8148,-10.0878],[-67.7902,-10.0958],[-67.7744,-10.1081],[-67.765,-10.1098],[-67.7388,-10.1086],[-67.6708,-10.1019],[-67.6556,-10.0902],[-67.6462,-10.0803],[-67.6375,-10.0601],[-67.6199,-10.048],[-67.6101,-10.0481],[-67.5807,-10.0692],[-67.5603,-10.0583],[-67.5525,-10.0448],[-67.5339,-10.0336],[-67.5271,-10.021],[-67.5094,-10.0252],[-67.5007,-10.0178],[-67.4983,-10.0032],[-67.4918,-10.0014],[-67.4891,-9.9868],[-67.4965,-9.9765],[-67.493,-9.9614],[-67.4925,-9.9484],[-67.4822,-9.9267],[-67.5169,-9.9063],[-67.5119,-9.8974],[-67.5131,-9.8854],[-67.522,-9.8719],[-67.5266,-9.8594],[-67.5347,-9.8521],[-67.5424,-9.8501],[-67.5553,-9.854],[-67.5683,-9.85],[-67.5815,-9.8369],[-67.5824,-9.825],[-67.5914,-9.8234],[-67.595,-9.8297],[-67.5918,-9.8415],[-67.5973,-9.8493],[-67.6083,-9.8537],[-67.6124,-9.8589],[-67.625,-9.8558],[-67.6344,-9.8623],[-67.6532,-9.8632],[-67.6723,-9.852],[-67.6735,-9.8417],[-67.6847,-9.8338],[-67.6899,-9.8363],[-67.71,-9.8364],[-67.7071,-9.817],[-67.7182,-9.8056],[-67.7028,-9.7874],[-67.7435,-9.7397],[-67.794,-9.7823],[-67.7968,-9.7705],[-67.7958,-9.762],[-67.8113,-9.767],[-67.8227,-9.7749],[-67.8271,-9.7841],[-67.8227,-9.7978],[-67.8313,-9.8084],[-67.834,-9.8199],[-67.8337,-9.833],[-67.8253,-9.8515],[-67.8292,-9.8694],[-67.8442,-9.8589],[-67.8498,-9.8597],[-67.8645,-9.8417],[-67.9011,-9.8429],[-67.9053,-9.8467],[-67.9201,-9.8469],[-67.9255,-9.8535],[-67.9305,-9.8495],[-67.9495,-9.8536],[-67.972,-9.852],[-67.9761,-9.8456],[-67.9907,-9.8544],[-68.0017,-9.8679],[-68.0289,-9.876],[-68.0367,-9.8808],[-68.0451,-9.8917],[-68.054,-9.8877],[-68.0682,-9.8949],[-68.0737,-9.9018],[-68.0861,-9.9118],[-68.087,-9.9192],[-68.0989,-9.9296],[-68.1062,-9.9311],[-68.1209,-9.9383],[-68.1348,-9.9345],[-68.1458,-9.9447],[-68.1531,-9.9611],[-68.2678,-9.8235],[-68.2738,-9.8252],[-68.2905,-9.8088],[-68.2963,-9.7971],[-68.3002,-9.7947],[-68.3252,-9.7893],[-68.3343,-9.7846],[-68.3459,-9.7868],[-68.3668,-9.7804],[-68.3901,-9.7888],[-68.394,-9.7937],[-68.3937,-9.8038],[-68.4137,-9.8104],[-68.4236,-9.8192],[-68.4284,-9.8274],[-68.4427,-9.829],[-68.4457,-9.838],[-68.4538,-9.8444],[-68.4225,-9.6917],[-68.4302,-9.6828],[-68.4345,-9.6648],[-68.442,-9.6606],[-68.4401,-9.6424],[-68.451,-9.6333],[-68.4555,-9.6252],[-68.4413,-9.6075],[-68.4272,-9.5994],[-68.4293,-9.5906],[-68.428,-9.5807],[-68.423,-9.569],[-68.4257,-9.561],[-68.418,-9.5455],[-68.4235,-9.5461],[-68.4322,-9.5404],[-68.4514,-9.5488],[-68.4536,-9.5518],[-68.4668,-9.546],[-68.4845,-9.5615],[-68.4878,-9.5709],[-68.4931,-9.5742],[-68.5025,-9.573],[-68.511,-9.5766],[-68.5141,-9.5887],[-68.5842,-9.5392],[-68.6012,-9.538],[-68.6078,-9.5052],[-68.6334,-9.5159],[-68.6727,-9.5601],[-68.7001,-9.6793],[-68.6929,-9.7504],[-68.6665,-9.841],[-68.6944,-9.8868],[-68.8014,-9.9621],[-68.8851,-10.0627],[-69.0373,-10.1644],[-69.1208,-10.2689],[-69.1724,-10.2865],[-69.3109,-10.3639],[-69.342,-10.4029],[-69.3638,-10.4631],[-69.3418,-10.4853],[-69.3222,-10.472],[-69.3126,-10.4737],[-69.3087,-10.4705],[-69.288,-10.4702],[-69.2681,-10.4585],[-69.2489,-10.4549],[-69.2469,-10.4374],[-69.2344,-10.4266],[-69.2264,-10.4238],[-69.2194,-10.415],[-69.1962,-10.4125],[-69.1882,-10.4068],[-69.1834,-10.399],[-69.1699,-10.4021],[-69.1495,-10.3973],[-69.1494,-10.385],[-69.1316,-10.385],[-68.9165,-10.385],[-68.717,-10.3849],[-68.7056,-10.3635],[-68.6974,-10.3613],[-68.6935,-10.3556],[-68.6861,-10.3582],[-68.6816,-10.3515],[-68.6851,-10.3393],[-68.6816,-10.3316],[-68.6754,-10.3285],[-68.6631,-10.3288],[-68.6573,-10.3192],[-68.6474,-10.3141],[-68.6369,-10.3042],[-68.6165,-10.3065],[-68.6032,-10.2993],[-68.5961,-10.2996],[-68.5915,-10.2936],[-68.5806,-10.2943],[-68.5787,-10.2836],[-68.5684,-10.2787],[-68.5638,-10.2728],[-68.5536,-10.2797],[-68.5421,-10.2743],[-68.5298,-10.2714],[-68.5279,-10.2579],[-68.5145,-10.2565],[-68.5074,-10.2595],[-68.4927,-10.25],[-68.4895,-10.229],[-68.4703,-10.216],[-68.4721,-10.1972],[-68.4656,-10.186],[-68.4488,-10.1841],[-68.4435,-10.1922],[-68.4543,-10.2154],[-68.4545,-10.2359],[-68.4498,-10.2529],[-68.4334,-10.2653],[-68.4172,-10.2659],[-68.4121,-10.2686],[-68.4164,-10.2775],[-68.4125,-10.2901],[-68.4124,-10.3013],[-68.4158,-10.3072],[-68.3755,-10.3116],[-68.3508,-10.3322],[-68.3545,-10.3579],[-68.3902,-10.3734],[-68.3876,-10.3795],[-68.3248,-10.3937],[-68.3275,-10.4091],[-68.3138,-10.4182],[-68.2989,-10.4111],[-68.2949,-10.4061],[-68.2806,-10.4027],[-68.278,-10.3939],[-68.272,-10.3885],[-68.2553,-10.3903],[-68.2352,-10.3868],[-68.2287,-10.3898],[-68.2196,-10.3814],[-68.2104,-10.3801],[-68.201,-10.3741],[-68.1863,-10.3825],[-68.1801,-10.3769],[-68.1556,-10.3731],[-68.1483,-10.3704],[-68.1382,-10.3746],[-68.1231,-10.3747],[-68.1169,-10.3675],[-68.102,-10.3687],[-68.092,-10.3637],[-68.0885,-10.3685],[-68.0693,-10.3836],[-68.0636,-10.3797],[-68.0498,-10.3831],[-68.0406,-10.3889],[-68.0308,-10.3789],[-68.026,-10.3696],[-68.0332,-10.366],[-68.0383,-10.3516],[-68.0166,-10.3361],[-68.0092,-10.3236],[-67.9973,-10.3159],[-67.9812,-10.317],[-67.9668,-10.3136],[-67.9599,-10.314],[-67.949,-10.301],[-67.9461,-10.2875],[-67.8466,-10.2875],[-67.8499,-10.2786],[-67.842,-10.2697],[-67.8315,-10.2736],[-67.8192,-10.2677],[-67.8316,-10.2562],[-67.8325,-10.2462],[-67.8243,-10.2443],[-67.815,-10.2334],[-67.8124,-10.2249],[-67.8164,-10.2166],[-67.8247,-10.2143],[-67.8221,-10.2063],[-67.8054,-10.204],[-67.8045,-10.1979]]]}},{"type":"Feature","properties":{"codarea":"1302603"},"geometry":{"type":"Polygon","coordinates":[[[-59.5003,-2.9719],[-59.5134,-2.9618],[-59.5212,-2.9604],[-59.5251,-2.9539],[-59.5322,-2.9512],[-59.5472,-2.9568],[-59.5795,-2.9606],[-59.5964,-2.9587],[-59.6123,-2.9608],[-59.6203,-2.9644],[-59.6372,-2.9615],[-59.648,-2.951],[-59.6627,-2.9445],[-59.7062,-2.9396],[-59.7084,-2.9313],[-59.7212,-2.9191],[-59.7286,-2.8988],[-59.7157,-2.8813],[-59.7261,-2.8676],[-59.7385,-2.8579],[-59.7382,-2.8503],[-59.75,-2.8345],[-59.7521,-2.8269],[-59.7597,-2.8222],[-59.7828,-2.8305],[-59.8035,-2.8175],[-59.8112,-2.8172],[-59.8191,-2.8034],[-59.8154,-2.7881],[-59.8192,-2.7814],[-59.8322,-2.7706],[-59.8328,-2.7506],[-59.8303,-2.7425],[-59.8335,-2.7355],[-59.8475,-2.7263],[-59.8627,-2.7218],[-59.8706,-2.7217],[-59.8761,-2.7157],[-59.8724,-2.7005],[-59.8736,-2.6839],[-59.8872,-2.6724],[-59.8963,-2.6592],[-59.9045,-2.6577],[-59.9147,-2.6168],[-59.9202,-2.6105],[-59.9424,-2.6222],[-59.9501,-2.6069],[-59.947,-2.5997],[-59.949,-2.5922],[-59.9412,-2.5783],[-59.9466,-2.5727],[-59.9625,-2.5706],[-59.967,-2.5642],[-59.9824,-2.559],[-59.9966,-2.5664],[-59.9996,-2.5494],[-60.0127,-2.5398],[-60.0174,-2.547],[-60.0333,-2.5493],[-60.0367,-2.5421],[-60.0375,-2.5163],[-60.0358,-2.5004],[-60.0244,-2.4483],[-60.0407,-2.3734],[-60.0466,-2.3283],[-60.0396,-2.2646],[-60.0279,-2.2422],[-59.9992,-2.1432],[-59.9972,-2.1343],[-60.0005,-2.1202],[-60.0125,-2.1106],[-60.0148,-2.1018],[-60.0244,-2.0986],[-60.0413,-2.0981],[-60.0509,-2.1027],[-60.0606,-2.0879],[-60.0698,-2.0877],[-60.0745,-2.0806],[-60.0835,-2.0764],[-60.0889,-2.069],[-60.0913,-2.06],[-60.1067,-2.0617],[-60.1117,-2.0556],[-60.1277,-2.0488],[-60.1402,-2.0403],[-60.1487,-2.0421],[-60.1597,-2.0276],[-60.1678,-2.0277],[-60.2047,-2.004],[-60.2185,-2],[-60.233,-2.0032],[-60.2579,-1.9893],[-60.2671,-1.9865],[-60.2785,-1.9739],[-60.2974,-1.9574],[-60.2935,-1.9416],[-60.2861,-1.9359],[-60.2811,-1.9243],[-60.3398,-1.9526],[-60.3578,-1.9545],[-60.3667,-1.9634],[-60.384,-1.972],[-60.4053,-1.9857],[-60.4126,-1.9886],[-60.4166,-1.9968],[-60.4365,-2.0004],[-60.4512,-2.0083],[-60.4625,-2.0103],[-60.4801,-2.0163],[-60.5036,-2.0175],[-60.5198,-2.0106],[-60.5275,-2.0097],[-60.5425,-2.0027],[-60.5591,-2.0057],[-60.5738,-1.9996],[-60.599,-1.9988],[-60.6078,-2.0086],[-60.6146,-2.0326],[-60.6222,-2.0463],[-60.6348,-2.0557],[-60.6427,-2.0563],[-60.6445,-2.0647],[-60.6528,-2.0663],[-60.653,-2.0739],[-60.6605,-2.0769],[-60.6682,-2.0746],[-60.675,-2.089],[-60.673,-2.0977],[-60.682,-2.1081],[-60.6736,-2.117],[-60.664,-2.1307],[-60.6755,-2.1426],[-60.6785,-2.1501],[-60.6919,-2.1593],[-60.7002,-2.1732],[-60.7078,-2.1707],[-60.7217,-2.1791],[-60.7291,-2.1762],[-60.739,-2.1894],[-60.7342,-2.1975],[-60.7274,-2.2011],[-60.7271,-2.2089],[-60.7166,-2.2208],[-60.7008,-2.221],[-60.6978,-2.2365],[-60.6921,-2.2427],[-60.6984,-2.2505],[-60.6998,-2.2593],[-60.706,-2.2656],[-60.7139,-2.2679],[-60.7185,-2.2748],[-60.7045,-2.2836],[-60.7055,-2.2923],[-60.6995,-2.3078],[-60.7114,-2.3201],[-60.7068,-2.3353],[-60.6989,-2.3393],[-60.6953,-2.3462],[-60.7007,-2.3515],[-60.7175,-2.3568],[-60.7085,-2.3709],[-60.7171,-2.374],[-60.7334,-2.3682],[-60.7357,-2.3852],[-60.746,-2.3877],[-60.7689,-2.3995],[-60.7674,-2.407],[-60.754,-2.4145],[-60.751,-2.4226],[-60.7438,-2.4304],[-60.7433,-2.4403],[-60.7495,-2.4477],[-60.7737,-2.4536],[-60.7818,-2.4608],[-60.7918,-2.4845],[-60.7961,-2.5087],[-60.7964,-2.5248],[-60.8027,-2.5392],[-60.7645,-2.7727],[-60.7564,-2.8218],[-60.7373,-2.8367],[-60.7315,-2.8428],[-60.7056,-2.8619],[-60.7015,-2.8793],[-60.6805,-2.9023],[-60.6646,-2.9142],[-60.6525,-2.9359],[-60.634,-2.9455],[-60.6206,-2.9655],[-60.6,-2.9824],[-60.5946,-2.9911],[-60.5876,-3.0172],[-60.5822,-3.0241],[-60.5686,-3.0331],[-60.5446,-3.035],[-60.532,-3.045],[-60.5173,-3.0515],[-60.5051,-3.0621],[-60.5005,-3.0734],[-60.5146,-3.0749],[-60.5191,-3.0813],[-60.5053,-3.0922],[-60.493,-3.094],[-60.4696,-3.0903],[-60.4542,-3.0779],[-60.4455,-3.0907],[-60.4308,-3.0952],[-60.3985,-3.0946],[-60.3827,-3.0981],[-60.3668,-3.0933],[-60.3289,-3.101],[-60.3153,-3.0946],[-60.3116,-3.0874],[-60.3123,-3.0797],[-60.3041,-3.0799],[-60.294,-3.0842],[-60.2902,-3.0987],[-60.2626,-3.0826],[-60.2463,-3.0799],[-60.2306,-3.0828],[-60.2156,-3.0882],[-60.202,-3.0952],[-60.1899,-3.1045],[-60.179,-3.1161],[-60.1754,-3.1235],[-60.1689,-3.1277],[-60.1445,-3.1308],[-60.1407,-3.1376],[-60.1332,-3.1388],[-60.1126,-3.1502],[-60.1004,-3.1507],[-60.09,-3.1302],[-60.0858,-3.1277],[-60.0789,-3.1351],[-60.0724,-3.1472],[-60.0743,-3.1591],[-60.0541,-3.1679],[-60.0406,-3.1591],[-60.0234,-3.1746],[-60.0155,-3.1776],[-59.9924,-3.1898],[-59.9862,-3.197],[-59.9933,-3.1995],[-60.0026,-3.1985],[-59.9914,-3.211],[-60,-3.2128],[-59.9945,-3.2222],[-59.9868,-3.2171],[-59.9708,-3.2137],[-59.9634,-3.208],[-59.9607,-3.1997],[-59.9534,-3.2028],[-59.9484,-3.1843],[-59.9438,-3.1749],[-59.9353,-3.1706],[-59.9333,-3.1614],[-59.9174,-3.152],[-59.907,-3.1378],[-59.8973,-3.1261],[-59.8688,-3.1037],[-59.8596,-3.098],[-59.8199,-3.0781],[-59.7977,-3.0701],[-59.7698,-3.0642],[-59.7468,-3.0623],[-59.7002,-3.0609],[-59.6638,-3.0724],[-59.6265,-3.0859],[-59.6002,-3.0965],[-59.5674,-3.113],[-59.5456,-3.1215],[-59.5162,-3.1263],[-59.4797,-3.1286],[-59.4381,-3.1462],[-59.391,-3.1631],[-59.379,-3.1609],[-59.3719,-3.1557],[-59.3586,-3.153],[-59.3519,-3.1456],[-59.3199,-3.1497],[-59.3104,-3.1495],[-59.2782,-3.154],[-59.2648,-3.1537],[-59.2418,-3.1621],[-59.2214,-3.176],[-59.207,-3.1797],[-59.1821,-3.177],[-59.1684,-3.1788],[-59.1599,-3.1684],[-59.1735,-3.1653],[-59.1953,-3.1569],[-59.2174,-3.1458],[-59.2469,-3.1355],[-59.2621,-3.129],[-59.2734,-3.1275],[-59.3045,-3.1319],[-59.3137,-3.1215],[-59.3231,-3.1143],[-59.3416,-3.1066],[-59.3543,-3.0908],[-59.3739,-3.0716],[-59.4051,-3.0543],[-59.4313,-3.0485],[-59.4438,-3.037],[-59.4553,-3.0297],[-59.4738,-3.0095],[-59.4855,-2.9938],[-59.5005,-2.9883],[-59.5003,-2.9719]]]}},{"type":"Feature","properties":{"codarea":"1400100"},"geometry":{"type":"Polygon","coordinates":[[[-60.6064,3.4485],[-60.6,3.4298],[-60.6011,3.4105],[-60.6048,3.4031],[-60.6126,3.4102],[-60.6196,3.4219],[-60.6266,3.4271],[-60.6466,3.4328],[-60.6542,3.4366],[-60.6666,3.4544],[-60.683,3.4636],[-60.6959,3.4734],[-60.709,3.4745],[-60.7274,3.4812],[-60.7342,3.491],[-60.7431,3.4983],[-60.7689,3.4994],[-60.7882,3.4956],[-60.801,3.4849],[-60.8138,3.483],[-60.8325,3.4839],[-60.8501,3.4776],[-60.8623,3.4819],[-60.8709,3.4823],[-60.8928,3.4769],[-60.908,3.4636],[-60.9189,3.4662],[-60.9304,3.48],[-60.949,3.4792],[-60.9582,3.473],[-60.9667,3.4715],[-60.9753,3.4644],[-60.9864,3.4604],[-60.9917,3.4522],[-61.0005,3.4479],[-61.0005,3.3035],[-61.0006,3.2075],[-61.0006,2.9235],[-61.0005,2.8284],[-61.0005,2.6817],[-60.985,2.6735],[-60.9811,2.6668],[-60.9702,2.6657],[-60.9577,2.6452],[-60.9466,2.6519],[-60.9402,2.6499],[-60.9197,2.6318],[-60.915,2.6199],[-60.915,2.6077],[-60.9125,2.5966],[-60.9133,2.5844],[-60.9172,2.5732],[-60.9175,2.5638],[-60.9255,2.5652],[-60.9288,2.5593],[-60.9269,2.5516],[-60.9444,2.5213],[-60.9211,2.5193],[-60.8936,2.5077],[-60.8936,2.4935],[-60.9125,2.4757],[-60.9091,2.4655],[-60.9024,2.4744],[-60.8922,2.4757],[-60.87,2.4621],[-60.8577,2.4485],[-60.8569,2.4432],[-60.8666,2.4382],[-60.8647,2.4341],[-60.8508,2.4285],[-60.8458,2.4293],[-60.8366,2.4377],[-60.828,2.4555],[-60.828,2.4766],[-60.8222,2.5191],[-60.8219,2.5338],[-60.8244,2.5469],[-60.8097,2.5785],[-60.7927,2.606],[-60.785,2.6207],[-60.7752,2.6435],[-60.7688,2.6527],[-60.7455,2.6763],[-60.7297,2.6977],[-60.7202,2.708],[-60.7,2.7221],[-60.6947,2.7282],[-60.6844,2.7516],[-60.6825,2.7599],[-60.6741,2.7766],[-60.6722,2.7952],[-60.665,2.8102],[-60.6494,2.8349],[-60.633,2.846],[-60.6086,2.8538],[-60.5683,2.8849],[-60.55,2.903],[-60.5411,2.9152],[-60.5261,2.9463],[-60.5044,2.9732],[-60.5002,2.9818],[-60.4972,3.0018],[-60.4838,3.0227],[-60.4741,3.0305],[-60.4527,3.0419],[-60.4438,3.0546],[-60.4399,3.0743],[-60.4178,3.1012],[-60.4124,3.1099],[-60.3972,3.1405],[-60.3838,3.1569],[-60.3758,3.163],[-60.3744,3.1707],[-60.3819,3.1771],[-60.3861,3.1863],[-60.3838,3.2027],[-60.3861,3.2138],[-60.3941,3.2238],[-60.4088,3.2552],[-60.4116,3.2691],[-60.4105,3.2796],[-60.4063,3.2893],[-60.3961,3.3005],[-60.3594,3.3096],[-60.3483,3.3152],[-60.3433,3.3224],[-60.3455,3.3363],[-60.3408,3.3469],[-60.3283,3.3591],[-60.3213,3.3691],[-60.3247,3.381],[-60.3258,3.396],[-60.3222,3.4132],[-60.3188,3.418],[-60.3025,3.4241],[-60.2972,3.4313],[-60.2997,3.438],[-60.2858,3.4496],[-60.2891,3.4641],[-60.3019,3.4766],[-60.2994,3.4866],[-60.3083,3.4913],[-60.3094,3.5038],[-60.3144,3.5093],[-60.3225,3.5071],[-60.33,3.5149],[-60.3294,3.5202],[-60.3211,3.523],[-60.3238,3.5316],[-60.3302,3.5357],[-60.3386,3.546],[-60.3447,3.546],[-60.3519,3.5516],[-60.3588,3.5418],[-60.3727,3.548],[-60.3816,3.5574],[-60.3769,3.5641],[-60.3908,3.5685],[-60.3958,3.5727],[-60.4086,3.5685],[-60.4102,3.5802],[-60.4318,3.5851],[-60.4362,3.5775],[-60.4428,3.5816],[-60.4506,3.5801],[-60.4538,3.5901],[-60.4641,3.593],[-60.4663,3.6001],[-60.4758,3.606],[-60.4834,3.6057],[-60.485,3.5939],[-60.4921,3.5813],[-60.4995,3.5754],[-60.5083,3.5729],[-60.5132,3.5674],[-60.5166,3.556],[-60.5143,3.5428],[-60.5282,3.5543],[-60.5351,3.5389],[-60.538,3.5259],[-60.553,3.5186],[-60.5541,3.5072],[-60.5466,3.5015],[-60.5505,3.4835],[-60.5541,3.478],[-60.565,3.48],[-60.5777,3.479],[-60.579,3.4698],[-60.5986,3.4572],[-60.6064,3.4485]]]}},{"type":"Feature","properties":{"codarea":"1501402"},"geometry":{"type":"Polygon","coordinates":[[[-48.6244,-1.1922],[-48.6217,-1.2035],[-48.6119,-1.2249],[-48.6005,-1.2463],[-48.5882,-1.2662],[-48.5728,-1.288],[-48.5607,-1.3004],[-48.5542,-1.3139],[-48.5477,-1.3474],[-48.5452,-1.3544],[-48.5258,-1.3778],[-48.5152,-1.3943],[-48.5113,-1.4205],[-48.5187,-1.4562],[-48.5182,-1.4686],[-48.5092,-1.4937],[-48.5111,-1.5185],[-48.5063,-1.5266],[-48.5004,-1.5182],[-48.4998,-1.5048],[-48.4925,-1.5049],[-48.4785,-1.5178],[-48.4645,-1.5226],[-48.4537,-1.5203],[-48.4354,-1.5102],[-48.4104,-1.5094],[-48.3994,-1.5032],[-48.391,-1.4958],[-48.3729,-1.49],[-48.3605,-1.4737],[-48.3511,-1.4696],[-48.3376,-1.4709],[-48.3318,-1.4669],[-48.332,-1.4629],[-48.3437,-1.4558],[-48.3455,-1.4513],[-48.357,-1.4601],[-48.3692,-1.464],[-48.3852,-1.4655],[-48.4,-1.4648],[-48.3973,-1.4493],[-48.3905,-1.4493],[-48.3843,-1.4441],[-48.3789,-1.4283],[-48.3724,-1.4255],[-48.3746,-1.4121],[-48.3906,-1.4087],[-48.3942,-1.3989],[-48.4103,-1.4073],[-48.4106,-1.3942],[-48.4176,-1.398],[-48.4243,-1.4067],[-48.43,-1.4041],[-48.4282,-1.3793],[-48.4214,-1.3693],[-48.4354,-1.346],[-48.4303,-1.3308],[-48.4262,-1.3263],[-48.4222,-1.313],[-48.4289,-1.2857],[-48.4209,-1.2733],[-48.4219,-1.2659],[-48.4276,-1.2595],[-48.4263,-1.2544],[-48.414,-1.2483],[-48.4075,-1.2386],[-48.4076,-1.2279],[-48.3945,-1.2245],[-48.3879,-1.2291],[-48.3813,-1.2392],[-48.3706,-1.2412],[-48.3655,-1.2298],[-48.353,-1.221],[-48.3514,-1.214],[-48.3449,-1.2053],[-48.3361,-1.2007],[-48.3101,-1.163],[-48.3022,-1.1565],[-48.2961,-1.1275],[-48.3018,-1.1064],[-48.3146,-1.0851],[-48.3238,-1.0597],[-48.4695,-1.0194],[-48.4931,-1.0384],[-48.4969,-1.0453],[-48.5135,-1.0661],[-48.5245,-1.0839],[-48.548,-1.1113],[-48.5745,-1.1393],[-48.6075,-1.1721],[-48.6244,-1.1922]]]}},{"type":"Feature","properties":{"codarea":"1502400"},"geometry":{"type":"Polygon","coordinates":[[[-47.9861,-1.4222],[-47.8766,-1.3182],[-47.8753,-1.3362],[-47.88,-1.3403],[-47.8779,-1.3477],[-47.8617,-1.3548],[-47.8554,-1.3698],[-47.8563,-1.3811],[-47.8537,-1.3967],[-47.843,-1.3964],[-47.8367,-1.3999],[-47.8227,-1.4024],[-47.8089,-1.3998],[-47.7868,-1.4007],[-47.7589,-1.4444],[-47.76,-1.4526],[-47.7479,-1.481],[-47.7335,-1.4743],[-47.7298,-1.4849],[-47.7104,-1.4762],[-47.7045,-1.4925],[-47.6961,-1.4893],[-47.6971,-1.4831],[-47.667,-1.4701],[-47.6634,-1.461],[-47.6672,-1.4497],[-47.6579,-1.4473],[-47.6623,-1.4342],[-47.6531,-1.4311],[-47.6561,-1.4186],[-47.6429,-1.4064],[-47.6405,-1.3945],[-47.6452,-1.3872],[-47.6384,-1.3748],[-47.7787,-1.3052],[-47.8069,-1.3026],[-47.8455,-1.2866],[-47.84,-1.2726],[-47.8421,-1.2658],[-47.8354,-1.259],[-47.8305,-1.2296],[-47.8228,-1.2301],[-47.8081,-1.2079],[-47.8131,-1.2027],[-47.8353,-1.1597],[-47.8383,-1.1305],[-47.8294,-1.1158],[-47.8268,-1.1066],[-47.8205,-1.1041],[-47.8103,-1.0812],[-47.8112,-1.0657],[-47.8188,-1.0625],[-47.8474,-1.0636],[-47.8593,-1.0596],[-47.8714,-1.0603],[-47.8795,-1.0507],[-47.8947,-1.0449],[-47.8993,-1.0468],[-47.932,-1.039],[-47.9431,-1.0388],[-47.951,-1.0411],[-47.9561,-1.0476],[-47.9749,-1.0623],[-47.9812,-1.0724],[-47.9838,-1.089],[-47.9917,-1.1029],[-48.0138,-1.1226],[-48.0215,-1.1338],[-47.9692,-1.2026],[-48.036,-1.2084],[-48.0336,-1.2503],[-48.0291,-1.3656],[-48.0301,-1.3894],[-48.0255,-1.4129],[-48.0159,-1.4229],[-47.994,-1.4248],[-47.9861,-1.4222]]]}},{"type":"Feature","properties":{"codarea":"1504208"},"geometry":{"type":"Polygon","coordinates":[[[-49.0004,-4.8331],[-49.0003,-4.9069],[-49.0254,-4.9142],[-49.0331,-4.9192],[-49.0403,-4.9404],[-49.0514,-4.9448],[-49.058,-4.9603],[-49.0543,-4.9775],[-49.0578,-4.9858],[-49.0657,-4.9953],[-49.0814,-4.9927],[-49.0822,-5.0125],[-49.088,-5.0181],[-49.1016,-5.0235],[-49.1032,-5.0312],[-49.1089,-5.0357],[-49.1108,-5.0495],[-49.1161,-5.0582],[-49.133,-5.0722],[-49.1424,-5.0777],[-49.1366,-5.0968],[-49.1398,-5.1087],[-49.1343,-5.1257],[-49.142,-5.1343],[-49.1469,-5.145],[-49.1439,-5.1563],[-49.1524,-5.1797],[-49.1475,-5.1878],[-49.1506,-5.199],[-49.1499,-5.215],[-49.1477,-5.2185],[-49.154,-5.2364],[-49.1647,-5.2573],[-49.1577,-5.2689],[-49.148,-5.2752],[-49.132,-5.2726],[-49.1276,-5.2781],[-49.1332,-5.2934],[-49.1394,-5.3],[-49.1458,-5.3118],[-49.1567,-5.3153],[-49.164,-5.321],[-49.1651,-5.3287],[-49.1719,-5.3389],[-49.183,-5.3367],[-49.192,-5.3289],[-49.2049,-5.312],[-49.223,-5.2979],[-49.2344,-5.2944],[-49.2453,-5.2841],[-49.2556,-5.2662],[-49.2709,-5.2495],[-49.2763,-5.2377],[-49.2866,-5.2272],[-49.3114,-5.1933],[-49.3274,-5.1772],[-49.3326,-5.1682],[-49.3318,-5.2009],[-49.3397,-5.2126],[-49.3321,-5.2387],[-49.3347,-5.2535],[-49.3313,-5.2642],[-49.3418,-5.2703],[-49.3613,-5.2879],[-49.3595,-5.2994],[-49.3535,-5.3097],[-49.3575,-5.3227],[-49.372,-5.3289],[-49.3821,-5.3381],[-49.3865,-5.3488],[-49.3818,-5.363],[-49.3847,-5.3737],[-49.3948,-5.3772],[-49.4034,-5.3769],[-49.4042,-5.3972],[-49.3924,-5.412],[-49.3838,-5.4189],[-49.4023,-5.4307],[-49.4095,-5.4409],[-49.4183,-5.4429],[-49.4213,-5.4498],[-49.4321,-5.4487],[-49.4448,-5.4546],[-49.4564,-5.4531],[-49.4671,-5.4572],[-49.4768,-5.4564],[-49.4795,-5.4631],[-49.4871,-5.467],[-49.5035,-5.4605],[-49.5069,-5.4504],[-49.5208,-5.449],[-49.5233,-5.4428],[-49.5374,-5.4364],[-49.5517,-5.4471],[-49.5782,-5.436],[-49.5737,-5.4284],[-49.5822,-5.4233],[-49.5945,-5.4212],[-49.6024,-5.4145],[-49.6115,-5.4125],[-49.6249,-5.4143],[-49.6273,-5.4229],[-49.6345,-5.431],[-49.6465,-5.4262],[-49.6553,-5.4267],[-49.6688,-5.4176],[-49.6786,-5.4216],[-49.6872,-5.4161],[-49.6899,-5.4058],[-49.6976,-5.4124],[-49.6955,-5.4196],[-49.7037,-5.4327],[-49.7141,-5.4301],[-49.7189,-5.436],[-49.7337,-5.4378],[-49.7419,-5.4441],[-49.7555,-5.4503],[-49.7732,-5.4528],[-49.7884,-5.45],[-49.7983,-5.443],[-49.8129,-5.4393],[-49.8175,-5.429],[-49.8277,-5.4204],[-49.8262,-5.4027],[-49.8498,-5.3921],[-49.8583,-5.3991],[-49.8751,-5.4011],[-49.8854,-5.4099],[-49.8995,-5.4104],[-49.9084,-5.4159],[-49.912,-5.4278],[-49.9325,-5.4247],[-49.9402,-5.4303],[-49.9485,-5.4257],[-49.9534,-5.4176],[-49.9692,-5.4247],[-49.9787,-5.4252],[-49.9801,-5.4308],[-49.9885,-5.4416],[-49.9966,-5.4368],[-50.0004,-5.4274],[-50.018,-5.4215],[-50.0278,-5.4132],[-50.034,-5.4155],[-50.0567,-5.4294],[-50.0686,-5.4252],[-50.0808,-5.4096],[-50.0929,-5.4118],[-50.0936,-5.404],[-50.0989,-5.3991],[-50.1177,-5.3959],[-50.1236,-5.3925],[-50.1337,-5.3954],[-50.1457,-5.3892],[-50.1499,-5.3766],[-50.1602,-5.3732],[-50.1672,-5.374],[-50.1735,-5.382],[-50.1836,-5.3791],[-50.1915,-5.3728],[-50.2074,-5.3682],[-50.2193,-5.3742],[-50.2288,-5.3663],[-50.2364,-5.3705],[-50.2409,-5.3613],[-50.248,-5.3588],[-50.2639,-5.3601],[-50.2773,-5.3501],[-50.2767,-5.3457],[-50.2858,-5.3396],[-50.288,-5.3338],[-50.2963,-5.3277],[-50.3097,-5.3324],[-50.3166,-5.3254],[-50.3282,-5.3193],[-50.3453,-5.3142],[-50.3492,-5.3062],[-50.3612,-5.3042],[-50.3767,-5.306],[-50.3816,-5.3011],[-50.3945,-5.3003],[-50.4062,-5.295],[-50.4091,-5.286],[-50.4071,-5.277],[-50.4216,-5.276],[-50.4288,-5.2706],[-50.438,-5.2734],[-50.4451,-5.2716],[-50.4644,-5.2771],[-50.4768,-5.2769],[-50.4819,-5.2649],[-50.4806,-5.2588],[-50.4988,-5.2462],[-50.5044,-5.2385],[-50.5072,-5.2252],[-50.5058,-5.2006],[-50.5027,-5.1949],[-50.5058,-5.1786],[-50.5156,-5.1784],[-50.5354,-5.1908],[-50.5435,-5.1864],[-50.5526,-5.187],[-50.556,-5.1941],[-50.5643,-5.1924],[-50.5705,-5.1969],[-50.5901,-5.1928],[-50.5985,-5.1871],[-50.6256,-5.1826],[-50.6336,-5.1825],[-50.6604,-5.1904],[-50.6693,-5.1781],[-50.6755,-5.1747],[-50.6884,-5.1748],[-50.7082,-5.17],[-50.7202,-5.1747],[-50.7196,-5.1938],[-50.7261,-5.2022],[-50.7269,-5.2098],[-50.7235,-5.2178],[-50.7356,-5.2174],[-50.7671,-5.2238],[-50.7714,-5.2373],[-50.7656,-5.2447],[-50.7661,-5.2524],[-50.7609,-5.2648],[-50.7621,-5.2812],[-50.7543,-5.308],[-50.757,-5.3133],[-50.7736,-5.3053],[-50.7918,-5.315],[-50.8006,-5.3278],[-50.7946,-5.3389],[-50.7956,-5.356],[-50.7987,-5.3621],[-50.7899,-5.3727],[-50.7908,-5.383],[-50.7857,-5.3907],[-50.7869,-5.3997],[-50.801,-5.4086],[-50.8094,-5.4113],[-50.8238,-5.4086],[-50.8327,-5.4121],[-50.8453,-5.4093],[-50.8475,-5.4152],[-50.8636,-5.4225],[-50.8636,-5.4288],[-50.8715,-5.4332],[-50.8833,-5.434],[-50.8881,-5.443],[-50.8793,-5.449],[-50.8786,-5.478],[-50.8743,-5.4915],[-50.8919,-5.4966],[-50.8964,-5.5027],[-50.9157,-5.5136],[-50.9273,-5.5159],[-50.9474,-5.5258],[-50.9487,-5.5331],[-50.9564,-5.5405],[-50.9468,-5.5601],[-50.9466,-5.5689],[-50.9516,-5.5803],[-50.9451,-5.5872],[-50.946,-5.6033],[-50.9528,-5.6143],[-50.9422,-5.6184],[-50.9379,-5.6251],[-50.9245,-5.6307],[-50.9127,-5.6282],[-50.8984,-5.6329],[-50.892,-5.6309],[-50.8782,-5.6325],[-50.8706,-5.6423],[-50.8654,-5.671],[-50.8565,-5.6807],[-50.8563,-5.6887],[-50.8471,-5.7064],[-50.8586,-5.7102],[-50.8707,-5.7057],[-50.8768,-5.7076],[-50.8825,-5.7026],[-50.899,-5.6943],[-50.9069,-5.6978],[-50.9006,-5.7052],[-50.8988,-5.7132],[-50.9041,-5.7183],[-50.9043,-5.726],[-50.9109,-5.7273],[-50.9206,-5.7404],[-50.9203,-5.7478],[-50.9153,-5.7537],[-50.9287,-5.77],[-50.9151,-5.7774],[-50.9138,-5.7812],[-50.9203,-5.7927],[-50.9393,-5.8023],[-50.9462,-5.8037],[-50.9543,-5.7898],[-50.9624,-5.7842],[-50.9729,-5.7934],[-50.9861,-5.7943],[-51.0005,-5.7838],[-51.0125,-5.7837],[-51.022,-5.787],[-51.036,-5.7774],[-51.0316,-5.7694],[-51.0433,-5.7643],[-51.0551,-5.7647],[-51.0626,-5.7717],[-51.0623,-5.7807],[-51.08,-5.7827],[-51.0864,-5.781],[-51.0892,-5.7915],[-51.1011,-5.8013],[-51.111,-5.8147],[-51.1165,-5.8277],[-51.1168,-5.8353],[-51.1119,-5.845],[-51.1058,-5.8501],[-51.1172,-5.8645],[-51.1099,-5.8753],[-51.1131,-5.8902],[-51.1233,-5.9052],[-51.1261,-5.9188],[-51.1371,-5.9182],[-51.144,-5.9249],[-51.1531,-5.9199],[-51.1643,-5.928],[-51.1612,-5.9372],[-51.1612,-5.9502],[-51.1701,-5.9563],[-51.1776,-5.9658],[-51.184,-5.9658],[-51.1914,-5.96],[-51.1987,-5.9671],[-51.2141,-5.9633],[-51.222,-5.9635],[-51.2263,-5.9733],[-51.236,-5.9761],[-51.2378,-5.9819],[-51.2318,-5.9932],[-51.2464,-5.997],[-51.2517,-5.9896],[-51.2637,-5.995],[-51.2701,-5.9905],[-51.2812,-5.9908],[-51.2843,-5.9854],[-51.3063,-5.9773],[-51.3196,-5.9665],[-51.3298,-5.9636],[-51.3455,-5.9639],[-51.3574,-5.9669],[-51.3631,-5.9848],[-51.3721,-5.9852],[-51.3785,-5.9909],[-51.3933,-6.0162],[-51.398,-6.0294],[-51.3946,-6.0381],[-51.4016,-6.0458],[-51.3916,-6.0549],[-51.3802,-6.0559],[-51.3657,-6.0483],[-51.3622,-6.0561],[-51.3481,-6.0553],[-51.3386,-6.0601],[-51.3362,-6.0668],[-51.3163,-6.0748],[-51.3105,-6.0874],[-51.3002,-6.0872],[-51.2994,-6.0945],[-51.2848,-6.103],[-51.2809,-6.1027],[-51.27,-6.1191],[-51.2687,-6.1272],[-51.262,-6.1309],[-51.2596,-6.1459],[-51.2509,-6.1552],[-51.2544,-6.162],[-51.2457,-6.1724],[-51.2239,-6.1682],[-51.2193,-6.1842],[-51.2097,-6.1813],[-51.2039,-6.1714],[-51.1867,-6.1788],[-51.1775,-6.1904],[-51.167,-6.1878],[-51.1613,-6.2005],[-51.1471,-6.207],[-51.1488,-6.2167],[-51.1395,-6.2157],[-51.1352,-6.2061],[-51.1271,-6.1997],[-51.1275,-6.1932],[-51.121,-6.1817],[-51.1197,-6.1713],[-51.1075,-6.1512],[-51.0992,-6.1427],[-51.092,-6.1255],[-51.0716,-6.1216],[-51.0636,-6.1168],[-51.0575,-6.1092],[-51.0516,-6.0944],[-51.0423,-6.0809],[-51.037,-6.0769],[-51.0337,-6.0683],[-51.026,-6.0572],[-51.0177,-6.0531],[-51.0157,-6.0475],[-51.0057,-6.0459],[-50.9986,-6.0404],[-51.0027,-6.0349],[-51.0034,-6.0215],[-50.9915,-6.0211],[-50.9851,-6.0126],[-50.9923,-6.0003],[-50.9777,-5.989],[-50.9516,-5.9763],[-50.9438,-5.9775],[-50.9367,-5.9706],[-50.9251,-5.9699],[-50.913,-5.9853],[-50.8972,-5.9869],[-50.8933,-5.9811],[-50.8705,-5.9834],[-50.8544,-5.9829],[-50.8451,-5.9787],[-50.842,-5.9737],[-50.8164,-5.9785],[-50.8016,-5.9719],[-50.7841,-5.9869],[-50.7636,-5.9829],[-50.7504,-5.9778],[-50.7454,-5.9699],[-50.7322,-5.9591],[-50.7229,-5.9547],[-50.7245,-5.9481],[-50.7173,-5.9268],[-50.7155,-5.9073],[-50.7101,-5.9008],[-50.7022,-5.899],[-50.6874,-5.915],[-50.6818,-5.919],[-50.6664,-5.9106],[-50.6502,-5.9089],[-50.6306,-5.9117],[-50.6226,-5.9165],[-50.6133,-5.916],[-50.5854,-5.9202],[-50.5757,-5.9186],[-50.5672,-5.909],[-50.5605,-5.9132],[-50.5548,-5.9113],[-50.5554,-5.9038],[-50.5443,-5.8924],[-50.5342,-5.8905],[-50.5313,-5.8813],[-50.5186,-5.8841],[-50.5123,-5.8759],[-50.4937,-5.8775],[-50.4871,-5.8705],[-50.4726,-5.8747],[-50.4654,-5.8728],[-50.4658,-5.8657],[-50.455,-5.8562],[-50.446,-5.8571],[-50.4324,-5.8627],[-50.4262,-5.858],[-50.4162,-5.8556],[-50.4042,-5.8663],[-50.3998,-5.8661],[-50.39,-5.8772],[-50.3784,-5.8776],[-50.3711,-5.8738],[-50.36,-5.8768],[-50.3438,-5.8643],[-50.3321,-5.867],[-50.3262,-5.8786],[-50.3154,-5.8803],[-50.3137,-5.8888],[-50.3038,-5.8939],[-50.2989,-5.9026],[-50.2844,-5.9077],[-50.278,-5.9062],[-50.2676,-5.9125],[-50.2469,-5.9172],[-50.2414,-5.9144],[-50.2368,-5.9059],[-50.2294,-5.9011],[-50.2223,-5.9049],[-50.2147,-5.9016],[-50.2068,-5.8835],[-50.1954,-5.8828],[-50.1807,-5.9028],[-50.169,-5.9099],[-50.1532,-5.9091],[-50.1456,-5.9063],[-50.132,-5.9156],[-50.1235,-5.9143],[-50.1193,-5.9194],[-50.1054,-5.9244],[-50.0952,-5.9215],[-50.0854,-5.9104],[-50.0814,-5.9027],[-50.0823,-5.8962],[-50.0709,-5.8922],[-50.0671,-5.8995],[-50.0563,-5.9056],[-50.0557,-5.9151],[-50.0582,-5.9314],[-50.0634,-5.937],[-50.059,-5.9416],[-50.0467,-5.9457],[-50.0175,-5.9454],[-50.0123,-5.9397],[-50.0166,-5.9289],[-50.0233,-5.9227],[-50.0224,-5.9159],[-50.0118,-5.9068],[-50.0038,-5.9098],[-49.9969,-5.9074],[-49.9935,-5.9128],[-49.9811,-5.9201],[-49.9712,-5.9182],[-49.9672,-5.9062],[-49.9596,-5.902],[-49.9607,-5.8889],[-49.9506,-5.8738],[-49.9368,-5.8715],[-49.9326,-5.8596],[-49.9053,-5.8552],[-49.8792,-5.864],[-49.8737,-5.875],[-49.8675,-5.8683],[-49.8493,-5.8576],[-49.8351,-5.8535],[-49.8259,-5.8557],[-49.8313,-5.8447],[-49.8319,-5.8362],[-49.8408,-5.8284],[-49.8239,-5.8265],[-49.8093,-5.8361],[-49.8008,-5.8274],[-49.8096,-5.8084],[-49.7993,-5.7919],[-49.7918,-5.7855],[-49.7874,-5.7986],[-49.7873,-5.8056],[-49.7805,-5.8219],[-49.7802,-5.8354],[-49.7671,-5.842],[-49.7632,-5.8471],[-49.7649,-5.8676],[-49.7689,-5.8779],[-49.7686,-5.8882],[-49.7612,-5.903],[-49.7618,-5.9147],[-49.7554,-5.9307],[-49.7447,-5.9271],[-49.7347,-5.929],[-49.7188,-5.946],[-49.7081,-5.9369],[-49.6983,-5.9419],[-49.6854,-5.933],[-49.6731,-5.9307],[-49.6625,-5.924],[-49.6607,-5.9194],[-49.6379,-5.916],[-49.6336,-5.9061],[-49.6264,-5.9091],[-49.6139,-5.9078],[-49.6079,-5.9111],[-49.6018,-5.9057],[-49.5936,-5.9037],[-49.5876,-5.898],[-49.58,-5.8961],[-49.5743,-5.8993],[-49.5631,-5.8955],[-49.5515,-5.8842],[-49.5446,-5.8837],[-49.5398,-5.8905],[-49.5304,-5.8864],[-49.5113,-5.8829],[-49.5082,-5.8894],[-49.4937,-5.8931],[-49.4764,-5.8896],[-49.4684,-5.8921],[-49.4575,-5.9016],[-49.4351,-5.9019],[-49.4326,-5.8997],[-49.415,-5.8989],[-49.409,-5.8902],[-49.4023,-5.8873],[-49.3852,-5.8712],[-49.3749,-5.8637],[-49.3578,-5.8597],[-49.3485,-5.854],[-49.3357,-5.8505],[-49.3268,-5.842],[-49.3057,-5.8308],[-49.2994,-5.825],[-49.2818,-5.8238],[-49.2684,-5.8203],[-49.2499,-5.8041],[-49.2369,-5.8009],[-49.2339,-5.7956],[-49.052,-5.8381],[-49.0337,-5.8308],[-49.021,-5.8323],[-49.0067,-5.8371],[-49.0004,-5.8349],[-48.9892,-5.8395],[-48.9835,-5.8476],[-48.9583,-5.8558],[-48.9511,-5.8641],[-48.9356,-5.8733],[-48.9297,-5.8808],[-48.9222,-5.8787],[-48.9169,-5.8817],[-48.9138,-5.8918],[-48.8987,-5.8988],[-48.8936,-5.9046],[-48.894,-5.9192],[-48.8876,-5.9319],[-48.8802,-5.9344],[-48.8776,-5.9434],[-48.8704,-5.9492],[-48.8642,-5.9478],[-48.8522,-5.9651],[-48.7948,-5.9157],[-48.7312,-5.8601],[-48.7285,-5.8513],[-48.7329,-5.8453],[-48.7465,-5.8474],[-48.7512,-5.8418],[-48.7656,-5.8379],[-48.7828,-5.8245],[-48.8075,-5.8124],[-48.8168,-5.8062],[-48.8222,-5.7962],[-48.8275,-5.7929],[-48.8422,-5.7726],[-48.8513,-5.7556],[-48.8588,-5.7516],[-48.8684,-5.7314],[-48.8781,-5.7212],[-48.8774,-5.7156],[-48.8867,-5.706],[-48.8904,-5.6888],[-48.9335,-5.6538],[-48.9407,-5.6327],[-48.9439,-5.6303],[-48.9435,-5.6158],[-48.9389,-5.6082],[-48.9454,-5.6016],[-48.942,-5.5957],[-48.9453,-5.5841],[-48.9444,-5.5688],[-48.9412,-5.5621],[-48.9447,-5.5529],[-48.9396,-5.536],[-48.945,-5.5307],[-48.9415,-5.5236],[-48.9511,-5.5142],[-48.9553,-5.5142],[-48.9618,-5.5047],[-48.9693,-5.4983],[-48.9764,-5.5007],[-48.9841,-5.4934],[-48.9888,-5.4845],[-49.0153,-5.4601],[-49.0094,-5.456],[-49.0119,-5.447],[-49.0083,-5.4352],[-49.0072,-5.4224],[-49.0121,-5.4172],[-49.0055,-5.4102],[-49.0085,-5.3936],[-49.0163,-5.3886],[-49.0145,-5.3766],[-49.0104,-5.3686],[-49.0263,-5.3598],[-49.0335,-5.3522],[-49.0356,-5.3366],[-49.0391,-5.3316],[-49.0281,-5.3277],[-49.0191,-5.3214],[-49.0074,-5.3088],[-49.0005,-5.297],[-48.9969,-5.2866],[-48.9926,-5.2833],[-48.9906,-5.2767],[-48.9833,-5.2696],[-48.9943,-5.2622],[-48.9934,-5.2483],[-49.0006,-5.2361],[-49.0091,-5.2085],[-49.0151,-5.205],[-49.021,-5.1867],[-49.0221,-5.1765],[-49.0177,-5.1502],[-49.0128,-5.1446],[-49.0082,-5.1316],[-49.0024,-5.1231],[-49.0039,-5.1171],[-49.0004,-5.1082],[-49.0029,-5.0821],[-49.0072,-5.0744],[-49.0064,-5.0674],[-49.0121,-5.0625],[-49.0136,-5.0555],[-49.026,-5.0449],[-49.0274,-5.0388],[-49.0239,-5.0207],[-49.0184,-5.0132],[-49.0171,-4.9966],[-49.0142,-4.9869],[-48.9973,-4.9729],[-48.9813,-4.9708],[-48.9673,-4.9775],[-48.951,-4.9723],[-48.9353,-4.9708],[-48.9294,-4.9644],[-48.9189,-4.9613],[-48.9316,-4.9462],[-48.9533,-4.9202],[-49.0004,-4.8331]]]}},{"type":"Feature","properties":{"codarea":"1506807"},"geometry":{"type":"Polygon","coordinates":[[[-54.8324,-2.6611],[-54.7764,-2.6611],[-54.7389,-2.65],[-54.7186,-2.6042],[-54.7181,-2.5936],[-54.625,-2.6208],[-54.6111,-2.6425],[-54.6003,-2.6536],[-54.5653,-2.6727],[-54.5563,-2.6859],[-54.5494,-2.7026],[-54.5318,-2.7153],[-54.5236,-2.7235],[-54.5125,-2.7424],[-54.4963,-2.7596],[-54.4819,-2.7785],[-54.4668,-2.787],[-54.4423,-2.7829],[-54.4278,-2.7864],[-54.419,-2.7864],[-54.3898,-2.7811],[-54.3667,-2.7875],[-54.3676,-2.7924],[-54.3589,-2.8008],[-54.3551,-2.8105],[-54.3542,-2.8208],[-54.3454,-2.8386],[-54.3436,-2.8542],[-54.3334,-2.8597],[-54.3301,-2.8649],[-54.3304,-2.8743],[-54.3098,-2.8792],[-54.3028,-2.8777],[-54.2944,-2.8864],[-54.25,-2.9522],[-54.2582,-2.9586],[-54.2612,-2.9828],[-54.2584,-2.9938],[-54.2603,-2.9992],[-54.225,-3.075],[-54.2298,-3.0884],[-54.2269,-3.0969],[-54.2306,-3.1106],[-54.2241,-3.1225],[-54.2231,-3.1331],[-54.2283,-3.1378],[-54.2402,-3.1394],[-54.2474,-3.1432],[-54.2503,-3.1529],[-54.2489,-3.1667],[-54.2489,-3.2665],[-54.2394,-3.2631],[-54.2367,-3.2555],[-54.2239,-3.2452],[-54.2139,-3.2334],[-54.2079,-3.2091],[-54.1927,-3.1983],[-54.174,-3.1955],[-54.1573,-3.1902],[-54.1491,-3.1853],[-54.1099,-3.1704],[-54.0997,-3.1634],[-54.0966,-3.1567],[-54.1029,-3.1323],[-54.0895,-3.1241],[-54.07,-3.1144],[-54.064,-3.1024],[-54.0629,-3.0926],[-54.0583,-3.0846],[-54.0507,-3.0825],[-54.0454,-3.0485],[-54.0464,-3.0251],[-54.046,-2.9988],[-54.0574,-2.9855],[-54.0782,-2.9725],[-54.0888,-2.961],[-54.099,-2.9351],[-54.1025,-2.9206],[-54.1013,-2.9025],[-54.103,-2.8865],[-54.1122,-2.8865],[-54.1106,-2.7754],[-54.1116,-2.7546],[-54.1294,-2.7397],[-54.1408,-2.732],[-54.149,-2.7298],[-54.1589,-2.7229],[-54.1607,-2.7161],[-54.151,-2.7125],[-54.1484,-2.7016],[-54.1574,-2.6926],[-54.1662,-2.6885],[-54.163,-2.6748],[-54.1701,-2.664],[-54.1799,-2.6612],[-54.1853,-2.6521],[-54.1785,-2.6403],[-54.1832,-2.6289],[-54.1951,-2.6212],[-54.2118,-2.6168],[-54.2272,-2.6036],[-54.24,-2.5968],[-54.2522,-2.5865],[-54.2546,-2.5785],[-54.2483,-2.55],[-54.2429,-2.5377],[-54.2406,-2.525],[-54.2429,-2.5152],[-54.231,-2.5038],[-54.23,-2.4919],[-54.2263,-2.4818],[-54.2287,-2.4736],[-54.2373,-2.461],[-54.2522,-2.4516],[-54.2603,-2.4364],[-54.2601,-2.4252],[-54.2659,-2.4154],[-54.2789,-2.4094],[-54.3111,-2.4015],[-54.3282,-2.3995],[-54.3322,-2.3912],[-54.4355,-2.2304],[-54.5102,-2.1141],[-54.5123,-2.1094],[-54.5231,-2.1065],[-54.5325,-2.0979],[-54.5514,-2.0886],[-54.5792,-2.0837],[-54.5968,-2.0794],[-54.6161,-2.0781],[-54.658,-2.0801],[-54.6927,-2.0827],[-54.7194,-2.0805],[-54.7388,-2.0715],[-54.7458,-2.0791],[-54.755,-2.0978],[-54.7645,-2.1071],[-54.7843,-2.1175],[-54.8121,-2.1244],[-54.8278,-2.14],[-54.8429,-2.1416],[-54.888,-2.1291],[-54.9085,-2.1275],[-54.9219,-2.128],[-54.9395,-2.1323],[-54.9685,-2.1483],[-54.9888,-2.1616],[-55.0331,-2.1628],[-55.064,-2.1662],[-55.0949,-2.1669],[-55.0933,-2.1806],[-55.0718,-2.2212],[-55.0699,-2.2328],[-55.0817,-2.2447],[-55.1034,-2.2567],[-55.128,-2.2632],[-55.144,-2.2619],[-55.1615,-2.2561],[-55.1763,-2.2464],[-55.1857,-2.2349],[-55.1977,-2.2268],[-55.235,-2.217],[-55.2839,-2.2159],[-55.2938,-2.2139],[-55.3111,-2.2044],[-55.321,-2.1928],[-55.3311,-2.1899],[-55.3486,-2.1812],[-55.3592,-2.1741],[-55.3613,-2.1672],[-55.3601,-2.1538],[-55.3708,-2.1376],[-55.3908,-2.1311],[-55.4068,-2.1301],[-55.4689,-2.1317],[-55.4873,-2.1345],[-55.5005,-2.1388],[-55.5237,-2.1552],[-55.5415,-2.1625],[-55.5535,-2.1655],[-55.5653,-2.1644],[-55.5766,-2.1703],[-55.5899,-2.1656],[-55.5892,-2.1559],[-55.6133,-2.1563],[-55.6216,-2.1583],[-55.6187,-2.1831],[-55.6212,-2.1905],[-55.6322,-2.1948],[-55.6478,-2.1941],[-55.6597,-2.1971],[-55.6681,-2.2266],[-55.6766,-2.2357],[-55.6868,-2.2426],[-55.6923,-2.2623],[-55.7015,-2.269],[-55.7135,-2.2701],[-55.7198,-2.2775],[-55.7373,-2.284],[-55.7467,-2.2976],[-55.7559,-2.2921],[-55.7673,-2.2973],[-55.774,-2.2976],[-55.7944,-2.3254],[-55.8049,-2.3271],[-55.8133,-2.3337],[-55.816,-2.3617],[-55.8191,-2.3766],[-55.8655,-2.4551],[-55.9468,-2.5921],[-56.0013,-2.6835],[-56.3446,-3.2648],[-55.8857,-3.2514],[-55.8003,-3.2489],[-55.3751,-3.2363],[-55.3581,-3.235],[-55.3469,-3.2217],[-55.3358,-3.2216],[-55.3286,-3.2273],[-55.3201,-3.2256],[-55.3003,-3.2347],[-55.2917,-3.2403],[-55.2339,-3.2419],[-55.2109,-3.174],[-55.1927,-3.1138],[-55.1866,-3.0907],[-55.1784,-3.0514],[-55.173,-3.0175],[-55.1616,-2.9787],[-55.1349,-2.9201],[-55.127,-2.9008],[-55.1138,-2.8613],[-55.1023,-2.8203],[-55.0969,-2.7818],[-55.0941,-2.7516],[-55.0914,-2.7357],[-55.0824,-2.6944],[-55.079,-2.663],[-55.0731,-2.6318],[-55.0642,-2.5777],[-55.0584,-2.5493],[-55.0004,-2.5476],[-54.9748,-2.5475],[-54.9675,-2.5505],[-54.9562,-2.5494],[-54.9583,-2.5707],[-54.8301,-2.5706],[-54.8302,-2.5941],[-54.8221,-2.5981],[-54.8137,-2.6068],[-54.8077,-2.6193],[-54.8065,-2.6271],[-54.8093,-2.6401],[-54.7992,-2.646],[-54.8303,-2.6535],[-54.8324,-2.6611]]]}},{"type":"Feature","properties":{"codarea":"1600303"},"geometry":{"type":"Polygon","coordinates":[[[-50.6448,0.2087],[-50.7047,0.2985],[-50.7094,0.3206],[-50.7171,0.3263],[-50.7042,0.3421],[-50.6959,0.3359],[-50.6875,0.3386],[-50.6813,0.3502],[-50.6856,0.359],[-50.6841,0.3805],[-50.69,0.3782],[-50.6935,0.3846],[-50.6999,0.3826],[-50.7075,0.386],[-50.6991,0.3979],[-50.6893,0.3985],[-50.682,0.4123],[-50.6894,0.4213],[-50.6998,0.4165],[-50.7053,0.4178],[-50.7055,0.4257],[-50.697,0.4373],[-50.7084,0.4397],[-50.7138,0.4477],[-50.7216,0.4495],[-50.7229,0.4608],[-50.7295,0.4594],[-50.7311,0.4745],[-50.7405,0.4722],[-50.7514,0.4814],[-50.7561,0.4988],[-50.7511,0.5086],[-50.7607,0.5078],[-50.7595,0.5162],[-50.7655,0.5196],[-50.7617,0.5271],[-50.7628,0.5348],[-50.7696,0.5441],[-50.7766,0.5456],[-50.7881,0.5379],[-50.7959,0.5249],[-50.8011,0.5221],[-50.8075,0.5266],[-50.8137,0.54],[-50.8239,0.5527],[-50.8344,0.5514],[-50.8474,0.5567],[-50.845,0.5665],[-50.8667,0.5781],[-50.877,0.5792],[-50.8871,0.575],[-50.8971,0.5651],[-50.9067,0.5679],[-50.9078,0.5921],[-50.9101,0.6017],[-50.9199,0.6242],[-50.9203,0.6376],[-50.9255,0.649],[-50.9346,0.6542],[-50.9406,0.6699],[-50.9241,0.6736],[-50.9153,0.6849],[-50.908,0.6861],[-50.891,0.6747],[-50.8502,0.7554],[-50.8403,0.7518],[-50.828,0.7518],[-50.823,0.7387],[-50.8141,0.7333],[-50.8089,0.7215],[-50.7849,0.7029],[-50.7776,0.6959],[-50.777,0.6847],[-50.758,0.6608],[-50.7492,0.6536],[-50.747,0.6431],[-50.7331,0.6417],[-50.7263,0.6384],[-50.7137,0.6426],[-50.7008,0.6126],[-50.6864,0.6131],[-50.6801,0.6207],[-50.6792,0.6295],[-50.6722,0.6293],[-50.6694,0.6139],[-50.6576,0.6054],[-50.6594,0.5995],[-50.653,0.5929],[-50.6443,0.603],[-50.6491,0.6063],[-50.6419,0.6166],[-50.6408,0.6236],[-50.6318,0.6249],[-50.625,0.6345],[-50.6271,0.641],[-50.623,0.6697],[-50.6265,0.6758],[-50.6259,0.6881],[-50.6163,0.6923],[-50.6155,0.6996],[-50.6223,0.707],[-50.6201,0.7118],[-50.6208,0.7344],[-50.6144,0.7521],[-50.601,0.7516],[-50.5944,0.7468],[-50.5805,0.7425],[-50.5796,0.7345],[-50.5684,0.7439],[-50.5723,0.7508],[-50.5702,0.7701],[-50.5553,0.7651],[-50.5483,0.768],[-50.5286,0.7597],[-50.5175,0.7622],[-50.4978,0.7542],[-50.4939,0.7393],[-50.4853,0.7383],[-50.4806,0.7301],[-50.4726,0.7316],[-50.4567,0.7299],[-50.4568,0.7161],[-50.4515,0.7055],[-50.439,0.6957],[-50.437,0.6852],[-50.4397,0.674],[-50.4452,0.6688],[-50.4429,0.6617],[-50.4099,0.6233],[-50.3979,0.6326],[-50.3586,0.6601],[-50.3472,0.6668],[-50.3286,0.6743],[-50.2938,0.6833],[-50.2587,0.6908],[-50.2261,0.6962],[-50.2312,0.7301],[-50.2204,0.7431],[-50.2117,0.7462],[-50.1962,0.7482],[-50.1661,0.7544],[-50.1534,0.7497],[-50.1119,0.7604],[-50.0974,0.767],[-50.0717,0.7962],[-50.0368,0.8325],[-50.0254,0.8481],[-50.0203,0.8588],[-50.0112,0.8643],[-49.9954,0.8702],[-49.9884,0.8748],[-49.9861,0.8833],[-49.9922,0.8961],[-50.0025,0.9064],[-49.989,0.9395],[-49.9668,0.9437],[-49.9441,0.9594],[-49.9345,0.971],[-49.9274,0.9847],[-49.9094,0.9994],[-49.8898,1.0136],[-49.8847,1.0471],[-49.8857,1.0661],[-49.8836,1.0776],[-49.8863,1.0879],[-49.8861,1.1112],[-49.8831,1.1691],[-49.8945,1.1822],[-49.8976,1.1916],[-49.8971,1.2063],[-49.9003,1.2129],[-49.9016,1.2403],[-49.9487,1.232],[-49.9879,1.2218],[-50.0418,1.2142],[-50.0672,1.2168],[-50.069,1.2022],[-50.0816,1.1743],[-50.0919,1.1574],[-50.1002,1.1533],[-50.1114,1.1397],[-50.1204,1.1404],[-50.1393,1.1295],[-50.1409,1.1176],[-50.1488,1.1026],[-50.1621,1.1029],[-50.1783,1.0982],[-50.1895,1.0793],[-50.1898,1.0649],[-50.1931,1.0589],[-50.1862,1.0505],[-50.2301,1.0123],[-50.3073,0.9443],[-50.3273,0.9448],[-50.3393,0.9266],[-50.3417,0.9256],[-50.3576,0.9343],[-50.3606,0.9401],[-50.37,0.939],[-50.3691,0.9315],[-50.3812,0.9245],[-50.3862,0.9328],[-50.3944,0.9315],[-50.401,0.9355],[-50.4058,0.949],[-50.4125,0.9576],[-50.4206,0.9606],[-50.4294,0.9519],[-50.4367,0.9493],[-50.4358,0.9412],[-50.4395,0.9301],[-50.4492,0.9322],[-50.4564,0.9218],[-50.4656,0.9176],[-50.4787,0.9261],[-50.4904,0.9255],[-50.4994,0.9278],[-50.5062,0.9222],[-50.5016,0.9172],[-50.5038,0.9104],[-50.514,0.8979],[-50.519,0.8956],[-50.52,0.887],[-50.5345,0.8732],[-50.5464,0.8766],[-50.5591,0.8705],[-50.5688,0.8761],[-50.5775,0.8738],[-50.5882,0.8628],[-50.5965,0.8708],[-50.6007,0.8873],[-50.6071,0.8919],[-50.6156,0.8612],[-50.6222,0.8694],[-50.6456,0.8742],[-50.6474,0.8789],[-50.6609,0.8689],[-50.6668,0.8541],[-50.6653,0.8498],[-50.6739,0.8423],[-50.6946,0.8334],[-50.702,0.8225],[-50.717,0.8172],[-50.7437,0.8191],[-50.751,0.8258],[-50.7575,0.8227],[-50.7688,0.8225],[-50.7841,0.8311],[-50.7861,0.8386],[-50.7954,0.8436],[-50.8043,0.8408],[-50.8182,0.8263],[-50.8482,0.819],[-50.8634,0.8084],[-50.879,0.7999],[-50.8868,0.798],[-50.8866,0.7733],[-50.9,0.7866],[-50.9144,0.774],[-50.9158,0.7675],[-50.9108,0.7527],[-50.9047,0.7421],[-50.9132,0.7281],[-50.974,0.6962],[-50.9798,0.6866],[-50.9816,0.6774],[-50.9899,0.6685],[-50.9956,0.6443],[-50.9881,0.626],[-50.988,0.6047],[-50.9967,0.5967],[-51.0005,0.5732],[-50.9921,0.5644],[-50.9871,0.5502],[-50.979,0.5483],[-50.9737,0.5389],[-50.9516,0.524],[-50.9426,0.5242],[-50.9252,0.5146],[-50.9409,0.4965],[-50.9585,0.5018],[-50.9702,0.4997],[-50.976,0.5029],[-50.9932,0.4956],[-51.0019,0.4965],[-51.0107,0.4798],[-51.0154,0.4561],[-51.0293,0.4594],[-51.0331,0.4533],[-51.0302,0.428],[-51.0402,0.43],[-51.0483,0.4233],[-51.0559,0.4378],[-51.061,0.4423],[-51.0809,0.4374],[-51.0936,0.4278],[-51.1002,0.4153],[-51.1071,0.411],[-51.1169,0.394],[-51.114,0.3853],[-51.1166,0.376],[-51.1263,0.3607],[-51.128,0.3483],[-51.1327,0.3452],[-51.1366,0.3345],[-51.1305,0.328],[-51.1282,0.3181],[-51.1389,0.309],[-51.1427,0.3138],[-51.1608,0.3176],[-51.1697,0.3134],[-51.1764,0.3068],[-51.1917,0.3176],[-51.2064,0.3171],[-51.2123,0.343],[-51.2064,0.3571],[-51.2095,0.3695],[-51.2075,0.3779],[-51.2174,0.3982],[-51.236,0.4043],[-51.2387,0.4133],[-51.2446,0.4148],[-51.2476,0.4266],[-51.2595,0.4435],[-51.2629,0.4537],[-51.2769,0.4539],[-51.2878,0.4626],[-51.3026,0.4659],[-51.3102,0.4745],[-51.3218,0.4746],[-51.3318,0.4667],[-51.3457,0.4753],[-51.3685,0.487],[-51.3843,0.4895],[-51.4023,0.4845],[-51.4114,0.4843],[-51.4169,0.4944],[-51.4255,0.5035],[-51.4419,0.5097],[-51.4494,0.5041],[-51.4609,0.5058],[-51.4649,0.4979],[-51.4708,0.4946],[-51.4692,0.4831],[-51.4742,0.4761],[-51.4855,0.479],[-51.4931,0.4679],[-51.4817,0.4645],[-51.4755,0.448],[-51.4789,0.4424],[-51.4878,0.4408],[-51.4909,0.4333],[-51.4743,0.4262],[-51.4639,0.4269],[-51.457,0.4082],[-51.4577,0.393],[-51.4527,0.3869],[-51.4461,0.3713],[-51.4347,0.3648],[-51.4154,0.3673],[-51.4102,0.3586],[-51.402,0.3527],[-51.3898,0.337],[-51.3856,0.3129],[-51.3808,0.3069],[-51.3731,0.3071],[-51.3621,0.2929],[-51.3616,0.2865],[-51.3454,0.2681],[-51.3435,0.2569],[-51.3389,0.2499],[-51.3379,0.239],[-51.3337,0.2386],[-51.3253,0.2278],[-51.3176,0.2246],[-51.3079,0.2115],[-51.2903,0.2043],[-51.2919,0.1968],[-51.2783,0.1869],[-51.2706,0.1639],[-51.2592,0.1652],[-51.2524,0.1743],[-51.2468,0.1718],[-51.227,0.173],[-51.2214,0.1675],[-51.199,0.162],[-51.1903,0.1563],[-51.189,0.1413],[-51.1861,0.134],[-51.192,0.1131],[-51.1944,0.0978],[-51.1984,0.0906],[-51.2113,0.0768],[-51.2215,0.0758],[-51.2182,0.0668],[-51.2238,0.0592],[-51.2362,0.057],[-51.2436,0.0479],[-51.2433,0.0406],[-51.2488,0.0327],[-51.2423,0.03],[-51.2295,0.0332],[-51.2352,0.0176],[-51.2294,0.0127],[-51.2206,0.0153],[-51.2041,0.0087],[-51.2036,0],[-51.1052,0],[-51.1065,-0.0114],[-51.1188,-0.0178],[-51.1337,-0.0224],[-51.1447,-0.0332],[-51.1364,-0.0453],[-51.1406,-0.0568],[-51.1184,-0.0975],[-51.0924,-0.0889],[-51.0808,-0.0864],[-51.0689,-0.0791],[-51.0396,-0.0435],[-51.0173,-0.0107],[-51.0075,-0.0003],[-50.9969,0.0035],[-50.9851,0.0294],[-50.9748,0.0418],[-50.9462,0.0627],[-50.9211,0.0761],[-50.8719,0.0892],[-50.849,0.0943],[-50.7848,0.1121],[-50.762,0.121],[-50.7435,0.1305],[-50.7188,0.147],[-50.701,0.1616],[-50.6682,0.185],[-50.6448,0.2087]]]}},{"type":"Feature","properties":{"codarea":"1702109"},"geometry":{"type":"Polygon","coordinates":[[[-48.1392,-7.1227],[-48.1976,-7.1467],[-48.1807,-7.1273],[-48.1889,-7.1209],[-48.194,-7.1092],[-48.1901,-7.0927],[-48.191,-7.0804],[-48.1971,-7.0762],[-48.1968,-7.0661],[-48.1897,-7.0552],[-48.1945,-7.044],[-48.1917,-7.0336],[-48.1837,-7.0195],[-48.1843,-7.0151],[-48.2059,-7.0084],[-48.2123,-6.9998],[-48.225,-6.9893],[-48.239,-6.9875],[-48.2421,-6.9906],[-48.2548,-6.9906],[-48.2722,-6.9762],[-48.2795,-6.9777],[-48.2853,-6.9732],[-48.2901,-6.9634],[-48.2867,-6.959],[-48.2861,-6.9486],[-48.2927,-6.9409],[-48.2986,-6.9437],[-48.2968,-6.9609],[-48.303,-6.9692],[-48.3047,-6.9852],[-48.3086,-6.986],[-48.3087,-7.0064],[-48.3052,-7.0248],[-48.309,-7.031],[-48.2976,-7.0394],[-48.2964,-7.0468],[-48.3024,-7.0626],[-48.3094,-7.0709],[-48.3036,-7.0803],[-48.3049,-7.1018],[-48.3121,-7.1002],[-48.3155,-7.1068],[-48.306,-7.1133],[-48.3056,-7.1198],[-48.333,-7.1394],[-48.3434,-7.1345],[-48.3644,-7.143],[-48.3718,-7.1363],[-48.3793,-7.139],[-48.3954,-7.1385],[-48.4047,-7.145],[-48.4241,-7.1468],[-48.4272,-7.152],[-48.43,-7.1581],[-48.4395,-7.1623],[-48.4401,-7.1765],[-48.4476,-7.1811],[-48.4545,-7.1901],[-48.4602,-7.1885],[-48.4696,-7.2],[-48.4711,-7.2053],[-48.4798,-7.211],[-48.4876,-7.2124],[-48.48,-7.2359],[-48.4853,-7.2415],[-48.4809,-7.2511],[-48.4816,-7.2574],[-48.4941,-7.2741],[-48.5023,-7.2815],[-48.5037,-7.2892],[-48.5168,-7.3009],[-48.5445,-7.3115],[-48.5561,-7.293],[-48.5638,-7.2891],[-48.5622,-7.2766],[-48.6852,-7.282],[-48.6896,-7.2727],[-48.7129,-7.27],[-48.7165,-7.2739],[-48.7291,-7.2736],[-48.753,-7.2634],[-48.7614,-7.2687],[-48.771,-7.2654],[-48.7845,-7.2673],[-48.7914,-7.2655],[-48.8029,-7.2669],[-48.8065,-7.2628],[-48.8143,-7.2655],[-48.8271,-7.2629],[-48.8394,-7.2633],[-48.8526,-7.2607],[-48.8589,-7.246],[-48.871,-7.2452],[-48.8771,-7.2543],[-48.8893,-7.2469],[-48.8981,-7.2453],[-48.9035,-7.2408],[-48.9099,-7.2423],[-48.919,-7.2344],[-48.9307,-7.2297],[-48.9395,-7.2335],[-48.9645,-7.231],[-48.9729,-7.2333],[-48.9901,-7.2422],[-48.9968,-7.2512],[-49.0092,-7.2531],[-49.0156,-7.2614],[-49.0208,-7.2537],[-49.0285,-7.2539],[-49.0367,-7.2463],[-49.046,-7.2454],[-49.0614,-7.2323],[-49.0706,-7.2272],[-49.0926,-7.2253],[-49.1055,-7.2214],[-49.1063,-7.2175],[-49.1193,-7.2083],[-49.1245,-7.2104],[-49.1334,-7.2064],[-49.1437,-7.2064],[-49.1578,-7.2015],[-49.1652,-7.2038],[-49.1803,-7.1948],[-49.1864,-7.1967],[-49.1832,-7.2146],[-49.1853,-7.2352],[-49.1902,-7.2458],[-49.2068,-7.2707],[-49.2129,-7.2908],[-49.2259,-7.3165],[-49.2339,-7.3289],[-49.2543,-7.3494],[-49.264,-7.3642],[-49.2566,-7.3718],[-49.2541,-7.3937],[-49.2584,-7.4189],[-49.2486,-7.4341],[-49.2388,-7.4453],[-49.2386,-7.4583],[-49.241,-7.4807],[-49.2387,-7.4882],[-49.2313,-7.4862],[-49.2168,-7.4897],[-49.2058,-7.4974],[-49.2023,-7.5031],[-49.1875,-7.495],[-49.1751,-7.4982],[-49.1623,-7.4963],[-49.1411,-7.4996],[-49.1281,-7.4967],[-49.1218,-7.5019],[-49.1097,-7.4992],[-49.0925,-7.5013],[-49.07,-7.502],[-49.0643,-7.4984],[-49.054,-7.5014],[-49.044,-7.4997],[-49.0307,-7.5058],[-49.0158,-7.5039],[-49.0117,-7.5],[-49.0051,-7.477],[-48.9913,-7.4647],[-48.9879,-7.4655],[-48.9712,-7.4511],[-48.9619,-7.4458],[-48.9605,-7.4406],[-48.952,-7.4405],[-48.9441,-7.4323],[-48.9388,-7.4393],[-48.943,-7.4431],[-48.9414,-7.454],[-48.9353,-7.4599],[-48.9247,-7.4811],[-48.9174,-7.4743],[-48.9126,-7.4634],[-48.9058,-7.4584],[-48.8921,-7.4538],[-48.8837,-7.4446],[-48.8624,-7.4495],[-48.8574,-7.4477],[-48.8513,-7.4544],[-48.8376,-7.4516],[-48.8296,-7.4561],[-48.8221,-7.4463],[-48.8221,-7.441],[-48.8097,-7.4406],[-48.8029,-7.4443],[-48.7946,-7.4623],[-48.7849,-7.4701],[-48.7896,-7.4794],[-48.7874,-7.4846],[-48.7782,-7.486],[-48.7719,-7.4834],[-48.765,-7.4901],[-48.7544,-7.4847],[-48.7405,-7.4867],[-48.7271,-7.4969],[-48.7204,-7.4975],[-48.7058,-7.4903],[-48.6857,-7.4881],[-48.6741,-7.4901],[-48.6623,-7.4985],[-48.6575,-7.5048],[-48.6489,-7.5045],[-48.6454,-7.4995],[-48.6366,-7.4966],[-48.62,-7.5038],[-48.6108,-7.5174],[-48.6284,-7.5282],[-48.6315,-7.5386],[-48.625,-7.5424],[-48.6177,-7.539],[-48.61,-7.5475],[-48.6118,-7.557],[-48.5918,-7.5625],[-48.5956,-7.5482],[-48.6005,-7.5416],[-48.6009,-7.5219],[-48.5943,-7.5183],[-48.5864,-7.4913],[-48.5908,-7.4744],[-48.5888,-7.4613],[-48.5905,-7.4461],[-48.5812,-7.4453],[-48.5778,-7.454],[-48.57,-7.4473],[-48.5519,-7.4482],[-48.534,-7.4445],[-48.5289,-7.4451],[-48.519,-7.4394],[-48.5012,-7.4403],[-48.4808,-7.4503],[-48.4801,-7.4578],[-48.4853,-7.4643],[-48.4709,-7.4836],[-48.4595,-7.4852],[-48.4469,-7.4988],[-48.4378,-7.5],[-48.4343,-7.5042],[-48.4208,-7.4938],[-48.4074,-7.4969],[-48.3988,-7.5025],[-48.3885,-7.4933],[-48.3821,-7.4928],[-48.3758,-7.472],[-48.3687,-7.4669],[-48.3431,-7.4593],[-48.3309,-7.4458],[-48.3101,-7.4526],[-48.2917,-7.4532],[-48.282,-7.4733],[-48.2815,-7.4821],[-48.2679,-7.4815],[-48.2619,-7.4916],[-48.248,-7.4934],[-48.237,-7.4886],[-48.2225,-7.498],[-48.2145,-7.4978],[-48.2011,-7.5028],[-48.1851,-7.5233],[-48.1529,-7.5251],[-48.1513,-7.528],[-48.1439,-7.5261],[-48.1342,-7.5315],[-48.1234,-7.5317],[-48.1158,-7.5413],[-48.1056,-7.544],[-48.0996,-7.5488],[-48.086,-7.5477],[-48.0834,-7.5416],[-48.0858,-7.5331],[-48.0942,-7.5244],[-48.091,-7.5178],[-48.0939,-7.5061],[-48.1061,-7.4813],[-48.1003,-7.473],[-48.094,-7.4715],[-48.0928,-7.4601],[-48.0787,-7.4497],[-48.0797,-7.43],[-48.0698,-7.4273],[-48.065,-7.421],[-48.0614,-7.4096],[-48.0635,-7.4048],[-48.0556,-7.3865],[-48.0574,-7.3676],[-48.0464,-7.3583],[-48.0559,-7.3493],[-48.0617,-7.3267],[-48.0755,-7.3109],[-48.0798,-7.3011],[-48.081,-7.2859],[-48.0777,-7.2766],[-48.0763,-7.25],[-48.073,-7.2229],[-48.0841,-7.2138],[-48.0964,-7.209],[-48.0945,-7.2025],[-48.0858,-7.1947],[-48.0878,-7.1854],[-48.0786,-7.1705],[-48.0772,-7.1598],[-48.0833,-7.1581],[-48.0932,-7.1644],[-48.1027,-7.1637],[-48.107,-7.1537],[-48.1158,-7.1485],[-48.1254,-7.1365],[-48.1328,-7.1319],[-48.1328,-7.1256],[-48.1392,-7.1227]]]}},{"type":"Feature","properties":{"codarea":"1721000"},"geometry":{"type":"Polygon","coordinates":[[[-48.3589,-10.0538],[-48.3674,-10.0631],[-48.3798,-10.0729],[-48.3851,-10.0818],[-48.396,-10.1197],[-48.4058,-10.1391],[-48.4164,-10.1726],[-48.4219,-10.1929],[-48.4226,-10.2072],[-48.4119,-10.2251],[-48.4065,-10.2288],[-48.3926,-10.2306],[-48.3855,-10.2348],[-48.3826,-10.2429],[-48.3834,-10.2541],[-48.3872,-10.2638],[-48.3964,-10.2767],[-48.4026,-10.2927],[-48.4041,-10.3038],[-48.4037,-10.3335],[-48.4094,-10.3572],[-48.4065,-10.3711],[-48.4017,-10.3813],[-48.375,-10.4044],[-48.3651,-10.4104],[-48.3509,-10.4083],[-48.3326,-10.4102],[-48.321,-10.4147],[-48.312,-10.4106],[-48.303,-10.4147],[-48.2967,-10.4106],[-48.2787,-10.4131],[-48.2657,-10.4112],[-48.257,-10.4017],[-48.2413,-10.3931],[-48.2369,-10.3881],[-48.2202,-10.3825],[-48.2089,-10.3833],[-48.2056,-10.3785],[-48.1974,-10.3809],[-48.1885,-10.3777],[-48.1751,-10.399],[-48.1758,-10.4096],[-48.1709,-10.4245],[-48.1675,-10.4262],[-48.1657,-10.4467],[-48.1569,-10.4581],[-48.083,-10.4601],[-48.0706,-10.4487],[-48.0696,-10.4413],[-48.0629,-10.4388],[-48.0597,-10.4273],[-48.0545,-10.4204],[-48.054,-10.4093],[-48.0459,-10.3993],[-48.0443,-10.3904],[-48.0278,-10.3984],[-48.0079,-10.3799],[-48.0055,-10.3678],[-48.0009,-10.3689],[-47.9936,-10.3458],[-47.9835,-10.3358],[-47.9829,-10.3315],[-47.9713,-10.3284],[-47.9687,-10.324],[-47.95,-10.315],[-47.9427,-10.3089],[-47.938,-10.2999],[-47.926,-10.2951],[-47.922,-10.3051],[-47.9167,-10.3102],[-47.9057,-10.3091],[-47.8998,-10.3146],[-47.8794,-10.3185],[-47.8715,-10.3073],[-47.8556,-10.3105],[-47.8586,-10.2947],[-47.8577,-10.2886],[-47.8408,-10.2762],[-47.8315,-10.2651],[-47.8262,-10.2486],[-47.8171,-10.2373],[-47.8138,-10.223],[-47.8144,-10.2064],[-47.8024,-10.192],[-47.7933,-10.1735],[-47.7938,-10.1642],[-47.7956,-10.1495],[-47.8037,-10.1105],[-47.8103,-10.0982],[-47.8086,-10.0688],[-47.803,-10.0506],[-47.8049,-10.0439],[-47.8189,-10.0328],[-47.8194,-10.0186],[-47.8305,-10.0238],[-47.8343,-10.0382],[-47.8314,-10.0498],[-47.8361,-10.0587],[-47.8448,-10.0635],[-47.8453,-10.0729],[-47.8526,-10.0791],[-47.8777,-10.0922],[-47.8805,-10.1076],[-47.8847,-10.1111],[-47.8965,-10.1064],[-47.9031,-10.116],[-47.8959,-10.1323],[-47.9045,-10.132],[-47.9148,-10.1374],[-47.918,-10.146],[-47.943,-10.1603],[-47.9521,-10.1593],[-47.9605,-10.1618],[-47.9628,-10.1759],[-47.974,-10.1762],[-47.9801,-10.1708],[-47.9883,-10.1765],[-47.994,-10.1655],[-48.0031,-10.1715],[-48.0142,-10.1736],[-48.0185,-10.1579],[-48.0185,-10.1447],[-48.0117,-10.132],[-48.0128,-10.1226],[-48.0205,-10.1171],[-48.0456,-10.1149],[-48.0606,-10.1196],[-48.0686,-10.1195],[-48.0733,-10.1139],[-48.0928,-10.1164],[-48.1107,-10.1134],[-48.1223,-10.1095],[-48.1323,-10.1113],[-48.14,-10.1244],[-48.148,-10.1314],[-48.159,-10.1288],[-48.1693,-10.133],[-48.1806,-10.1155],[-48.1699,-10.1054],[-48.1703,-10.0793],[-48.1614,-10.065],[-48.1642,-10.0556],[-48.1693,-10.051],[-48.1742,-10.0365],[-48.1829,-10.0342],[-48.1988,-10.0186],[-48.2063,-10.0049],[-48.2045,-9.989],[-48.2137,-9.9772],[-48.2176,-9.9764],[-48.2232,-9.963],[-48.2337,-9.963],[-48.242,-9.9679],[-48.2684,-9.9785],[-48.2746,-9.9785],[-48.2845,-9.9653],[-48.2863,-9.9505],[-48.2844,-9.94],[-48.2889,-9.9294],[-48.3023,-9.934],[-48.3076,-9.9443],[-48.3119,-9.9357],[-48.3177,-9.9335],[-48.3293,-9.9362],[-48.3423,-9.9359],[-48.351,-9.9282],[-48.3682,-9.9234],[-48.3709,-9.9316],[-48.3684,-9.9479],[-48.3621,-9.9578],[-48.3497,-9.9702],[-48.337,-10],[-48.3301,-10.0288],[-48.3324,-10.0414],[-48.3589,-10.0538]]]}},{"type":"Feature","properties":{"codarea":"2105302"},"geometry":{"type":"Polygon","coordinates":[[[-47.6804,-5.4154],[-47.6668,-5.4218],[-47.6426,-5.4402],[-47.6186,-5.4597],[-47.6058,-5.4651],[-47.5805,-5.47],[-47.5603,-5.4632],[-47.5485,-5.4708],[-47.5283,-5.4927],[-47.5169,-5.5105],[-47.5001,-5.5256],[-47.4881,-5.5495],[-47.4833,-5.5649],[-47.4848,-5.5794],[-47.4844,-5.5956],[-47.4797,-5.6217],[-47.4672,-5.6218],[-47.4587,-5.6293],[-47.4477,-5.6277],[-47.436,-5.6312],[-47.4293,-5.6385],[-47.421,-5.6375],[-47.3959,-5.6454],[-47.4407,-5.5785],[-47.4394,-5.5687],[-47.4297,-5.5534],[-47.4243,-5.531],[-47.4252,-5.5231],[-47.4065,-5.509],[-47.4046,-5.4993],[-47.395,-5.4919],[-47.398,-5.4831],[-47.4087,-5.4796],[-47.4155,-5.4704],[-47.4205,-5.4476],[-47.4312,-5.333],[-47.4144,-5.3201],[-47.4127,-5.3102],[-47.4007,-5.2999],[-47.3982,-5.2934],[-47.3904,-5.2867],[-47.3763,-5.2842],[-47.3655,-5.2704],[-47.364,-5.2588],[-47.3749,-5.2643],[-47.3828,-5.2714],[-47.4058,-5.2492],[-47.4158,-5.233],[-47.4094,-5.2168],[-47.4311,-5.2213],[-47.4464,-5.2062],[-47.462,-5.1934],[-47.469,-5.1796],[-47.4843,-5.1768],[-47.4928,-5.1637],[-47.496,-5.1488],[-47.5021,-5.1378],[-47.5094,-5.1316],[-47.5139,-5.1328],[-47.5189,-5.1467],[-47.5155,-5.1557],[-47.5205,-5.1693],[-47.5266,-5.1774],[-47.5387,-5.1562],[-47.551,-5.1545],[-47.5704,-5.1588],[-47.5957,-5.1587],[-47.6101,-5.1636],[-47.6249,-5.1595],[-47.6445,-5.1608],[-47.6534,-5.1671],[-47.6666,-5.1665],[-47.6867,-5.1563],[-47.6931,-5.1704],[-47.6954,-5.1864],[-47.6992,-5.1926],[-47.702,-5.2071],[-47.7014,-5.2199],[-47.7046,-5.2345],[-47.7148,-5.2339],[-47.7165,-5.2294],[-47.7264,-5.2291],[-47.7405,-5.2475],[-47.7528,-5.2497],[-47.7565,-5.257],[-47.7665,-5.2657],[-47.777,-5.2819],[-47.7967,-5.296],[-47.7999,-5.3051],[-47.8119,-5.3171],[-47.8123,-5.322],[-47.82,-5.3261],[-47.8308,-5.3248],[-47.8401,-5.3337],[-47.8583,-5.324],[-47.8667,-5.3053],[-47.8657,-5.3172],[-47.8684,-5.3276],[-47.8676,-5.3428],[-47.861,-5.3548],[-47.8438,-5.3762],[-47.8275,-5.3866],[-47.8063,-5.3859],[-47.7862,-5.3835],[-47.7723,-5.3786],[-47.7576,-5.3781],[-47.7443,-5.3801],[-47.732,-5.3863],[-47.7211,-5.3945],[-47.6804,-5.4154]]]}},{"type":"Feature","properties":{"codarea":"2111300"},"geometry":{"type":"Polygon","coordinates":[[[-44.2208,-2.4739],[-44.2259,-2.477],[-44.2493,-2.4814],[-44.2625,-2.4814],[-44.2749,-2.4868],[-44.3046,-2.4875],[-44.3131,-2.5049],[-44.3076,-2.5158],[-44.3087,-2.5382],[-44.3178,-2.5401],[-44.321,-2.5272],[-44.3453,-2.5293],[-44.3552,-2.5322],[-44.357,-2.5409],[-44.3549,-2.5485],[-44.3654,-2.5605],[-44.3777,-2.5658],[-44.3707,-2.5715],[-44.3643,-2.5808],[-44.3543,-2.6026],[-44.3664,-2.6403],[-44.3718,-2.6608],[-44.3793,-2.6669],[-44.3789,-2.6786],[-44.3905,-2.7211],[-44.3856,-2.735],[-44.3887,-2.7538],[-44.4031,-2.7695],[-44.4059,-2.7869],[-44.41,-2.7992],[-44.4036,-2.7963],[-44.3903,-2.7975],[-44.3876,-2.7647],[-44.368,-2.7564],[-44.3588,-2.763],[-44.3499,-2.7625],[-44.3354,-2.7734],[-44.3301,-2.7813],[-44.307,-2.7791],[-44.2818,-2.7661],[-44.2658,-2.7604],[-44.26,-2.7444],[-44.2514,-2.7321],[-44.2408,-2.7262],[-44.2148,-2.7229],[-44.2043,-2.717],[-44.1998,-2.7092],[-44.1923,-2.7045],[-44.1757,-2.7021],[-44.1825,-2.6923],[-44.171,-2.6824],[-44.1743,-2.6715],[-44.1705,-2.6578],[-44.1785,-2.6468],[-44.1758,-2.64],[-44.1814,-2.6331],[-44.1778,-2.6234],[-44.1636,-2.6182],[-44.1618,-2.6077],[-44.1716,-2.5918],[-44.1842,-2.581],[-44.189,-2.568],[-44.1947,-2.5626],[-44.2074,-2.5669],[-44.2084,-2.5592],[-44.2049,-2.5519],[-44.2091,-2.5432],[-44.1955,-2.5401],[-44.1973,-2.5314],[-44.1916,-2.5231],[-44.211,-2.5193],[-44.2091,-2.5066],[-44.2055,-2.5008],[-44.2104,-2.4913],[-44.2148,-2.4734],[-44.2208,-2.4739]]]}},{"type":"Feature","properties":{"codarea":"2211001"},"geometry":{"type":"Polygon","coordinates":[[[-42.8898,-4.8947],[-42.8848,-4.906],[-42.8735,-4.9153],[-42.8686,-4.9268],[-42.8539,-4.9373],[-42.856,-4.9479],[-42.8632,-4.9681],[-42.8574,-4.9923],[-42.8446,-5.0242],[-42.8425,-5.0336],[-42.8413,-5.0557],[-42.8354,-5.074],[-42.8235,-5.0884],[-42.8173,-5.1017],[-42.8155,-5.1258],[-42.812,-5.1383],[-42.8054,-5.1486],[-42.799,-5.1897],[-42.8014,-5.2013],[-42.8089,-5.2131],[-42.8243,-5.2291],[-42.8295,-5.2393],[-42.8264,-5.2567],[-42.8122,-5.2824],[-42.8116,-5.2897],[-42.8158,-5.318],[-42.8068,-5.319],[-42.7625,-5.3371],[-42.7588,-5.3402],[-42.7527,-5.3549],[-42.769,-5.4316],[-42.7773,-5.453],[-42.7906,-5.4632],[-42.7996,-5.4798],[-42.8069,-5.4887],[-42.811,-5.4978],[-42.8293,-5.4982],[-42.8351,-5.4942],[-42.8513,-5.4909],[-42.8497,-5.5129],[-42.847,-5.5253],[-42.8653,-5.5277],[-42.8718,-5.5232],[-42.8781,-5.5283],[-42.8927,-5.5262],[-42.9041,-5.5309],[-42.9101,-5.5425],[-42.9171,-5.539],[-42.93,-5.5392],[-42.9434,-5.5355],[-42.9604,-5.5485],[-42.9707,-5.5617],[-42.9593,-5.5684],[-42.9551,-5.5673],[-42.9418,-5.5866],[-42.9146,-5.556],[-42.8558,-5.5705],[-42.8617,-5.5614],[-42.8495,-5.5476],[-42.8463,-5.5359],[-42.8193,-5.5243],[-42.8111,-5.5013],[-42.7984,-5.5142],[-42.7893,-5.5195],[-42.7747,-5.521],[-42.759,-5.5292],[-42.7486,-5.5413],[-42.7478,-5.5305],[-42.7484,-5.4242],[-42.7489,-5.3391],[-42.6791,-5.2727],[-42.6601,-5.2763],[-42.6337,-5.2468],[-42.6015,-5.2519],[-42.599,-5.1943],[-42.6012,-5.0993],[-42.6018,-4.9043],[-42.6341,-4.9132],[-42.704,-4.9056],[-42.7129,-4.9056],[-42.7314,-4.8238],[-42.7886,-4.8176],[-42.8159,-4.7863],[-42.8927,-4.888],[-42.8898,-4.8947]]]}},{"type":"Feature","properties":{"codarea":"2304400"},"geometry":{"type":"Polygon","coordinates":[[[-38.5423,-3.8592],[-38.519,-3.8646],[-38.5255,-3.8697],[-38.5312,-3.8794],[-38.5141,-3.8946],[-38.5109,-3.8887],[-38.5019,-3.8882],[-38.4939,-3.884],[-38.4884,-3.8668],[-38.478,-3.8622],[-38.4758,-3.8553],[-38.4677,-3.8494],[-38.4663,-3.8435],[-38.4588,-3.8431],[-38.4499,-3.8379],[-38.4422,-3.8117],[-38.4429,-3.8015],[-38.4094,-3.8191],[-38.4018,-3.8238],[-38.4017,-3.8219],[-38.4209,-3.794],[-38.4404,-3.7617],[-38.4606,-3.7212],[-38.4635,-3.7128],[-38.473,-3.706],[-38.4762,-3.7193],[-38.4959,-3.725],[-38.5118,-3.7189],[-38.5234,-3.7177],[-38.5285,-3.7198],[-38.5401,-3.7159],[-38.5631,-3.7031],[-38.5755,-3.6982],[-38.5807,-3.6935],[-38.5876,-3.6964],[-38.5942,-3.7025],[-38.6222,-3.7029],[-38.6192,-3.7195],[-38.6097,-3.724],[-38.6012,-3.7348],[-38.6006,-3.7473],[-38.6098,-3.7545],[-38.6215,-3.777],[-38.6315,-3.7837],[-38.6379,-3.8014],[-38.6298,-3.8065],[-38.6225,-3.817],[-38.6147,-3.8239],[-38.5871,-3.8387],[-38.5656,-3.8439],[-38.5414,-3.8534],[-38.5423,-3.8592]]]}},{"type":"Feature","properties":{"codarea":"2307304"},"geometry":{"type":"Polygon","coordinates":[[[-39.1934,-7.1506],[-39.1926,-7.1443],[-39.1977,-7.1394],[-39.208,-7.1355],[-39.2097,-7.1252],[-39.2203,-7.1292],[-39.227,-7.1279],[-39.2359,-7.1334],[-39.2366,-7.1233],[-39.2441,-7.1183],[-39.2499,-7.1053],[-39.2653,-7.0949],[-39.2811,-7.0927],[-39.2853,-7.1046],[-39.2928,-7.1103],[-39.3402,-7.1086],[-39.3392,-7.1188],[-39.3441,-7.1343],[-39.3436,-7.1417],[-39.3667,-7.1641],[-39.364,-7.2129],[-39.3561,-7.2279],[-39.3508,-7.2552],[-39.3467,-7.2655],[-39.3201,-7.2607],[-39.2991,-7.2617],[-39.2858,-7.2638],[-39.2751,-7.2594],[-39.2655,-7.2593],[-39.2577,-7.2631],[-39.2527,-7.2492],[-39.2487,-7.2451],[-39.2348,-7.2475],[-39.2373,-7.2335],[-39.2337,-7.2255],[-39.2158,-7.2214],[-39.2132,-7.1985],[-39.2068,-7.1885],[-39.1982,-7.184],[-39.2041,-7.1646],[-39.1934,-7.1506]]]}},{"type":"Feature","properties":{"codarea":"2312908"},"geometry":{"type":"Polygon","coordinates":[[[-40.3701,-3.8616],[-40.3663,-3.8563],[-40.3641,-3.8446],[-40.359,-3.8354],[-40.3405,-3.7833],[-40.328,-3.7884],[-40.3075,-3.7867],[-40.3112,-3.7719],[-40.311,-3.7636],[-40.3054,-3.7613],[-40.3051,-3.7487],[-40.2847,-3.7304],[-40.282,-3.7304],[-40.2563,-3.7147],[-40.2357,-3.6975],[-40.1882,-3.6958],[-40.1261,-3.7009],[-40.1267,-3.7075],[-40.1204,-3.7141],[-40.1193,-3.7325],[-40.1213,-3.7369],[-40.1165,-3.7606],[-40.1082,-3.7633],[-40.1152,-3.7764],[-40.1149,-3.7859],[-40.1222,-3.8203],[-40.125,-3.8258],[-40.1266,-3.847],[-40.1301,-3.8557],[-40.1357,-3.8565],[-40.1397,-3.8787],[-40.1349,-3.8866],[-40.1382,-3.8966],[-40.1476,-3.8985],[-40.149,-3.9109],[-40.1581,-3.9217],[-40.1607,-3.9285],[-40.1671,-3.9289],[-40.1677,-3.9365],[-40.1777,-3.9497],[-40.1872,-3.9539],[-40.1887,-3.9587],[-40.182,-3.9745],[-40.17,-3.9849],[-40.1696,-3.9905],[-40.158,-4.0046],[-40.1515,-4.0157],[-40.1417,-4.0218],[-40.1383,-4.0309],[-40.1273,-4.0337],[-40.1031,-4.0524],[-40.0982,-4.0473],[-40.088,-4.0507],[-40.0821,-4.0598],[-40.0722,-4.0569],[-40.0574,-4.0585],[-40.0513,-4.0705],[-40.037,-4.0783],[-40.0202,-4.0842],[-40.0145,-4.0883],[-39.9981,-4.0822],[-39.9911,-4.0864],[-39.9918,-4.0962],[-39.9873,-4.1071],[-39.9757,-4.1056],[-39.9723,-4.1128],[-39.9629,-4.1219],[-39.9443,-4.1302],[-39.9388,-4.1283],[-39.9246,-4.1321],[-39.9189,-4.1369],[-39.9023,-4.1371],[-39.8928,-4.1428],[-39.8691,-4.1357],[-39.8596,-4.1386],[-39.851,-4.126],[-39.8491,-4.1196],[-39.8406,-4.1135],[-39.8579,-4.1015],[-39.8493,-4.0882],[-39.8534,-4.0784],[-39.861,-4.0743],[-39.8771,-4.0607],[-39.8722,-4.0462],[-39.8757,-4.0419],[-39.8882,-4.0393],[-39.8987,-4.0431],[-39.9122,-4.0389],[-39.9174,-4.0341],[-39.9265,-4.0356],[-39.914,-4.0166],[-39.9159,-4.0008],[-39.9229,-3.998],[-39.9223,-3.9919],[-39.9325,-3.9868],[-39.9414,-3.9859],[-39.9458,-3.9756],[-39.9543,-3.9627],[-39.96,-3.9599],[-39.9804,-3.9418],[-39.991,-3.9387],[-39.9992,-3.9305],[-39.9993,-3.9175],[-40.0069,-3.8991],[-39.9249,-3.9461],[-39.9763,-3.7767],[-40.0075,-3.7635],[-40.0118,-3.7601],[-40.0123,-3.7285],[-40.0178,-3.7224],[-40.0149,-3.7121],[-40.0203,-3.6942],[-40.0147,-3.6855],[-40.0148,-3.6694],[-40.0068,-3.6544],[-40.0094,-3.6479],[-40.0021,-3.6353],[-39.9933,-3.6263],[-39.9933,-3.6191],[-39.9866,-3.6125],[-39.9835,-3.5993],[-39.9797,-3.5958],[-39.9763,-3.5827],[-39.9841,-3.5765],[-39.9975,-3.5802],[-40.0095,-3.5781],[-40.0217,-3.5825],[-40.0443,-3.5811],[-40.0517,-3.5885],[-40.07,-3.5939],[-40.0965,-3.6212],[-40.1203,-3.6393],[-40.1111,-3.6443],[-40.1094,-3.6578],[-40.1128,-3.6704],[-40.1117,-3.6902],[-40.1341,-3.6864],[-40.1471,-3.6689],[-40.1538,-3.6658],[-40.163,-3.6664],[-40.174,-3.674],[-40.184,-3.6644],[-40.1834,-3.6543],[-40.1973,-3.6412],[-40.2051,-3.6387],[-40.2129,-3.6261],[-40.2064,-3.6178],[-40.2022,-3.6045],[-40.2105,-3.5974],[-40.2138,-3.6012],[-40.2239,-3.5922],[-40.2296,-3.5787],[-40.2452,-3.5817],[-40.2526,-3.578],[-40.2638,-3.5768],[-40.2693,-3.5729],[-40.2758,-3.5703],[-40.2805,-3.5745],[-40.2797,-3.5831],[-40.2967,-3.5908],[-40.2992,-3.5966],[-40.2919,-3.6085],[-40.3,-3.6165],[-40.299,-3.6218],[-40.3105,-3.6218],[-40.3235,-3.6186],[-40.3347,-3.6227],[-40.3417,-3.6169],[-40.3528,-3.6141],[-40.3619,-3.6156],[-40.3998,-3.6271],[-40.3947,-3.6311],[-40.3968,-3.6375],[-40.4065,-3.6453],[-40.4243,-3.6439],[-40.4301,-3.6395],[-40.4491,-3.6371],[-40.4582,-3.6415],[-40.499,-3.6298],[-40.4922,-3.6357],[-40.5045,-3.6435],[-40.5125,-3.6431],[-40.5146,-3.6489],[-40.5432,-3.6553],[-40.5487,-3.6537],[-40.6105,-3.65],[-40.6557,-3.7973],[-40.6888,-3.8007],[-40.7154,-3.806],[-40.7122,-3.8138],[-40.7236,-3.8211],[-40.7116,-3.8212],[-40.705,-3.8285],[-40.6792,-3.8418],[-40.6565,-3.8312],[-40.648,-3.8342],[-40.6457,-3.8406],[-40.6227,-3.8254],[-40.6157,-3.8404],[-40.6007,-3.8435],[-40.5886,-3.8513],[-40.5815,-3.8605],[-40.5737,-3.8614],[-40.5334,-3.8526],[-40.5009,-3.8525],[-40.4932,-3.8429],[-40.459,-3.8343],[-40.4454,-3.8348],[-40.4331,-3.8274],[-40.4315,-3.8204],[-40.4228,-3.8189],[-40.4214,-3.81],[-40.4157,-3.8065],[-40.3897,-3.7995],[-40.3865,-3.8169],[-40.3795,-3.8357],[-40.3799,-3.8445],[-40.3701,-3.8616]]]}},{"type":"Feature","properties":{"codarea":"2408003"},"geometry":{"type":"Polygon","coordinates":[[[-37.5831,-5.2779],[-37.426,-5.3112],[-37.2958,-5.3914],[-37.2974,-5.4077],[-37.2941,-5.4135],[-37.2947,-5.4296],[-37.302,-5.4434],[-37.2985,-5.4518],[-37.3021,-5.4632],[-37.2947,-5.4779],[-37.1728,-5.4905],[-37.1429,-5.3739],[-37.1392,-5.3356],[-37.1261,-5.2934],[-37.1558,-5.2939],[-37.1565,-5.1667],[-37.1111,-5.1666],[-37.1111,-5.15],[-37.1055,-5.15],[-37.1054,-5.1327],[-37.1114,-5.1247],[-37.118,-5.1219],[-37.1374,-5.1054],[-37.1528,-5.0765],[-37.1481,-5.0611],[-37.1529,-5.0539],[-37.1502,-5.0449],[-37.1433,-5.0425],[-37.1318,-5.0305],[-37.1322,-5.0117],[-37.1366,-5.0051],[-37.1447,-5.0096],[-37.1554,-5.0107],[-37.1667,-5.015],[-37.166,-5.0031],[-37.1767,-4.9702],[-37.2088,-4.9917],[-37.3078,-4.9456],[-37.3139,-4.9428],[-37.3286,-4.9428],[-37.3364,-4.937],[-37.3453,-4.935],[-37.3617,-4.9169],[-37.3651,-4.9074],[-37.3943,-4.9118],[-37.4116,-4.9058],[-37.4214,-4.907],[-37.4273,-4.9115],[-37.4464,-4.881],[-37.4671,-4.8859],[-37.469,-4.8993],[-37.474,-4.9008],[-37.4823,-4.9133],[-37.4924,-4.9245],[-37.4915,-4.9432],[-37.4967,-4.9693],[-37.4955,-4.9786],[-37.4984,-4.9965],[-37.496,-5.0084],[-37.4886,-5.0169],[-37.5246,-5.1164],[-37.5831,-5.2779]]]}},{"type":"Feature","properties":{"codarea":"2408102"},"geometry":{"type":"Polygon","coordinates":[[[-35.2824,-5.8498],[-35.2784,-5.8542],[-35.2653,-5.8564],[-35.254,-5.8658],[-35.2429,-5.8649],[-35.2359,-5.8727],[-35.224,-5.8781],[-35.2179,-5.8686],[-35.1762,-5.8998],[-35.1541,-5.8978],[-35.1539,-5.883],[-35.1713,-5.8803],[-35.1793,-5.8645],[-35.1813,-5.8365],[-35.1811,-5.8142],[-35.1793,-5.7989],[-35.1924,-5.7816],[-35.1945,-5.7549],[-35.2028,-5.7502],[-35.2036,-5.7432],[-35.2261,-5.7273],[-35.2376,-5.7144],[-35.2547,-5.7101],[-35.2655,-5.704],[-35.2765,-5.7217],[-35.2913,-5.7325],[-35.2866,-5.7635],[-35.2515,-5.7766],[-35.2476,-5.7822],[-35.2523,-5.7982],[-35.2612,-5.81],[-35.2797,-5.8189],[-35.282,-5.8295],[-35.2824,-5.8498]]]}},{"type":"Feature","properties":{"codarea":"2504009"},"geometry":{"type":"Polygon","coordinates":[[[-35.8347,-7.1956],[-35.8434,-7.1923],[-35.8484,-7.1993],[-35.8604,-7.2075],[-35.8731,-7.1927],[-35.8845,-7.1713],[-35.8951,-7.1689],[-35.9073,-7.1797],[-35.9389,-7.1753],[-35.9402,-7.1928],[-35.9556,-7.1973],[-35.9634,-7.195],[-35.971,-7.1864],[-35.9722,-7.1789],[-35.9867,-7.1609],[-36.0254,-7.1664],[-36.0322,-7.1658],[-36.0324,-7.1739],[-36.0463,-7.1652],[-36.0651,-7.1659],[-36.0948,-7.1542],[-36.0915,-7.2028],[-36.0973,-7.2168],[-36.1026,-7.2203],[-36.1025,-7.2343],[-36.1097,-7.2485],[-36.1101,-7.2563],[-36.1157,-7.2616],[-36.1149,-7.2713],[-36.1239,-7.3619],[-36.0385,-7.3663],[-36.0286,-7.3716],[-36.0194,-7.3813],[-36.002,-7.3838],[-35.9962,-7.3743],[-35.9842,-7.372],[-35.982,-7.3637],[-35.9894,-7.3477],[-35.9795,-7.338],[-35.9774,-7.3302],[-35.9787,-7.317],[-35.9759,-7.3052],[-35.9804,-7.2955],[-35.9659,-7.2962],[-35.9627,-7.2896],[-35.9483,-7.2802],[-35.9097,-7.2844],[-35.9098,-7.2964],[-35.9037,-7.2963],[-35.9053,-7.2854],[-35.888,-7.2868],[-35.8867,-7.2947],[-35.8761,-7.2996],[-35.852,-7.301],[-35.8412,-7.3044],[-35.8384,-7.3312],[-35.8354,-7.3279],[-35.8135,-7.3255],[-35.809,-7.3198],[-35.7986,-7.3185],[-35.7922,-7.3236],[-35.7824,-7.318],[-35.7579,-7.3264],[-35.7467,-7.3236],[-35.7402,-7.3189],[-35.7354,-7.3239],[-35.7218,-7.2971],[-35.7145,-7.2795],[-35.7043,-7.2601],[-35.7146,-7.2625],[-35.7315,-7.2775],[-35.7453,-7.2771],[-35.7525,-7.2726],[-35.7638,-7.2814],[-35.7829,-7.2756],[-35.7872,-7.2702],[-35.7998,-7.2676],[-35.8116,-7.2579],[-35.8416,-7.2502],[-35.8144,-7.2071],[-35.8347,-7.1956]]]}},{"type":"Feature","properties":{"codarea":"2507507"},"geometry":{"type":"Polygon","coordinates":[[[-34.9295,-7.2255],[-34.9167,-7.218],[-34.9123,-7.2129],[-34.8897,-7.2144],[-34.8709,-7.222],[-34.861,-7.2286],[-34.8466,-7.2318],[-34.8416,-7.2365],[-34.8313,-7.228],[-34.8184,-7.2378],[-34.807,-7.2372],[-34.8058,-7.2445],[-34.8041,-7.218],[-34.8001,-7.203],[-34.7947,-7.1942],[-34.7961,-7.1741],[-34.7932,-7.1546],[-34.7968,-7.147],[-34.8092,-7.1455],[-34.8163,-7.1396],[-34.8215,-7.1298],[-34.8211,-7.1122],[-34.8315,-7.101],[-34.8325,-7.0866],[-34.8302,-7.0734],[-34.8399,-7.0642],[-34.8424,-7.056],[-34.8493,-7.0632],[-34.8468,-7.074],[-34.8474,-7.0852],[-34.8455,-7.0994],[-34.8593,-7.0951],[-34.8657,-7.0815],[-34.859,-7.0746],[-34.857,-7.0642],[-34.8634,-7.0608],[-34.8914,-7.0939],[-34.8962,-7.1032],[-34.8908,-7.1118],[-34.8941,-7.1217],[-34.9121,-7.1278],[-34.9193,-7.1351],[-34.9098,-7.151],[-34.9163,-7.1664],[-34.9361,-7.1666],[-34.9489,-7.1647],[-34.9516,-7.1689],[-34.9613,-7.1669],[-34.9706,-7.1737],[-34.9687,-7.2148],[-34.9522,-7.2156],[-34.9358,-7.2139],[-34.9295,-7.2255]]]}},{"type":"Feature","properties":{"codarea":"2604106"},"geometry":{"type":"Polygon","coordinates":[[[-35.921,-8.3659],[-35.9183,-8.3599],[-35.903,-8.3539],[-35.8902,-8.3511],[-35.8789,-8.3305],[-35.8717,-8.3213],[-35.8535,-8.3035],[-35.8622,-8.2825],[-35.8516,-8.2723],[-35.8799,-8.2063],[-35.917,-8.1871],[-35.9225,-8.2033],[-35.9762,-8.1667],[-35.9851,-8.1441],[-35.9704,-8.1153],[-35.9156,-8.0047],[-35.926,-7.9994],[-35.9292,-7.993],[-35.9431,-7.9957],[-35.9582,-7.9901],[-35.9772,-7.9844],[-35.9931,-7.9822],[-36.0054,-7.9763],[-36.011,-7.9798],[-36.0118,-7.9876],[-36.0088,-7.994],[-36.0113,-8.004],[-36.0352,-8.0069],[-36.0429,-8.0062],[-36.0655,-8.015],[-36.0733,-8.0157],[-36.0821,-8.0222],[-36.101,-8.0113],[-36.0976,-8.0047],[-36.1091,-8.0043],[-36.1118,-7.9967],[-36.1332,-8.0123],[-36.1313,-8.0161],[-36.1543,-8.0323],[-36.1609,-8.0499],[-36.167,-8.0486],[-36.1663,-8.0591],[-36.1772,-8.0606],[-36.1807,-8.0711],[-36.1753,-8.0807],[-36.1726,-8.0956],[-36.1667,-8.1007],[-36.1671,-8.119],[-36.1764,-8.1282],[-36.1784,-8.1442],[-36.172,-8.1472],[-36.17,-8.1553],[-36.1574,-8.1648],[-36.1491,-8.1645],[-36.1463,-8.1789],[-36.1381,-8.1902],[-36.1227,-8.1873],[-36.0825,-8.2281],[-36.0746,-8.2417],[-36.0615,-8.3626],[-36.0626,-8.3828],[-36.05,-8.3763],[-36.0366,-8.3858],[-36.0227,-8.3749],[-36.0224,-8.3654],[-36.0093,-8.3643],[-36.0073,-8.3614],[-35.9931,-8.3738],[-35.9924,-8.3825],[-35.9873,-8.3891],[-35.9713,-8.3801],[-35.9718,-8.3591],[-35.9641,-8.3574],[-35.9447,-8.3581],[-35.9447,-8.3682],[-35.9379,-8.3702],[-35.921,-8.3659]]]}},{"type":"Feature","properties":{"codarea":"2606002"},"geometry":{"type":"Polygon","coordinates":[[[-36.6005,-9.0334],[-36.5906,-9.0231],[-36.5908,-8.9955],[-36.5836,-8.9967],[-36.5851,-8.9872],[-36.5615,-8.9895],[-36.5702,-8.9774],[-36.5557,-8.9657],[-36.5501,-8.9534],[-36.5446,-8.9555],[-36.5316,-8.9663],[-36.5099,-8.9544],[-36.4975,-8.958],[-36.4804,-8.9704],[-36.4783,-9.086],[-36.4652,-9.0781],[-36.46,-9.0735],[-36.4095,-9.0386],[-36.3665,-9.0186],[-36.3776,-8.9892],[-36.3847,-8.9787],[-36.3894,-8.9768],[-36.4002,-8.9563],[-36.3983,-8.9385],[-36.4054,-8.9336],[-36.4113,-8.9226],[-36.4108,-8.912],[-36.4163,-8.9067],[-36.4308,-8.9028],[-36.4485,-8.882],[-36.4625,-8.845],[-36.4577,-8.8268],[-36.448,-8.8134],[-36.4445,-8.8009],[-36.4543,-8.8023],[-36.4697,-8.8003],[-36.487,-8.7957],[-36.499,-8.7958],[-36.5016,-8.7925],[-36.5179,-8.7856],[-36.5286,-8.7835],[-36.5321,-8.788],[-36.5401,-8.7838],[-36.5484,-8.7888],[-36.5487,-8.794],[-36.5723,-8.8161],[-36.5744,-8.8224],[-36.5818,-8.8257],[-36.5757,-8.8385],[-36.5674,-8.845],[-36.5483,-8.8751],[-36.5433,-8.8812],[-36.5513,-8.8873],[-36.5625,-8.8908],[-36.5743,-8.8882],[-36.5835,-8.8912],[-36.6053,-8.8916],[-36.6137,-8.8979],[-36.6123,-8.9063],[-36.6056,-8.9149],[-36.6092,-8.9266],[-36.6051,-8.9363],[-36.6069,-8.9418],[-36.6255,-8.9465],[-36.6309,-8.9565],[-36.6302,-8.9764],[-36.6367,-8.9866],[-36.6258,-9.0025],[-36.6331,-9.008],[-36.6371,-9.0208],[-36.6005,-9.0334]]]}},{"type":"Feature","properties":{"codarea":"2607901"},"geometry":{"type":"Polygon","coordinates":[[[-35.0645,-8.2228],[-35.007,-8.206],[-34.9955,-8.2242],[-34.9854,-8.2213],[-34.9834,-8.2286],[-34.977,-8.2311],[-34.9699,-8.2245],[-34.9714,-8.2187],[-34.9604,-8.2184],[-34.9547,-8.2361],[-34.9479,-8.2348],[-34.9426,-8.2424],[-34.9356,-8.2389],[-34.9286,-8.2253],[-34.9178,-8.212],[-34.916,-8.2012],[-34.9177,-8.1857],[-34.9088,-8.1551],[-34.9136,-8.1451],[-34.9216,-8.1416],[-34.9332,-8.1416],[-34.9372,-8.1368],[-34.953,-8.1386],[-34.9607,-8.1263],[-34.9589,-8.112],[-34.9618,-8.1096],[-34.9614,-8.095],[-34.9702,-8.0875],[-34.9739,-8.0783],[-34.9894,-8.0712],[-34.9962,-8.0609],[-35.0003,-8.0639],[-35.0167,-8.0558],[-35.0551,-8.0673],[-35.0582,-8.088],[-35.0971,-8.1616],[-35.0659,-8.2007],[-35.0675,-8.2096],[-35.0645,-8.2228]]]}},{"type":"Feature","properties":{"codarea":"2611101"},"geometry":{"type":"Polygon","coordinates":[[[-40.7152,-9.4488],[-40.7014,-9.4577],[-40.6813,-9.4672],[-40.6522,-9.4738],[-40.6359,-9.481],[-40.6232,-9.4829],[-40.6086,-9.4768],[-40.5996,-9.4696],[-40.5875,-9.4657],[-40.5727,-9.4669],[-40.5558,-9.4579],[-40.5452,-9.4423],[-40.5418,-9.426],[-40.5317,-9.415],[-40.5201,-9.4123],[-40.5107,-9.4072],[-40.4972,-9.4086],[-40.4839,-9.414],[-40.4778,-9.4193],[-40.4678,-9.4206],[-40.4643,-9.4134],[-40.4538,-9.4035],[-40.4527,-9.3972],[-40.4393,-9.3683],[-40.4308,-9.3567],[-40.4181,-9.3521],[-40.4098,-9.3557],[-40.4047,-9.3629],[-40.3913,-9.3722],[-40.3714,-9.3787],[-40.3564,-9.377],[-40.3389,-9.3599],[-40.3338,-9.3505],[-40.3373,-9.3351],[-40.3325,-9.3176],[-40.3256,-9.3059],[-40.319,-9.2873],[-40.3095,-9.2755],[-40.3022,-9.2517],[-40.3005,-9.2312],[-40.2902,-9.196],[-40.2862,-9.1856],[-40.2873,-9.1711],[-40.2928,-9.1579],[-40.2933,-9.1467],[-40.2867,-9.1174],[-40.2788,-9.0945],[-40.2732,-9.0824],[-40.2642,-9.071],[-40.2479,-9.0577],[-40.239,-9.0544],[-40.2236,-9.0567],[-40.2088,-9.0638],[-40.2095,-9.0557],[-40.2199,-9.0482],[-40.2227,-9.0385],[-40.2328,-9.0309],[-40.2323,-9.0172],[-40.2428,-9.0017],[-40.2602,-8.9905],[-40.2748,-9.0046],[-40.2835,-9.0083],[-40.2878,-9.0011],[-40.2974,-8.9947],[-40.2983,-8.9806],[-40.2939,-8.9755],[-40.2971,-8.9643],[-40.305,-8.9544],[-40.2963,-8.9388],[-40.29,-8.9404],[-40.2846,-8.9343],[-40.2739,-8.9309],[-40.2729,-8.917],[-40.2757,-8.9102],[-40.2731,-8.9014],[-40.2853,-8.8873],[-40.2974,-8.8776],[-40.2984,-8.8707],[-40.3052,-8.8694],[-40.3114,-8.8624],[-40.3216,-8.8609],[-40.326,-8.8646],[-40.3356,-8.8624],[-40.3486,-8.8626],[-40.355,-8.8557],[-40.3611,-8.854],[-40.3624,-8.8453],[-40.3592,-8.8361],[-40.3631,-8.8224],[-40.3615,-8.8177],[-40.3687,-8.8124],[-40.3767,-8.8118],[-40.3917,-8.8029],[-40.3972,-8.792],[-40.3916,-8.7851],[-40.3978,-8.7796],[-40.3933,-8.7736],[-40.4019,-8.7543],[-40.3927,-8.728],[-40.3963,-8.7235],[-40.3923,-8.7043],[-40.3931,-8.6924],[-40.4031,-8.6888],[-40.4063,-8.6779],[-40.418,-8.6645],[-40.4192,-8.6584],[-40.4295,-8.6445],[-40.5793,-8.6673],[-40.7582,-8.6235],[-40.9112,-8.7759],[-40.9257,-8.7703],[-40.9379,-8.7776],[-40.9445,-8.7881],[-40.9423,-8.7968],[-40.9438,-8.8092],[-40.9417,-8.8138],[-40.9445,-8.8245],[-40.959,-8.842],[-40.9464,-8.845],[-40.931,-8.8372],[-40.9213,-8.8354],[-40.915,-8.8495],[-40.903,-8.8586],[-40.9015,-8.8665],[-40.8964,-8.871],[-40.895,-8.8891],[-40.8834,-8.9049],[-40.8812,-8.9156],[-40.8663,-8.9234],[-40.8613,-8.948],[-40.851,-8.9542],[-40.8521,-8.9805],[-40.8468,-8.9955],[-40.8344,-9.0105],[-40.8322,-9.0312],[-40.8264,-9.0368],[-40.8231,-9.052],[-40.8236,-9.0621],[-40.8191,-9.0691],[-40.821,-9.0799],[-40.8132,-9.0832],[-40.8098,-9.0923],[-40.8041,-9.0983],[-40.7895,-9.0989],[-40.7875,-9.1041],[-40.7751,-9.1009],[-40.7632,-9.1069],[-40.7568,-9.105],[-40.7577,-9.1186],[-40.7504,-9.1179],[-40.7431,-9.1224],[-40.7325,-9.124],[-40.7223,-9.1338],[-40.7099,-9.1409],[-40.7002,-9.1422],[-40.6851,-9.1376],[-40.6777,-9.1512],[-40.6674,-9.1591],[-40.6721,-9.1724],[-40.6699,-9.1861],[-40.6771,-9.1933],[-40.6822,-9.208],[-40.6807,-9.2122],[-40.6934,-9.2313],[-40.6865,-9.2436],[-40.6892,-9.257],[-40.6801,-9.2592],[-40.6872,-9.2783],[-40.7013,-9.2823],[-40.7087,-9.2869],[-40.7083,-9.2961],[-40.7201,-9.3059],[-40.7394,-9.2966],[-40.744,-9.3062],[-40.7516,-9.308],[-40.7564,-9.315],[-40.7423,-9.3272],[-40.7373,-9.3369],[-40.7414,-9.3468],[-40.7382,-9.3532],[-40.7465,-9.3711],[-40.7425,-9.3833],[-40.7431,-9.4029],[-40.7648,-9.4159],[-40.7601,-9.4258],[-40.7606,-9.4322],[-40.7672,-9.4454],[-40.7675,-9.4527],[-40.7498,-9.4438],[-40.7222,-9.4459],[-40.7152,-9.4488]]]}},{"type":"Feature","properties":{"codarea":"2611606"},"geometry":{"type":"Polygon","coordinates":[[[-35.0167,-8.0558],[-35.0003,-8.0639],[-34.9962,-8.0609],[-34.9894,-8.0712],[-34.9739,-8.0783],[-34.9702,-8.0875],[-34.9614,-8.095],[-34.9618,-8.1096],[-34.9589,-8.112],[-34.9607,-8.1263],[-34.953,-8.1386],[-34.9372,-8.1368],[-34.9332,-8.1416],[-34.9216,-8.1416],[-34.9136,-8.1451],[-34.9088,-8.1551],[-34.8956,-8.1243],[-34.8819,-8.0984],[-34.877,-8.083],[-34.8605,-8.0445],[-34.8755,-8.0317],[-34.8729,-8.0173],[-34.886,-8.0057],[-34.8991,-8.0021],[-34.9169,-7.988],[-34.9139,-7.9794],[-34.9092,-7.944],[-34.9162,-7.9348],[-34.9484,-7.9295],[-34.9678,-7.9418],[-34.9909,-7.9383],[-35.0001,-7.9292],[-35.0084,-7.9457],[-34.9987,-7.9485],[-35.0037,-7.9596],[-34.9938,-7.9616],[-34.9784,-7.97],[-34.9621,-7.9741],[-34.9623,-7.9904],[-34.9655,-8.0198],[-34.9741,-8.0293],[-34.9823,-8.0348],[-34.9905,-8.0324],[-34.9961,-8.0369],[-34.9948,-8.0461],[-35.0167,-8.0558]]]}},{"type":"Feature","properties":{"codarea":"2700300"},"geometry":{"type":"Polygon","coordinates":[[[-36.6907,-9.8042],[-36.6254,-9.8376],[-36.6265,-9.843],[-36.6193,-9.8481],[-36.6086,-9.8502],[-36.6018,-9.8477],[-36.5913,-9.8716],[-36.5912,-9.8785],[-36.5847,-9.8813],[-36.5687,-9.8751],[-36.559,-9.8749],[-36.5415,-9.8818],[-36.5426,-9.8719],[-36.5538,-9.8564],[-36.5554,-9.8509],[-36.5532,-9.8391],[-36.5531,-9.8215],[-36.5486,-9.8089],[-36.5642,-9.8044],[-36.5627,-9.7912],[-36.5534,-9.7743],[-36.5584,-9.764],[-36.564,-9.7612],[-36.573,-9.7495],[-36.5778,-9.7371],[-36.5757,-9.7291],[-36.5837,-9.7145],[-36.5835,-9.7003],[-36.5876,-9.6922],[-36.6081,-9.6694],[-36.6093,-9.6537],[-36.6243,-9.6546],[-36.6291,-9.6448],[-36.6397,-9.636],[-36.6553,-9.643],[-36.6861,-9.6354],[-36.687,-9.6521],[-36.7119,-9.6633],[-36.7259,-9.6763],[-36.7545,-9.7074],[-36.7199,-9.7591],[-36.6938,-9.8027],[-36.6907,-9.8042]]]}},{"type":"Feature","properties":{"codarea":"2704302"},"geometry":{"type":"Polygon","coordinates":[[[-35.7696,-9.3896],[-35.7967,-9.5315],[-35.8144,-9.58],[-35.8034,-9.5876],[-35.8026,-9.5926],[-35.7935,-9.6001],[-35.7824,-9.6223],[-35.7716,-9.6321],[-35.7694,-9.639],[-35.7807,-9.6576],[-35.7802,-9.6669],[-35.7858,-9.67],[-35.7912,-9.6806],[-35.7826,-9.6962],[-35.7898,-9.7112],[-35.7611,-9.6832],[-35.7487,-9.6748],[-35.733,-9.6712],[-35.723,-9.6756],[-35.7083,-9.6651],[-35.6972,-9.6651],[-35.6996,-9.6488],[-35.697,-9.6347],[-35.6909,-9.6199],[-35.6769,-9.6004],[-35.6576,-9.5813],[-35.6508,-9.5685],[-35.6343,-9.5548],[-35.6168,-9.5471],[-35.6142,-9.54],[-35.6071,-9.5328],[-35.5914,-9.5291],[-35.5872,-9.5116],[-35.5793,-9.5029],[-35.5585,-9.4875],[-35.5628,-9.4796],[-35.5769,-9.4729],[-35.5901,-9.4691],[-35.6019,-9.4741],[-35.618,-9.4691],[-35.626,-9.4578],[-35.6262,-9.4478],[-35.6419,-9.4444],[-35.652,-9.436],[-35.6639,-9.4307],[-35.6766,-9.3986],[-35.6906,-9.371],[-35.7696,-9.3896]]]}},{"type":"Feature","properties":{"codarea":"2800308"},"geometry":{"type":"Polygon","coordinates":[[[-37.1545,-11.1616],[-37.144,-11.1339],[-37.1257,-11.1031],[-37.0793,-11.0353],[-37.0581,-11.0062],[-37.0354,-10.9798],[-37.0335,-10.9713],[-37.0346,-10.9573],[-37.0391,-10.9453],[-37.0398,-10.9258],[-37.044,-10.91],[-37.0435,-10.8898],[-37.0398,-10.8841],[-37.0339,-10.8701],[-37.0373,-10.8665],[-37.0525,-10.8627],[-37.0592,-10.8664],[-37.0661,-10.8763],[-37.0718,-10.8664],[-37.0833,-10.8631],[-37.0973,-10.8824],[-37.1036,-10.8858],[-37.1019,-10.8946],[-37.1075,-10.9048],[-37.1021,-10.9171],[-37.0914,-10.941],[-37.1391,-11.0629],[-37.1491,-11.0558],[-37.1611,-11.0584],[-37.1701,-11.0714],[-37.1737,-11.0803],[-37.1621,-11.0938],[-37.1664,-11.1054],[-37.1643,-11.1169],[-37.1655,-11.1433],[-37.1645,-11.1503],[-37.1545,-11.1616]]]}},{"type":"Feature","properties":{"codarea":"2903201"},"geometry":{"type":"Polygon","coordinates":[[[-44.5798,-12.1551],[-44.584,-12.1478],[-44.5928,-12.1494],[-44.5967,-12.1453],[-44.6055,-12.1458],[-44.6178,-12.1408],[-44.6288,-12.1424],[-44.638,-12.1533],[-44.6554,-12.1532],[-44.6841,-12.1613],[-44.697,-12.1728],[-44.7054,-12.1687],[-44.7081,-12.1502],[-44.7173,-12.1248],[-44.7355,-12.1108],[-44.7526,-12.1122],[-44.7583,-12.1154],[-44.7739,-12.115],[-44.78,-12.1052],[-44.7875,-12.1028],[-44.7983,-12.1053],[-44.8038,-12.1179],[-44.8142,-12.1279],[-44.8165,-12.1359],[-44.8342,-12.1474],[-44.8409,-12.1457],[-44.8393,-12.1327],[-44.8414,-12.119],[-44.8556,-12.0954],[-44.8534,-12.0901],[-44.8612,-12.0853],[-44.8643,-12.0737],[-44.8695,-12.0705],[-44.8824,-12.0508],[-44.8956,-12.0458],[-44.9001,-12.04],[-44.9158,-12.034],[-44.9335,-12.0334],[-44.9346,-12.029],[-44.9273,-12.0215],[-44.9292,-12.0073],[-44.9421,-12.0087],[-44.9444,-12.0042],[-44.9589,-12.0039],[-44.9656,-12.0003],[-44.9694,-11.9871],[-44.9789,-11.981],[-44.9885,-11.9711],[-44.9948,-11.9545],[-45.0037,-11.9475],[-45.0035,-11.9408],[-45.0124,-11.9316],[-45.0128,-11.9269],[-45.022,-11.9143],[-45.0227,-11.9049],[-45.0332,-11.9051],[-45.0498,-11.8933],[-45.0559,-11.8792],[-45.0626,-11.8784],[-45.0777,-11.8663],[-45.0818,-11.8678],[-45.094,-11.8575],[-45.1091,-11.8584],[-45.1143,-11.8545],[-45.125,-11.8559],[-45.1414,-11.8501],[-45.1473,-11.8552],[-45.1586,-11.8503],[-45.1663,-11.853],[-45.1699,-11.846],[-45.1676,-11.8333],[-45.1734,-11.8277],[-45.1777,-11.8176],[-45.185,-11.8136],[-45.195,-11.8024],[-45.209,-11.8019],[-45.2082,-11.7944],[-45.2192,-11.7916],[-45.227,-11.7842],[-45.2295,-11.7751],[-45.2492,-11.7709],[-45.2618,-11.7612],[-45.2714,-11.76],[-45.2682,-11.75],[-45.2759,-11.7474],[-45.2809,-11.7414],[-45.3013,-11.7425],[-45.312,-11.7345],[-45.3234,-11.7322],[-45.3339,-11.7358],[-45.3424,-11.7351],[-45.3455,-11.7416],[-45.3527,-11.7386],[-45.3584,-11.745],[-45.3761,-11.7508],[-45.3834,-11.762],[-45.3942,-11.7707],[-45.4065,-11.7739],[-45.4096,-11.7779],[-45.4508,-11.7785],[-45.4721,-11.7675],[-45.4923,-11.7672],[-45.5125,-11.7714],[-45.5217,-11.7707],[-45.5381,-11.7793],[-45.5584,-11.779],[-45.5694,-11.7843],[-45.5849,-11.7883],[-45.6084,-11.7886],[-45.6183,-11.7839],[-45.6239,-11.7887],[-45.6378,-11.7897],[-45.6396,-11.7791],[-45.6591,-11.777],[-45.6688,-11.7704],[-45.6695,-11.764],[-45.6781,-11.7505],[-45.7007,-11.7366],[-45.7086,-11.7388],[-45.7276,-11.7336],[-45.7417,-11.7224],[-45.7528,-11.716],[-45.7713,-11.7082],[-45.7803,-11.7014],[-45.7961,-11.6961],[-45.8053,-11.6958],[-45.8233,-11.6872],[-45.833,-11.665],[-45.8465,-11.6523],[-45.8601,-11.6456],[-45.8838,-11.6492],[-45.9102,-11.6415],[-45.923,-11.635],[-45.9454,-11.6364],[-45.9649,-11.6273],[-45.986,-11.6268],[-46.0042,-11.6235],[-46.0238,-11.6243],[-46.0552,-11.6195],[-46.0684,-11.6192],[-46.0809,-11.624],[-46.0902,-11.6234],[-46.1073,-11.6257],[-46.1253,-11.6208],[-46.1423,-11.6264],[-46.1445,-11.6243],[-46.1467,-11.6452],[-46.1551,-11.6502],[-46.1759,-11.6468],[-46.1993,-11.6482],[-46.2063,-11.6395],[-46.215,-11.6425],[-46.2265,-11.6363],[-46.2385,-11.6224],[-46.2361,-11.6105],[-46.244,-11.6054],[-46.2746,-11.6071],[-46.2814,-11.6145],[-46.2869,-11.6158],[-46.3068,-11.6072],[-46.328,-11.6094],[-46.3351,-11.6126],[-46.3411,-11.6102],[-46.3456,-11.6192],[-46.3545,-11.6195],[-46.3603,-11.6152],[-46.3669,-11.6202],[-46.3726,-11.6179],[-46.3848,-11.6268],[-46.388,-11.6393],[-46.3849,-11.6458],[-46.3597,-11.6319],[-46.3383,-11.6421],[-46.3435,-11.6546],[-46.3376,-11.6676],[-46.3279,-11.6763],[-46.3198,-11.6747],[-46.3129,-11.6781],[-46.3078,-11.6866],[-46.3184,-11.6974],[-46.3252,-11.7098],[-46.3226,-11.7167],[-46.3282,-11.7203],[-46.3421,-11.7375],[-46.3574,-11.7452],[-46.3647,-11.7418],[-46.377,-11.7486],[-46.3778,-11.7552],[-46.3736,-11.7682],[-46.3565,-11.7625],[-46.3539,-11.7581],[-46.3432,-11.7616],[-46.3563,-11.774],[-46.3453,-11.7751],[-46.3363,-11.7689],[-46.3287,-11.7734],[-46.3443,-11.7871],[-46.3468,-11.7949],[-46.3376,-11.794],[-46.3376,-11.8131],[-46.3409,-11.8164],[-46.3471,-11.8106],[-46.355,-11.8212],[-46.3496,-11.8355],[-46.3575,-11.8408],[-46.3675,-11.8328],[-46.373,-11.8323],[-46.3809,-11.8404],[-46.3762,-11.8466],[-46.3805,-11.867],[-46.3678,-11.8889],[-46.3594,-11.8834],[-46.3494,-11.8867],[-46.3362,-11.8979],[-46.3315,-11.898],[-46.3223,-11.9078],[-46.3068,-11.9137],[-46.2967,-11.9143],[-46.289,-11.9097],[-46.2817,-11.918],[-46.2779,-11.9151],[-46.2636,-11.916],[-46.258,-11.9116],[-46.2477,-11.9193],[-46.2303,-11.9161],[-46.2142,-11.9083],[-46.2037,-11.9075],[-46.19,-11.9032],[-46.1801,-11.9072],[-46.192,-11.9168],[-46.1932,-11.9209],[-46.2079,-11.9225],[-46.2328,-11.9364],[-46.2441,-11.9386],[-46.2615,-11.9354],[-46.2762,-11.9362],[-46.2796,-11.9386],[-46.2967,-11.9377],[-46.3082,-11.9432],[-46.3163,-11.9424],[-46.3212,-11.949],[-46.3363,-11.9544],[-46.3415,-11.966],[-46.3473,-11.9656],[-46.3531,-11.9776],[-46.3647,-11.9807],[-46.3639,-11.9909],[-46.3698,-11.9915],[-46.3747,-11.9992],[-46.3882,-12.0042],[-46.3893,-12.0105],[-46.402,-12.0166],[-46.4079,-12.015],[-46.4215,-12.0175],[-46.4219,-12.0286],[-46.4383,-12.0315],[-46.4449,-12.0262],[-46.4555,-12.0296],[-46.4614,-12.036],[-46.4711,-12.0373],[-46.4785,-12.0428],[-46.4785,-12.0489],[-46.4649,-12.0455],[-46.453,-12.0499],[-46.4511,-12.0543],[-46.4216,-12.0505],[-46.4142,-12.0479],[-46.3889,-12.0488],[-46.148,-12.0333],[-46.1505,-12.025],[-46.1464,-12.015],[-46.1377,-12.0082],[-46.1227,-12.0027],[-46.1061,-11.9986],[-46.0932,-11.9904],[-46.0784,-11.976],[-46.068,-11.9687],[-46.0543,-11.9621],[-46.0462,-11.955],[-46.0269,-11.9445],[-46.0131,-11.9315],[-45.9908,-11.9189],[-45.9836,-11.9116],[-45.9757,-11.899],[-45.9714,-11.8968],[-45.9455,-11.8644],[-45.9286,-11.8757],[-45.9176,-11.8759],[-45.8926,-11.8809],[-45.883,-11.8806],[-45.8759,-11.8765],[-45.8667,-11.8784],[-45.8467,-11.8775],[-45.8329,-11.8805],[-45.823,-11.8868],[-45.8052,-11.8792],[-45.7932,-11.8686],[-45.7835,-11.8727],[-45.7775,-11.8677],[-45.7665,-11.8687],[-45.7554,-11.8758],[-45.75,-11.8739],[-45.7434,-11.8795],[-45.7269,-11.8804],[-45.7214,-11.8875],[-45.7024,-11.8964],[-45.6966,-11.9009],[-45.6894,-11.8999],[-45.6788,-11.9033],[-45.6774,-11.9081],[-45.661,-11.9144],[-45.7028,-12.1158],[-45.7462,-12.3252],[-45.7648,-12.4113],[-45.752,-12.4121],[-45.7379,-12.4073],[-45.7189,-12.3968],[-45.676,-12.3974],[-45.6665,-12.3933],[-45.6485,-12.3933],[-45.6362,-12.3979],[-45.6164,-12.3954],[-45.6053,-12.3965],[-45.5962,-12.401],[-45.5782,-12.4005],[-45.5403,-12.3909],[-45.5112,-12.3735],[-45.4984,-12.3704],[-45.4866,-12.365],[-45.4773,-12.3665],[-45.4645,-12.3768],[-45.443,-12.3673],[-45.4262,-12.3725],[-45.4059,-12.3702],[-45.3932,-12.375],[-45.3837,-12.3756],[-45.3666,-12.3844],[-45.3488,-12.3887],[-45.331,-12.402],[-45.3121,-12.4111],[-45.2989,-12.4144],[-45.2838,-12.422],[-45.2632,-12.4236],[-45.2479,-12.4212],[-45.236,-12.4271],[-45.2269,-12.4257],[-45.2158,-12.4118],[-45.2054,-12.3844],[-45.1981,-12.3765],[-45.1867,-12.3781],[-45.168,-12.3685],[-45.1589,-12.3526],[-45.1565,-12.3439],[-45.1496,-12.3333],[-45.1331,-12.3224],[-45.1254,-12.3228],[-45.1025,-12.3362],[-45.0862,-12.3329],[-45.0779,-12.3345],[-45.0679,-12.3297],[-45.0644,-12.3235],[-45.0428,-12.3155],[-45.0377,-12.3198],[-45.0223,-12.3202],[-44.9273,-12.2931],[-44.8682,-12.2617],[-44.8525,-12.2609],[-44.8277,-12.2479],[-44.8164,-12.2352],[-44.8016,-12.2284],[-44.7966,-12.2235],[-44.7863,-12.2207],[-44.7507,-12.2287],[-44.7421,-12.2271],[-44.7254,-12.2204],[-44.7065,-12.2075],[-44.689,-12.1893],[-44.6765,-12.1792],[-44.6559,-12.1698],[-44.6376,-12.1687],[-44.6235,-12.1743],[-44.6075,-12.1711],[-44.5798,-12.1551]]]}},{"type":"Feature","properties":{"codarea":"2910727"},"geometry":{"type":"Polygon","coordinates":[[[-39.4695,-16.0944],[-39.4852,-16.084],[-39.493,-16.0831],[-39.5105,-16.0969],[-39.5094,-16.1038],[-39.5157,-16.1122],[-39.5223,-16.1128],[-39.5236,-16.1207],[-39.5313,-16.1236],[-39.5432,-16.1161],[-39.553,-16.1204],[-39.5595,-16.1314],[-39.5953,-16.1537],[-39.7531,-16.1972],[-39.8316,-16.2374],[-39.8363,-16.233],[-39.8455,-16.2354],[-39.8639,-16.2528],[-39.8641,-16.2664],[-39.8592,-16.2736],[-39.8512,-16.2725],[-39.8426,-16.295],[-39.8369,-16.2975],[-39.8187,-16.3212],[-39.8135,-16.3225],[-39.8069,-16.3307],[-39.7954,-16.3387],[-39.7882,-16.3497],[-39.7787,-16.3542],[-39.76,-16.3839],[-39.7557,-16.3936],[-39.764,-16.4074],[-39.7728,-16.4155],[-39.7648,-16.4293],[-39.7626,-16.4399],[-39.7545,-16.4517],[-39.7431,-16.4524],[-39.7393,-16.4485],[-39.7213,-16.4413],[-39.7248,-16.4626],[-39.735,-16.4712],[-39.7339,-16.4822],[-39.7407,-16.5032],[-39.7364,-16.5136],[-39.7283,-16.5173],[-39.6984,-16.5478],[-39.6984,-16.5126],[-39.6811,-16.5039],[-39.6669,-16.5083],[-39.6512,-16.5051],[-39.6427,-16.4879],[-39.6277,-16.4776],[-39.6195,-16.4787],[-39.6085,-16.4687],[-39.6075,-16.4608],[-39.5997,-16.4603],[-39.5979,-16.4677],[-39.5893,-16.4717],[-39.5759,-16.4713],[-39.554,-16.4779],[-39.5479,-16.4779],[-39.5333,-16.4857],[-39.5191,-16.4953],[-39.5051,-16.444],[-39.4829,-16.4074],[-39.474,-16.4019],[-39.4684,-16.4038],[-39.4568,-16.3919],[-39.4417,-16.3266],[-39.4387,-16.2826],[-39.4174,-16.2798],[-39.3956,-16.2823],[-39.3864,-16.275],[-39.3837,-16.2662],[-39.3921,-16.2648],[-39.4207,-16.2329],[-39.4027,-16.098],[-39.4049,-16.0895],[-39.4122,-16.0828],[-39.4198,-16.0859],[-39.4261,-16.084],[-39.433,-16.0768],[-39.4695,-16.0944]]]}},{"type":"Feature","properties":{"codarea":"2910800"},"geometry":{"type":"Polygon","coordinates":[[[-38.8115,-12.3375],[-38.8192,-12.3215],[-38.8388,-12.3089],[-38.8386,-12.2993],[-38.8491,-12.2898],[-38.8515,-12.2817],[-38.8502,-12.2683],[-38.8391,-12.2636],[-38.8423,-12.2427],[-38.848,-12.2426],[-38.8528,-12.2341],[-38.8511,-12.2278],[-38.8577,-12.2202],[-38.854,-12.2038],[-38.8561,-12.1924],[-38.866,-12.1912],[-38.8661,-12.1801],[-38.8728,-12.1757],[-38.8838,-12.1563],[-38.8804,-12.1492],[-38.8815,-12.132],[-38.8891,-12.1256],[-38.8918,-12.1165],[-38.88,-12.1059],[-38.8746,-12.0968],[-38.8794,-12.0858],[-38.8785,-12.0737],[-38.8971,-12.0558],[-38.9044,-12.0279],[-38.9098,-12.0275],[-38.9208,-12.0159],[-38.9414,-12.0269],[-38.9588,-12.023],[-38.9642,-12.0191],[-38.9708,-12.0247],[-38.9808,-12.0545],[-38.9886,-12.0593],[-39.0102,-12.0565],[-39.0201,-12.0589],[-39.0417,-12.0531],[-39.0626,-12.0262],[-39.0585,-12.0359],[-39.0619,-12.0402],[-39.0604,-12.0582],[-39.0565,-12.0626],[-39.0676,-12.0702],[-39.072,-12.0661],[-39.0919,-12.0699],[-39.0924,-12.0596],[-39.0891,-12.0554],[-39.1114,-12.0526],[-39.1441,-12.0336],[-39.1571,-12.0328],[-39.1621,-12.0276],[-39.1785,-12.0294],[-39.1748,-12.0166],[-39.1782,-12.0108],[-39.1739,-11.9913],[-39.175,-11.9814],[-39.2967,-11.9908],[-39.2894,-11.9973],[-39.2871,-12.022],[-39.2805,-12.0228],[-39.2597,-12.0423],[-39.2555,-12.0499],[-39.235,-12.0712],[-39.2145,-12.0961],[-39.2134,-12.1045],[-39.2019,-12.1062],[-39.1836,-12.1129],[-39.1771,-12.1179],[-39.176,-12.1568],[-39.1869,-12.1818],[-39.1166,-12.1905],[-39.0767,-12.2325],[-39.1312,-12.2606],[-39.1512,-12.2636],[-39.1667,-12.2493],[-39.1679,-12.243],[-39.1813,-12.2308],[-39.1922,-12.2236],[-39.2182,-12.2148],[-39.2246,-12.218],[-39.2345,-12.2167],[-39.238,-12.2126],[-39.2637,-12.1999],[-39.27,-12.1864],[-39.2861,-12.1777],[-39.2929,-12.1871],[-39.2808,-12.2026],[-39.2844,-12.2162],[-39.2721,-12.2298],[-39.2664,-12.2279],[-39.2617,-12.2345],[-39.2638,-12.2428],[-39.2535,-12.2563],[-39.2507,-12.2649],[-39.2362,-12.2726],[-39.2323,-12.2811],[-39.237,-12.2898],[-39.2209,-12.2954],[-39.1997,-12.2952],[-39.1888,-12.2836],[-39.1832,-12.2855],[-39.1755,-12.2774],[-39.1587,-12.2742],[-39.1493,-12.2704],[-39.1383,-12.2792],[-39.1334,-12.2941],[-39.1209,-12.3105],[-39.1235,-12.3156],[-39.1156,-12.3229],[-39.1101,-12.3455],[-39.0897,-12.3563],[-39.0706,-12.3598],[-39.0701,-12.3722],[-39.0802,-12.3791],[-39.0736,-12.3869],[-39.0735,-12.3956],[-39.0668,-12.406],[-39.0531,-12.4101],[-39.0464,-12.4173],[-39.0385,-12.4185],[-39.0236,-12.4089],[-39.0213,-12.3985],[-39.0103,-12.3924],[-39.0145,-12.3875],[-39.0126,-12.3721],[-39.023,-12.367],[-39.0247,-12.3553],[-39.0082,-12.3483],[-39.0014,-12.3401],[-39.005,-12.335],[-38.9989,-12.3219],[-38.9937,-12.3188],[-38.9964,-12.3111],[-38.9561,-12.3009],[-38.908,-12.3862],[-38.8382,-12.4088],[-38.8297,-12.4031],[-38.8274,-12.3967],[-38.8354,-12.3826],[-38.8386,-12.3714],[-38.8335,-12.3683],[-38.8487,-12.35],[-38.8377,-12.3473],[-38.8318,-12.3525],[-38.8231,-12.3468],[-38.8196,-12.3402],[-38.8115,-12.3375]]]}},{"type":"Feature","properties":{"codarea":"2913606"},"geometry":{"type":"Polygon","coordinates":[[[-39.163,-15.0527],[-39.1563,-15.0556],[-39.1493,-15.0509],[-39.1427,-15.0416],[-39.1316,-15.0358],[-39.1268,-15.0387],[-39.1193,-15.0571],[-39.109,-15.0654],[-39.1042,-15.0655],[-39.0876,-15.0806],[-39.0782,-15.0865],[-39.0815,-15.0935],[-39.0702,-15.0963],[-39.0631,-15.1034],[-39.0604,-15.1107],[-39.0489,-15.1082],[-39.0443,-15.1116],[-39.0335,-15.1059],[-39.0284,-15.0974],[-39.0209,-15.0915],[-39.0109,-15.0959],[-38.9963,-15.0852],[-38.9966,-15.0021],[-38.9976,-14.9867],[-39.0037,-14.9712],[-39.0068,-14.9515],[-39.0129,-14.9391],[-39.018,-14.9234],[-39.0217,-14.8942],[-39.0242,-14.8446],[-39.0242,-14.805],[-39.0295,-14.8029],[-39.0277,-14.7829],[-39.0379,-14.7843],[-39.0491,-14.7774],[-39.0557,-14.7674],[-39.0622,-14.747],[-39.065,-14.7085],[-39.0652,-14.6737],[-39.0633,-14.6367],[-39.0616,-14.625],[-39.0529,-14.5988],[-39.0525,-14.589],[-39.0485,-14.5811],[-39.0475,-14.5687],[-39.0427,-14.5593],[-39.0351,-14.5316],[-39.0343,-14.5153],[-39.0401,-14.5078],[-39.0417,-14.4982],[-39.0591,-14.5077],[-39.0637,-14.515],[-39.0737,-14.5203],[-39.1453,-14.5299],[-39.1414,-14.5421],[-39.1767,-14.5687],[-39.1803,-14.5758],[-39.1818,-14.5943],[-39.1932,-14.6038],[-39.1945,-14.6099],[-39.2721,-14.638],[-39.3309,-14.6247],[-39.347,-14.6217],[-39.3542,-14.624],[-39.3581,-14.6123],[-39.3645,-14.609],[-39.3631,-14.5911],[-39.358,-14.5789],[-39.373,-14.5622],[-39.3852,-14.5571],[-39.4005,-14.5558],[-39.3988,-14.5476],[-39.3843,-14.526],[-39.3984,-14.5197],[-39.3906,-14.5141],[-39.3821,-14.4984],[-39.384,-14.4909],[-39.3727,-14.4795],[-39.3666,-14.4661],[-39.3643,-14.4502],[-39.4902,-14.4196],[-39.4948,-14.4323],[-39.505,-14.4397],[-39.5076,-14.4508],[-39.5154,-14.4611],[-39.5108,-14.4752],[-39.5248,-14.5187],[-39.5363,-14.5243],[-39.5393,-14.5351],[-39.5506,-14.5618],[-39.5111,-14.5476],[-39.4497,-14.6128],[-39.4438,-14.6126],[-39.4257,-14.6185],[-39.4198,-14.6233],[-39.4044,-14.6283],[-39.3956,-14.6401],[-39.3548,-14.6606],[-39.3502,-14.6557],[-39.2908,-14.6929],[-39.2805,-14.7163],[-39.2618,-14.7558],[-39.2471,-14.7584],[-39.2459,-14.7898],[-39.2406,-14.8578],[-39.2357,-14.8482],[-39.2085,-14.8448],[-39.2042,-14.853],[-39.2166,-14.8578],[-39.2165,-14.8672],[-39.2231,-14.8723],[-39.2201,-14.885],[-39.2118,-14.8889],[-39.2011,-14.8883],[-39.1999,-14.905],[-39.2112,-14.9088],[-39.2206,-14.9468],[-39.2033,-14.9968],[-39.2013,-15.0061],[-39.1909,-15.0072],[-39.1813,-15.0168],[-39.1704,-15.0231],[-39.1619,-15.0385],[-39.163,-15.0527]]]}},{"type":"Feature","properties":{"codarea":"2914802"},"geometry":{"type":"Polygon","coordinates":[[[-39.2112,-14.9088],[-39.1999,-14.905],[-39.2011,-14.8883],[-39.2118,-14.8889],[-39.2201,-14.885],[-39.2231,-14.8723],[-39.2165,-14.8672],[-39.2166,-14.8578],[-39.2042,-14.853],[-39.2085,-14.8448],[-39.2357,-14.8482],[-39.2406,-14.8578],[-39.2459,-14.7898],[-39.2471,-14.7584],[-39.2618,-14.7558],[-39.2805,-14.7163],[-39.2908,-14.6929],[-39.2975,-14.6917],[-39.3062,-14.7038],[-39.3159,-14.7049],[-39.3266,-14.7117],[-39.3293,-14.7188],[-39.3397,-14.729],[-39.3435,-14.7239],[-39.3515,-14.7279],[-39.3578,-14.7637],[-39.3667,-14.777],[-39.3752,-14.7813],[-39.3855,-14.8068],[-39.3952,-14.811],[-39.401,-14.8224],[-39.405,-14.8372],[-39.4017,-14.8524],[-39.3934,-14.8561],[-39.3852,-14.8494],[-39.3781,-14.8518],[-39.3651,-14.8512],[-39.36,-14.865],[-39.3588,-14.8762],[-39.3634,-14.8801],[-39.3643,-14.8946],[-39.3742,-14.9082],[-39.3758,-14.9274],[-39.3782,-14.936],[-39.3877,-14.9523],[-39.3933,-14.9731],[-39.3977,-14.9772],[-39.4138,-14.9999],[-39.4189,-15.0119],[-39.4158,-15.0178],[-39.4168,-15.0266],[-39.4124,-15.0332],[-39.4042,-15.0236],[-39.3937,-15.0214],[-39.3862,-15.0271],[-39.3776,-15.0244],[-39.3722,-15.0163],[-39.3666,-15.0197],[-39.3569,-15.0045],[-39.3598,-14.9999],[-39.354,-14.993],[-39.3618,-14.9872],[-39.3666,-14.9768],[-39.3635,-14.9666],[-39.3505,-14.965],[-39.3432,-14.9482],[-39.3369,-14.9446],[-39.3281,-14.9319],[-39.3149,-14.9299],[-39.3066,-14.9158],[-39.302,-14.9299],[-39.2919,-14.9336],[-39.2863,-14.9319],[-39.2698,-14.935],[-39.2637,-14.9317],[-39.2529,-14.9316],[-39.2487,-14.937],[-39.2403,-14.938],[-39.2307,-14.9348],[-39.2247,-14.9275],[-39.2212,-14.9134],[-39.2112,-14.9088]]]}},{"type":"Feature","properties":{"codarea":"2927408"},"geometry":{"type":"Polygon","coordinates":[[[-38.5856,-13.0127],[-38.5278,-13.0099],[-38.5078,-13.0123],[-38.4927,-13.0117],[-38.487,-13.0173],[-38.4819,-13.0148],[-38.4687,-13.0149],[-38.4583,-13.0069],[-38.4404,-12.9962],[-38.4322,-12.9864],[-38.3982,-12.9633],[-38.385,-12.956],[-38.3644,-12.9507],[-38.3535,-12.9571],[-38.3348,-12.9449],[-38.3175,-12.9284],[-38.3043,-12.9109],[-38.3062,-12.9038],[-38.3162,-12.9053],[-38.3267,-12.8981],[-38.3321,-12.9034],[-38.3388,-12.9034],[-38.3549,-12.8947],[-38.3544,-12.8612],[-38.3522,-12.8529],[-38.3534,-12.8391],[-38.3588,-12.8315],[-38.374,-12.8243],[-38.3879,-12.8345],[-38.3928,-12.844],[-38.3899,-12.8536],[-38.4007,-12.862],[-38.4025,-12.8726],[-38.4066,-12.8735],[-38.416,-12.867],[-38.4281,-12.8494],[-38.4411,-12.8396],[-38.4504,-12.8458],[-38.464,-12.8294],[-38.4662,-12.8147],[-38.4605,-12.7977],[-38.4623,-12.7915],[-38.4742,-12.7845],[-38.4802,-12.7848],[-38.4913,-12.7908],[-38.5038,-12.7793],[-38.508,-12.767],[-38.5085,-12.7483],[-38.5157,-12.7436],[-38.5254,-12.7437],[-38.535,-12.7387],[-38.5467,-12.7362],[-38.5664,-12.7365],[-38.5879,-12.7339],[-38.5879,-12.754],[-38.6952,-12.7541],[-38.6993,-12.7866],[-38.6986,-12.8006],[-38.6956,-12.8164],[-38.688,-12.8305],[-38.6749,-12.8454],[-38.6615,-12.855],[-38.6433,-12.865],[-38.6058,-12.8824],[-38.5888,-12.8926],[-38.5812,-12.8993],[-38.5678,-12.9152],[-38.5611,-12.9327],[-38.5605,-12.9521],[-38.5652,-12.9661],[-38.5805,-12.9891],[-38.5846,-12.9987],[-38.5856,-13.0127]]]}},{"type":"Feature","properties":{"codarea":"2933307"},"geometry":{"type":"Polygon","coordinates":[[[-40.7018,-15.0764],[-40.699,-15.0673],[-40.7092,-15.0535],[-40.7106,-15.0379],[-40.7003,-15.0266],[-40.7057,-15.0153],[-40.7122,-15.0138],[-40.7402,-15.0008],[-40.7232,-14.9746],[-40.7186,-14.9585],[-40.7225,-14.9527],[-40.7128,-14.9404],[-40.7173,-14.9273],[-40.7135,-14.9173],[-40.7211,-14.9083],[-40.7233,-14.8979],[-40.7181,-14.8954],[-40.7176,-14.8863],[-40.7078,-14.8719],[-40.7041,-14.8632],[-40.6835,-14.8381],[-40.6689,-14.8281],[-40.5255,-14.7564],[-40.6146,-14.6709],[-40.7487,-14.6754],[-40.9588,-14.6743],[-40.9637,-14.7887],[-41.1715,-14.8537],[-41.1703,-14.8613],[-41.1529,-14.862],[-41.152,-14.8739],[-41.1468,-14.8809],[-41.1439,-14.8987],[-41.1478,-14.9091],[-41.1489,-14.9221],[-41.1358,-14.9343],[-41.1381,-14.9375],[-41.1345,-14.9494],[-41.14,-14.9636],[-41.1261,-14.9768],[-41.1291,-14.985],[-41.125,-14.9952],[-41.1123,-15.0114],[-41.0958,-15.0286],[-41.0881,-15.0421],[-41.0884,-15.0775],[-41.096,-15.0944],[-41.0937,-15.101],[-41.0938,-15.1141],[-41.1123,-15.1315],[-41.1161,-15.1321],[-41.1247,-15.1572],[-41.1297,-15.1672],[-41.1422,-15.1742],[-41.161,-15.1885],[-41.164,-15.1996],[-41.1478,-15.2321],[-41.1549,-15.247],[-41.1534,-15.2552],[-41.1582,-15.2647],[-41.1577,-15.2772],[-41.1547,-15.2861],[-41.1588,-15.295],[-41.1584,-15.3102],[-41.1448,-15.3043],[-41.1448,-15.3451],[-41.1366,-15.356],[-41.1378,-15.3629],[-41.1332,-15.3719],[-41.143,-15.3861],[-41.1398,-15.4021],[-41.1153,-15.4141],[-41.1075,-15.421],[-41.0974,-15.4222],[-41.089,-15.4358],[-41.0917,-15.4395],[-41.0783,-15.4595],[-41.0568,-15.4598],[-41.0472,-15.4655],[-41.0456,-15.4716],[-41.0344,-15.4728],[-41.0201,-15.4701],[-41.0097,-15.477],[-41.0026,-15.4783],[-40.993,-15.474],[-40.9891,-15.4777],[-40.9754,-15.4758],[-40.9714,-15.4703],[-40.9557,-15.4651],[-40.9493,-15.4496],[-40.9356,-15.4444],[-40.936,-15.4379],[-40.9261,-15.4227],[-40.9337,-15.4196],[-40.9313,-15.4088],[-40.9268,-15.4056],[-40.9328,-15.3972],[-40.9283,-15.3884],[-40.9345,-15.3836],[-40.9333,-15.3715],[-40.9414,-15.3589],[-40.9343,-15.3522],[-40.9337,-15.339],[-40.9061,-15.3203],[-40.9063,-15.3091],[-40.8949,-15.2992],[-40.8855,-15.2977],[-40.8818,-15.2935],[-40.8601,-15.2946],[-40.8468,-15.2969],[-40.8412,-15.3038],[-40.8355,-15.2976],[-40.8203,-15.3041],[-40.8174,-15.2958],[-40.8225,-15.2877],[-40.817,-15.2853],[-40.8267,-15.2782],[-40.8476,-15.2694],[-40.8199,-15.2027],[-40.7018,-15.0764]]]}},{"type":"Feature","properties":{"codarea":"3106200"},"geometry":{"type":"Polygon","coordinates":[[[-43.8701,-19.9279],[-43.871,-19.9192],[-43.8768,-19.9143],[-43.892,-19.8863],[-43.9078,-19.8834],[-43.9098,-19.8763],[-43.9004,-19.8766],[-43.8959,-19.8656],[-43.8842,-19.8624],[-43.8775,-19.8685],[-43.8632,-19.8559],[-43.8674,-19.8456],[-43.8657,-19.8322],[-43.862,-19.8278],[-43.8744,-19.8202],[-43.8765,-19.8133],[-43.8898,-19.8163],[-43.8973,-19.8038],[-43.9098,-19.8025],[-43.9129,-19.7971],[-43.9209,-19.8022],[-43.9359,-19.7952],[-43.9404,-19.7994],[-43.9478,-19.7928],[-43.9461,-19.7772],[-43.9582,-19.7779],[-43.9685,-19.7885],[-43.9754,-19.7823],[-43.9901,-19.7871],[-43.991,-19.7959],[-44.0003,-19.8004],[-44.0006,-19.8054],[-44.0084,-19.8141],[-44.0056,-19.8204],[-44.0123,-19.8298],[-44.0168,-19.8308],[-44.02,-19.8384],[-44.0163,-19.847],[-44.0087,-19.8535],[-44.021,-19.8664],[-44.0131,-19.8821],[-44.0158,-19.8917],[-44.0256,-19.8999],[-44.0278,-19.9183],[-44.0236,-19.9253],[-44.0268,-19.9351],[-44.0238,-19.9435],[-44.0117,-19.9469],[-44.0143,-19.9568],[-44.012,-19.963],[-44.0157,-19.9702],[-44.0236,-19.9721],[-44.0385,-19.9827],[-44.0506,-19.9727],[-44.0629,-19.9768],[-44.0577,-19.9801],[-44.0537,-19.9974],[-44.0481,-19.9976],[-44.0404,-20.0134],[-44.0268,-20.0291],[-44.0093,-20.0417],[-44.0186,-20.0543],[-44.0133,-20.0597],[-44.0011,-20.0567],[-43.9965,-20.0451],[-43.998,-20.0381],[-43.9934,-20.0337],[-43.977,-20.0108],[-43.9639,-20.003],[-43.9477,-19.9825],[-43.9397,-19.9754],[-43.9108,-19.961],[-43.888,-19.9414],[-43.8701,-19.9279]]]}},{"type":"Feature","properties":{"codarea":"3118601"},"geometry":{"type":"Polygon","coordinates":[[[-44.0629,-19.9768],[-44.0506,-19.9727],[-44.0385,-19.9827],[-44.0236,-19.9721],[-44.0157,-19.9702],[-44.012,-19.963],[-44.0143,-19.9568],[-44.0117,-19.9469],[-44.0238,-19.9435],[-44.0268,-19.9351],[-44.0236,-19.9253],[-44.0278,-19.9183],[-44.0256,-19.8999],[-44.0158,-19.8917],[-44.0131,-19.8821],[-44.021,-19.8664],[-44.0087,-19.8535],[-44.0163,-19.847],[-44.02,-19.8384],[-44.0168,-19.8308],[-44.026,-19.8294],[-44.0359,-19.8347],[-44.0436,-19.8322],[-44.0574,-19.8449],[-44.0681,-19.8451],[-44.0796,-19.8413],[-44.0819,-19.8348],[-44.0913,-19.8301],[-44.1021,-19.8207],[-44.1013,-19.809],[-44.1104,-19.8078],[-44.1193,-19.7996],[-44.1351,-19.7988],[-44.1463,-19.8196],[-44.1587,-19.8268],[-44.1554,-19.8399],[-44.162,-19.8422],[-44.1497,-19.8559],[-44.158,-19.888],[-44.1549,-19.9055],[-44.1562,-19.9103],[-44.1508,-19.9209],[-44.1375,-19.9265],[-44.1275,-19.927],[-44.125,-19.9329],[-44.1127,-19.9356],[-44.1084,-19.9279],[-44.0962,-19.9299],[-44.0831,-19.9353],[-44.0689,-19.9488],[-44.0675,-19.9561],[-44.0756,-19.9672],[-44.0629,-19.9768]]]}},{"type":"Feature","properties":{"codarea":"3122306"},"geometry":{"type":"Polygon","coordinates":[[[-44.758,-20.2534],[-44.7633,-20.2462],[-44.76,-20.2398],[-44.7512,-20.237],[-44.7527,-20.2221],[-44.7634,-20.2207],[-44.7661,-20.2121],[-44.7746,-20.2064],[-44.7751,-20.201],[-44.7934,-20.1822],[-44.8029,-20.1662],[-44.8104,-20.1639],[-44.8029,-20.1463],[-44.8152,-20.133],[-44.8209,-20.1171],[-44.8124,-20.1084],[-44.8196,-20.1058],[-44.8303,-20.1102],[-44.8426,-20.1094],[-44.8426,-20.1025],[-44.8608,-20.0904],[-44.8639,-20.0714],[-44.8671,-20.0687],[-44.8881,-20.0748],[-44.8874,-20.0593],[-44.8741,-20.0554],[-44.8673,-20.0425],[-44.8669,-20.0371],[-44.8873,-20.03],[-44.8919,-20.0177],[-44.8933,-20.0064],[-44.901,-19.9956],[-44.8959,-19.982],[-44.9053,-19.9745],[-44.9162,-19.9763],[-44.9168,-19.9696],[-44.903,-19.9647],[-44.8986,-19.9595],[-44.9056,-19.9508],[-44.8918,-19.9457],[-44.8838,-19.9538],[-44.8775,-19.9447],[-44.8834,-19.9217],[-44.8879,-19.9183],[-44.8953,-19.9284],[-44.905,-19.9365],[-44.9151,-19.9375],[-44.9193,-19.9425],[-44.9344,-19.9377],[-44.9507,-19.9421],[-44.9586,-19.9341],[-44.9648,-19.9348],[-44.9682,-19.9416],[-44.9549,-19.9626],[-44.9582,-19.981],[-44.964,-19.9921],[-44.9862,-20.0089],[-44.9965,-20.0111],[-45.0084,-20.0083],[-45.0155,-20.0104],[-45.0259,-20.0067],[-45.0353,-20],[-45.0399,-19.9926],[-45.0455,-19.9954],[-45.0446,-20.009],[-45.0472,-20.0117],[-45.048,-20.0203],[-45.0651,-20.0434],[-45.0697,-20.046],[-45.0782,-20.0627],[-45.0855,-20.0667],[-45.0923,-20.0637],[-45.1105,-20.065],[-45.1223,-20.076],[-45.1203,-20.0855],[-45.1067,-20.0969],[-45.1101,-20.1093],[-45.109,-20.1162],[-45.0968,-20.1229],[-45.0943,-20.1286],[-45.0847,-20.1328],[-45.0803,-20.1446],[-45.0715,-20.1495],[-45.0646,-20.1454],[-45.0554,-20.1462],[-45.0379,-20.1622],[-45.0263,-20.163],[-45.0212,-20.1701],[-45.0145,-20.1662],[-45.0084,-20.171],[-45.0068,-20.1853],[-45.0011,-20.189],[-44.9904,-20.1875],[-44.9816,-20.1915],[-44.983,-20.1964],[-44.9661,-20.2138],[-44.9593,-20.2095],[-44.9416,-20.2093],[-44.925,-20.2225],[-44.9186,-20.2171],[-44.9126,-20.2202],[-44.9123,-20.2438],[-44.9163,-20.2498],[-44.9128,-20.2555],[-44.9044,-20.2591],[-44.8989,-20.2582],[-44.892,-20.2655],[-44.8959,-20.2772],[-44.8917,-20.2855],[-44.8816,-20.2922],[-44.8872,-20.3036],[-44.8705,-20.3063],[-44.8519,-20.2934],[-44.8467,-20.2954],[-44.8387,-20.2881],[-44.8228,-20.2788],[-44.8112,-20.2773],[-44.8096,-20.2699],[-44.8022,-20.2629],[-44.7972,-20.2659],[-44.7853,-20.2573],[-44.7835,-20.2525],[-44.7737,-20.2494],[-44.7651,-20.2546],[-44.758,-20.2534]]]}},{"type":"Feature","properties":{"codarea":"3127701"},"geometry":{"type":"Polygon","coordinates":[[[-41.7134,-18.9101],[-41.7111,-18.8892],[-41.7016,-18.873],[-41.6921,-18.866],[-41.6842,-18.8638],[-41.6869,-18.8573],[-41.6783,-18.8438],[-41.6832,-18.8375],[-41.6868,-18.8204],[-41.6776,-18.8097],[-41.6778,-18.8017],[-41.6899,-18.7948],[-41.6839,-18.773],[-41.6763,-18.7746],[-41.6673,-18.7713],[-41.6523,-18.7543],[-41.6464,-18.751],[-41.6214,-18.7493],[-41.6034,-18.7422],[-41.5932,-18.7482],[-41.5957,-18.7384],[-41.5904,-18.7335],[-41.5945,-18.7273],[-41.5946,-18.7152],[-41.5821,-18.71],[-41.5797,-18.6946],[-41.5862,-18.6889],[-41.5812,-18.6723],[-41.5693,-18.6727],[-41.5656,-18.6693],[-41.5679,-18.6556],[-41.5732,-18.6517],[-41.5736,-18.6314],[-41.5817,-18.6165],[-41.5759,-18.5939],[-41.5672,-18.5845],[-41.5485,-18.5856],[-41.5397,-18.5815],[-41.5639,-18.5724],[-41.5733,-18.573],[-41.5855,-18.5866],[-41.609,-18.5934],[-41.6096,-18.6111],[-41.6212,-18.6045],[-41.6325,-18.6063],[-41.6464,-18.6122],[-41.6531,-18.6042],[-41.6605,-18.6013],[-41.6818,-18.5848],[-41.6778,-18.5808],[-41.687,-18.5633],[-41.6953,-18.5613],[-41.7065,-18.5666],[-41.7088,-18.5813],[-41.715,-18.5863],[-41.7173,-18.5947],[-41.7241,-18.6013],[-41.7315,-18.6012],[-41.7363,-18.5949],[-41.758,-18.5947],[-41.7745,-18.608],[-41.7731,-18.6144],[-41.7653,-18.6241],[-41.7698,-18.6386],[-41.7815,-18.6408],[-41.782,-18.6521],[-41.7916,-18.6614],[-41.8047,-18.6665],[-41.8086,-18.6635],[-41.8208,-18.6663],[-41.8289,-18.6612],[-41.9631,-18.65],[-41.9805,-18.6562],[-41.9879,-18.6448],[-41.9958,-18.6429],[-41.9995,-18.6536],[-42.0202,-18.6718],[-42.0165,-18.6605],[-42.0105,-18.6563],[-42.0167,-18.65],[-42.018,-18.6425],[-42.011,-18.6407],[-42.0108,-18.6301],[-42.0042,-18.6272],[-41.9976,-18.6107],[-41.999,-18.603],[-41.9944,-18.5822],[-41.9963,-18.5769],[-42.0054,-18.5778],[-42.0111,-18.559],[-42.008,-18.5525],[-42.0256,-18.5555],[-42.042,-18.5634],[-42.0504,-18.5601],[-42.0466,-18.5754],[-42.0491,-18.5836],[-42.0513,-18.5818],[-42.0655,-18.5916],[-42.0682,-18.6087],[-42.0818,-18.6127],[-42.0903,-18.607],[-42.1114,-18.6259],[-42.1197,-18.6276],[-42.1307,-18.642],[-42.1356,-18.6444],[-42.1356,-18.6554],[-42.1394,-18.6606],[-42.1495,-18.6609],[-42.1578,-18.6699],[-42.1783,-18.6694],[-42.1882,-18.6824],[-42.1822,-18.6925],[-42.1821,-18.7062],[-42.1992,-18.701],[-42.206,-18.7109],[-42.2163,-18.7099],[-42.2278,-18.7129],[-42.2494,-18.7064],[-42.2501,-18.7129],[-42.2671,-18.7273],[-42.2745,-18.7203],[-42.3013,-18.7396],[-42.3103,-18.7475],[-42.3134,-18.7434],[-42.3243,-18.7483],[-42.3283,-18.7533],[-42.3249,-18.7638],[-42.3302,-18.7698],[-42.3397,-18.7924],[-42.3339,-18.7979],[-42.3358,-18.8079],[-42.327,-18.8183],[-42.3208,-18.8174],[-42.3185,-18.809],[-42.3087,-18.8094],[-42.3031,-18.806],[-42.2873,-18.8105],[-42.2856,-18.8219],[-42.2732,-18.8247],[-42.2689,-18.8291],[-42.2728,-18.8372],[-42.2746,-18.8635],[-42.2739,-18.8744],[-42.2674,-18.8848],[-42.2558,-18.8901],[-42.261,-18.8993],[-42.2619,-18.9135],[-42.2587,-18.9238],[-42.265,-18.9379],[-42.2625,-18.9418],[-42.274,-18.9601],[-42.2771,-18.972],[-42.2678,-18.9787],[-42.2541,-18.9752],[-42.2508,-18.9805],[-42.2538,-18.9876],[-42.2463,-18.9932],[-42.2195,-18.9917],[-42.2084,-18.9844],[-42.1967,-18.9846],[-42.1778,-19.0011],[-42.1729,-19.0134],[-42.177,-19.0197],[-42.1582,-19.0243],[-42.1554,-19.0335],[-42.1399,-19.0383],[-42.1356,-19.0363],[-42.1266,-19.025],[-42.1193,-19.0164],[-42.0959,-19.0008],[-42.0916,-18.9892],[-42.0909,-18.9738],[-42.056,-18.9531],[-42.0428,-18.9366],[-42.0208,-18.9272],[-41.9973,-18.9231],[-41.9872,-18.9246],[-41.9894,-18.9383],[-41.981,-18.9531],[-41.9635,-18.9567],[-41.9516,-18.947],[-41.9554,-18.9398],[-41.963,-18.9351],[-41.9499,-18.9299],[-41.9343,-18.9278],[-41.9272,-18.9306],[-41.9145,-18.9274],[-41.8923,-18.9334],[-41.889,-18.9298],[-41.8562,-18.9208],[-41.8503,-18.926],[-41.8435,-18.9247],[-41.8308,-18.9161],[-41.8186,-18.9124],[-41.8126,-18.9163],[-41.8039,-18.9115],[-41.803,-18.9053],[-41.7865,-18.9068],[-41.7738,-18.9033],[-41.7655,-18.8965],[-41.759,-18.8975],[-41.7516,-18.9063],[-41.7446,-18.9099],[-41.7346,-18.9066],[-41.7134,-18.9101]]]}},{"type":"Feature","properties":{"codarea":"3131307"},"geometry":{"type":"Polygon","coordinates":[[[-42.6852,-19.3682],[-42.6867,-19.3743],[-42.7031,-19.3841],[-42.706,-19.3905],[-42.6999,-19.4018],[-42.6942,-19.4038],[-42.695,-19.4177],[-42.6888,-19.4187],[-42.684,-19.428],[-42.6765,-19.4289],[-42.675,-19.4518],[-42.6578,-19.4441],[-42.6543,-19.4478],[-42.6377,-19.4476],[-42.6315,-19.4559],[-42.6214,-19.4603],[-42.6098,-19.4581],[-42.5978,-19.4653],[-42.5965,-19.4816],[-42.6045,-19.4916],[-42.596,-19.4997],[-42.589,-19.5112],[-42.5736,-19.5153],[-42.5669,-19.5204],[-42.5607,-19.5188],[-42.5548,-19.5106],[-42.5403,-19.513],[-42.5412,-19.5031],[-42.5248,-19.4933],[-42.5143,-19.4923],[-42.5023,-19.4921],[-42.4933,-19.4894],[-42.506,-19.4749],[-42.5158,-19.4709],[-42.5133,-19.4659],[-42.5221,-19.4599],[-42.5287,-19.4596],[-42.5442,-19.4475],[-42.5376,-19.4416],[-42.548,-19.4328],[-42.546,-19.4225],[-42.5557,-19.4146],[-42.5596,-19.4022],[-42.5714,-19.3969],[-42.5896,-19.3978],[-42.5947,-19.393],[-42.5935,-19.379],[-42.5969,-19.3764],[-42.6076,-19.3804],[-42.6187,-19.3786],[-42.6261,-19.3702],[-42.6376,-19.3789],[-42.6536,-19.382],[-42.6553,-19.3877],[-42.6664,-19.3914],[-42.6776,-19.3817],[-42.6852,-19.3682]]]}},{"type":"Feature","properties":{"codarea":"3136702"},"geometry":{"type":"Polygon","coordinates":[[[-43.1876,-21.7429],[-43.2083,-21.7479],[-43.2199,-21.7599],[-43.2304,-21.7611],[-43.2466,-21.77],[-43.2422,-21.7503],[-43.2576,-21.7543],[-43.263,-21.7474],[-43.2577,-21.7427],[-43.2614,-21.731],[-43.2597,-21.7152],[-43.2651,-21.7104],[-43.2661,-21.6985],[-43.2619,-21.6846],[-43.2667,-21.6813],[-43.279,-21.6811],[-43.286,-21.6774],[-43.2949,-21.6614],[-43.3011,-21.654],[-43.3086,-21.6562],[-43.3155,-21.663],[-43.3256,-21.662],[-43.328,-21.6563],[-43.3391,-21.6529],[-43.3343,-21.6471],[-43.3423,-21.64],[-43.3555,-21.6364],[-43.3593,-21.6265],[-43.3523,-21.618],[-43.3538,-21.6077],[-43.3634,-21.5946],[-43.3577,-21.5878],[-43.3615,-21.5859],[-43.3748,-21.5646],[-43.3768,-21.5573],[-43.3867,-21.5574],[-43.3876,-21.5465],[-43.4106,-21.5373],[-43.4192,-21.5309],[-43.4265,-21.5405],[-43.4373,-21.5369],[-43.4367,-21.5298],[-43.4505,-21.5206],[-43.4635,-21.5285],[-43.4729,-21.5306],[-43.4738,-21.5417],[-43.4875,-21.5335],[-43.4967,-21.5428],[-43.4901,-21.5474],[-43.493,-21.5548],[-43.5102,-21.5598],[-43.514,-21.5665],[-43.5158,-21.5787],[-43.5137,-21.5856],[-43.5273,-21.5917],[-43.5324,-21.6077],[-43.5382,-21.611],[-43.5417,-21.6206],[-43.5524,-21.6161],[-43.5742,-21.6169],[-43.598,-21.615],[-43.5992,-21.6297],[-43.61,-21.6367],[-43.6156,-21.6373],[-43.6204,-21.6259],[-43.6212,-21.614],[-43.6364,-21.6123],[-43.6395,-21.6079],[-43.6573,-21.5971],[-43.666,-21.6053],[-43.6738,-21.6125],[-43.6842,-21.6267],[-43.6857,-21.6445],[-43.6814,-21.6503],[-43.6792,-21.6644],[-43.6701,-21.6687],[-43.6713,-21.6748],[-43.6807,-21.6877],[-43.6815,-21.7013],[-43.679,-21.7119],[-43.6712,-21.7227],[-43.6584,-21.7274],[-43.6688,-21.7363],[-43.6679,-21.7504],[-43.6561,-21.7648],[-43.6507,-21.7805],[-43.6506,-21.7906],[-43.6374,-21.8001],[-43.634,-21.8108],[-43.6446,-21.8289],[-43.653,-21.8355],[-43.6521,-21.8404],[-43.662,-21.8451],[-43.6655,-21.8534],[-43.6576,-21.8608],[-43.6577,-21.8657],[-43.6445,-21.8685],[-43.6405,-21.8733],[-43.6368,-21.8891],[-43.6519,-21.895],[-43.6513,-21.9058],[-43.6412,-21.9108],[-43.6352,-21.9074],[-43.6281,-21.9093],[-43.617,-21.9034],[-43.6083,-21.9056],[-43.6073,-21.9137],[-43.5984,-21.9236],[-43.5975,-21.9324],[-43.5857,-21.9451],[-43.5767,-21.9632],[-43.5824,-21.9708],[-43.5948,-21.9767],[-43.5884,-21.9838],[-43.5896,-21.9921],[-43.5851,-21.9989],[-43.5757,-21.9906],[-43.5716,-21.9922],[-43.5641,-21.9846],[-43.5512,-21.9759],[-43.5447,-21.9755],[-43.5296,-21.9587],[-43.5203,-21.9569],[-43.4948,-21.9329],[-43.4961,-21.915],[-43.488,-21.906],[-43.4944,-21.8985],[-43.4952,-21.8917],[-43.4811,-21.8804],[-43.4759,-21.8831],[-43.4561,-21.8834],[-43.4604,-21.8743],[-43.4415,-21.8762],[-43.4451,-21.8612],[-43.4372,-21.8562],[-43.4218,-21.858],[-43.4202,-21.8702],[-43.4266,-21.8841],[-43.4095,-21.8881],[-43.4047,-21.8771],[-43.3986,-21.8828],[-43.3746,-21.896],[-43.3742,-21.89],[-43.3844,-21.8786],[-43.3846,-21.8648],[-43.3925,-21.8599],[-43.3907,-21.8457],[-43.3842,-21.8417],[-43.3825,-21.8329],[-43.3757,-21.8259],[-43.3668,-21.8223],[-43.3482,-21.8191],[-43.3417,-21.8111],[-43.3348,-21.8095],[-43.3226,-21.8214],[-43.3079,-21.8256],[-43.2812,-21.8225],[-43.2736,-21.8388],[-43.2521,-21.8283],[-43.2426,-21.8356],[-43.2447,-21.8455],[-43.2413,-21.8575],[-43.237,-21.8618],[-43.2172,-21.8489],[-43.209,-21.8412],[-43.2012,-21.8418],[-43.1888,-21.8546],[-43.1742,-21.8454],[-43.1716,-21.8394],[-43.1568,-21.8272],[-43.1554,-21.8179],[-43.1475,-21.813],[-43.155,-21.8076],[-43.162,-21.8086],[-43.1686,-21.7966],[-43.1782,-21.7902],[-43.1715,-21.784],[-43.1754,-21.7757],[-43.1693,-21.7699],[-43.1712,-21.7595],[-43.1841,-21.7498],[-43.1876,-21.7429]]]}},{"type":"Feature","properties":{"codarea":"3143302"},"geometry":{"type":"Polygon","coordinates":[[[-43.6678,-16.7251],[-43.6719,-16.7175],[-43.6802,-16.7123],[-43.6893,-16.7108],[-43.6889,-16.7036],[-43.7037,-16.6914],[-43.7123,-16.6886],[-43.7049,-16.6817],[-43.7018,-16.6736],[-43.7149,-16.6501],[-43.7225,-16.6424],[-43.7205,-16.6327],[-43.7258,-16.6279],[-43.7388,-16.6086],[-43.7426,-16.5967],[-43.7397,-16.5902],[-43.7497,-16.5785],[-43.7509,-16.567],[-43.7468,-16.5636],[-43.7406,-16.5441],[-43.7469,-16.5375],[-43.7616,-16.5336],[-43.7562,-16.5214],[-43.7586,-16.514],[-43.7548,-16.5069],[-43.7586,-16.5012],[-43.75,-16.4914],[-43.7372,-16.4925],[-43.7364,-16.4839],[-43.7423,-16.4562],[-43.7415,-16.4462],[-43.7475,-16.4367],[-43.7437,-16.4215],[-43.7395,-16.4166],[-43.7468,-16.4052],[-43.7532,-16.4009],[-43.7623,-16.4008],[-43.7648,-16.3917],[-43.763,-16.3808],[-43.7724,-16.3777],[-43.7851,-16.3587],[-43.793,-16.353],[-43.7881,-16.344],[-43.7889,-16.3205],[-43.7942,-16.299],[-43.785,-16.2936],[-43.7842,-16.2855],[-43.7789,-16.2822],[-43.781,-16.2686],[-43.7905,-16.2657],[-43.7934,-16.2498],[-43.8015,-16.2454],[-43.7966,-16.2341],[-43.7789,-16.2276],[-43.7877,-16.2203],[-43.7911,-16.207],[-43.7851,-16.2048],[-43.7739,-16.1947],[-43.7722,-16.1848],[-43.7756,-16.1802],[-43.7708,-16.1707],[-43.7648,-16.1657],[-43.7663,-16.1461],[-43.779,-16.1403],[-43.7851,-16.1261],[-43.7771,-16.114],[-43.773,-16.0941],[-43.7656,-16.0892],[-43.7733,-16.0895],[-43.7839,-16.0843],[-43.791,-16.0916],[-43.798,-16.0873],[-43.8034,-16.0944],[-43.8143,-16.0874],[-43.8255,-16.0912],[-43.841,-16.1037],[-43.8476,-16.1042],[-43.852,-16.1109],[-43.862,-16.1144],[-43.869,-16.1071],[-43.8795,-16.1081],[-43.8906,-16.1125],[-43.8961,-16.1061],[-43.9109,-16.1062],[-43.9304,-16.0982],[-43.9427,-16.1044],[-43.9583,-16.0997],[-43.9691,-16.0867],[-43.9901,-16.1631],[-43.9923,-16.1691],[-43.9877,-16.1807],[-43.9932,-16.1913],[-43.9926,-16.2085],[-43.9864,-16.2274],[-43.9806,-16.2347],[-44.0457,-16.2965],[-44.0538,-16.326],[-44.0528,-16.3407],[-44.0573,-16.355],[-44.0536,-16.3676],[-44.0613,-16.3818],[-44.0498,-16.3944],[-44.0379,-16.4244],[-44.0504,-16.4249],[-44.0781,-16.4],[-44.0927,-16.3913],[-44.1013,-16.3819],[-44.1041,-16.3737],[-44.1182,-16.3771],[-44.1293,-16.3758],[-44.141,-16.3705],[-44.1418,-16.3603],[-44.1498,-16.3556],[-44.1619,-16.37],[-44.1746,-16.3722],[-44.187,-16.3789],[-44.2033,-16.3837],[-44.2109,-16.3905],[-44.2029,-16.4011],[-44.182,-16.4208],[-44.1635,-16.4316],[-44.158,-16.4311],[-44.1519,-16.4379],[-44.1448,-16.4386],[-44.1339,-16.4541],[-44.1332,-16.4606],[-44.1012,-16.4661],[-44.0914,-16.485],[-44.0821,-16.4909],[-44.0652,-16.4905],[-44.0533,-16.4775],[-44.0438,-16.4733],[-44.0292,-16.4553],[-44.0186,-16.4469],[-44.0112,-16.4513],[-43.9951,-16.4534],[-43.979,-16.4717],[-43.9774,-16.4906],[-43.9716,-16.4947],[-43.9695,-16.515],[-43.9773,-16.5245],[-43.9815,-16.5336],[-44.0048,-16.5491],[-44.0134,-16.5655],[-44.014,-16.5735],[-44.0233,-16.5929],[-44.035,-16.6015],[-44.0436,-16.6134],[-44.0531,-16.6182],[-44.0697,-16.6146],[-44.0821,-16.605],[-44.0988,-16.6045],[-44.1083,-16.611],[-44.1057,-16.6218],[-44.1107,-16.6349],[-44.1069,-16.6438],[-44.1149,-16.6583],[-44.1266,-16.6711],[-44.127,-16.6806],[-44.1339,-16.7011],[-44.146,-16.7262],[-44.1339,-16.7413],[-44.1191,-16.7424],[-44.1097,-16.7476],[-44.1031,-16.7645],[-44.0979,-16.7714],[-44.0828,-16.7816],[-44.0725,-16.7994],[-44.0832,-16.8035],[-44.0916,-16.8161],[-44.1103,-16.818],[-44.1182,-16.8277],[-44.1301,-16.8214],[-44.1321,-16.8275],[-44.1281,-16.8484],[-44.1198,-16.8583],[-44.12,-16.8799],[-44.1246,-16.8908],[-44.133,-16.8923],[-44.1357,-16.9031],[-44.1369,-16.921],[-44.142,-16.9301],[-44.1384,-16.9405],[-44.1276,-16.9418],[-44.1324,-16.964],[-44.1483,-16.9869],[-44.1604,-16.9996],[-44.1563,-17.0062],[-44.1547,-17.0187],[-44.1501,-17.0312],[-44.1646,-17.0345],[-44.1711,-17.0464],[-44.1846,-17.0562],[-44.196,-17.073],[-44.191,-17.0832],[-44.1964,-17.0892],[-44.1955,-17.1038],[-44.1849,-17.0981],[-44.1656,-17.1009],[-44.157,-17.1103],[-44.1373,-17.1122],[-44.1269,-17.1092],[-44.1156,-17.1151],[-44.1105,-17.1229],[-44.0996,-17.1285],[-44.1006,-17.1379],[-44.1057,-17.1458],[-44.0849,-17.1364],[-44.0763,-17.1382],[-44.0616,-17.1286],[-44.0345,-17.121],[-44.0256,-17.121],[-44.0202,-17.1131],[-44.0256,-17.0987],[-44.0217,-17.0924],[-44.0233,-17.0695],[-44.0161,-17.0596],[-44.0164,-17.0519],[-44.0021,-17.044],[-43.9845,-17.0397],[-43.9721,-17.0258],[-43.9663,-17.0268],[-43.9592,-17.0142],[-43.9537,-16.9926],[-43.9436,-16.9861],[-43.9417,-16.9772],[-43.9336,-16.9781],[-43.9201,-16.9653],[-43.9013,-16.9701],[-43.8901,-16.9694],[-43.8901,-16.9581],[-43.8866,-16.9483],[-43.8632,-16.9475],[-43.8571,-16.942],[-43.8694,-16.9207],[-43.8308,-16.9165],[-43.808,-16.9068],[-43.7958,-16.9116],[-43.7866,-16.9055],[-43.7735,-16.9115],[-43.7577,-16.8971],[-43.7459,-16.907],[-43.733,-16.9027],[-43.7209,-16.9033],[-43.7162,-16.8918],[-43.7098,-16.885],[-43.7077,-16.8751],[-43.7139,-16.8658],[-43.7014,-16.851],[-43.6961,-16.8428],[-43.6956,-16.8328],[-43.6998,-16.8277],[-43.6904,-16.8162],[-43.6761,-16.8133],[-43.6744,-16.8088],[-43.6853,-16.7909],[-43.6946,-16.7873],[-43.6978,-16.7752],[-43.691,-16.7577],[-43.6926,-16.7427],[-43.6843,-16.7452],[-43.6742,-16.7409],[-43.6736,-16.7323],[-43.6678,-16.7251]]]}},{"type":"Feature","properties":{"codarea":"3151800"},"geometry":{"type":"Polygon","coordinates":[[[-46.4218,-21.7327],[-46.431,-21.7366],[-46.4333,-21.7454],[-46.4464,-21.7569],[-46.4618,-21.7572],[-46.4618,-21.7465],[-46.4656,-21.7318],[-46.458,-21.726],[-46.4526,-21.7084],[-46.4617,-21.7137],[-46.4672,-21.711],[-46.4824,-21.712],[-46.4767,-21.6996],[-46.486,-21.6987],[-46.4845,-21.6926],[-46.4991,-21.6928],[-46.5073,-21.7031],[-46.5262,-21.6863],[-46.5169,-21.6718],[-46.5258,-21.6477],[-46.5315,-21.6457],[-46.5423,-21.6486],[-46.5506,-21.6565],[-46.5547,-21.6534],[-46.5603,-21.653],[-46.5667,-21.6592],[-46.5646,-21.6787],[-46.5727,-21.6817],[-46.593,-21.6832],[-46.6054,-21.6809],[-46.6145,-21.6765],[-46.6216,-21.6755],[-46.6287,-21.6948],[-46.6291,-21.7064],[-46.623,-21.7129],[-46.6232,-21.7195],[-46.6285,-21.7296],[-46.6256,-21.7341],[-46.6308,-21.7415],[-46.6274,-21.7479],[-46.626,-21.7662],[-46.6307,-21.7686],[-46.6394,-21.7685],[-46.646,-21.7761],[-46.654,-21.7792],[-46.6524,-21.7913],[-46.6688,-21.809],[-46.6708,-21.8165],[-46.6855,-21.8283],[-46.6907,-21.8376],[-46.6765,-21.8506],[-46.666,-21.8484],[-46.6611,-21.8623],[-46.6559,-21.8699],[-46.6581,-21.8753],[-46.6475,-21.8805],[-46.6532,-21.896],[-46.6636,-21.8981],[-46.6738,-21.9111],[-46.6646,-21.9234],[-46.668,-21.9306],[-46.6533,-21.9441],[-46.6514,-21.9615],[-46.6428,-21.9766],[-46.631,-21.9812],[-46.622,-21.9953],[-46.6179,-21.995],[-46.6173,-21.9875],[-46.606,-21.9741],[-46.6027,-21.9587],[-46.5924,-21.9454],[-46.5827,-21.9374],[-46.5771,-21.927],[-46.5689,-21.9278],[-46.5653,-21.9333],[-46.5487,-21.9271],[-46.5447,-21.9232],[-46.5247,-21.9246],[-46.5189,-21.9027],[-46.5243,-21.8938],[-46.5277,-21.8756],[-46.5008,-21.8571],[-46.4939,-21.8634],[-46.4848,-21.8565],[-46.4909,-21.8477],[-46.4853,-21.8347],[-46.489,-21.8268],[-46.4709,-21.8157],[-46.4652,-21.806],[-46.451,-21.809],[-46.4305,-21.8025],[-46.4222,-21.7955],[-46.4251,-21.783],[-46.4159,-21.7781],[-46.3986,-21.7591],[-46.4075,-21.7468],[-46.4122,-21.7292],[-46.4218,-21.7327]]]}},{"type":"Feature","properties":{"codarea":"3152501"},"geometry":{"type":"Polygon","coordinates":[[[-45.9194,-22.4082],[-45.91,-22.408],[-45.9061,-22.391],[-45.8921,-22.374],[-45.8833,-22.3695],[-45.8654,-22.3564],[-45.8513,-22.3536],[-45.8473,-22.3318],[-45.8554,-22.3215],[-45.8507,-22.3123],[-45.8418,-22.2841],[-45.8495,-22.2714],[-45.8444,-22.2564],[-45.8458,-22.2375],[-45.8539,-22.2356],[-45.8577,-22.2361],[-45.876,-22.2135],[-45.8779,-22.2042],[-45.8756,-22.1969],[-45.8644,-22.2025],[-45.8478,-22.1898],[-45.8601,-22.1818],[-45.8399,-22.1602],[-45.8351,-22.1579],[-45.8316,-22.1473],[-45.8393,-22.1362],[-45.848,-22.1328],[-45.8398,-22.1257],[-45.8346,-22.1341],[-45.8243,-22.1323],[-45.8198,-22.1268],[-45.8171,-22.1156],[-45.823,-22.1125],[-45.8484,-22.1189],[-45.8532,-22.1131],[-45.8621,-22.1108],[-45.8762,-22.1171],[-45.8979,-22.1175],[-45.9036,-22.1105],[-45.9198,-22.1172],[-45.9408,-22.12],[-45.9599,-22.1274],[-45.9693,-22.138],[-45.9729,-22.1535],[-45.9891,-22.1684],[-45.9925,-22.1855],[-45.9982,-22.1913],[-45.9945,-22.2075],[-46.0079,-22.217],[-46.0158,-22.2277],[-46.0364,-22.2245],[-46.0444,-22.2312],[-46.0532,-22.242],[-46.0626,-22.246],[-46.0592,-22.2614],[-46.0639,-22.2781],[-46.061,-22.286],[-46.0532,-22.2943],[-46.0562,-22.3069],[-46.0411,-22.3151],[-46.0382,-22.3326],[-46.0399,-22.3537],[-46.0385,-22.3606],[-46.0288,-22.3709],[-46.0203,-22.3719],[-46.0144,-22.3822],[-46.0135,-22.392],[-46.0073,-22.4062],[-45.9901,-22.3998],[-45.9747,-22.4113],[-45.9685,-22.4065],[-45.9568,-22.4042],[-45.9553,-22.4117],[-45.9473,-22.4146],[-45.9343,-22.4077],[-45.9194,-22.4082]]]}},{"type":"Feature","properties":{"codarea":"3167202"},"geometry":{"type":"Polygon","coordinates":[[[-44.1806,-19.5238],[-44.1831,-19.5142],[-44.1712,-19.5075],[-44.1651,-19.5001],[-44.1679,-19.4906],[-44.1621,-19.4784],[-44.1698,-19.4733],[-44.1687,-19.4663],[-44.1622,-19.455],[-44.1537,-19.4491],[-44.1468,-19.4269],[-44.1321,-19.435],[-44.1281,-19.4325],[-44.1295,-19.4155],[-44.133,-19.4103],[-44.1393,-19.3919],[-44.1535,-19.3709],[-44.1503,-19.3596],[-44.1551,-19.3529],[-44.1529,-19.3393],[-44.1639,-19.3325],[-44.156,-19.3217],[-44.1557,-19.3114],[-44.1463,-19.3106],[-44.1475,-19.303],[-44.1571,-19.2984],[-44.1604,-19.2927],[-44.1889,-19.3016],[-44.2008,-19.3037],[-44.2086,-19.3024],[-44.2314,-19.3068],[-44.2503,-19.315],[-44.2596,-19.33],[-44.2729,-19.3397],[-44.2764,-19.3374],[-44.2833,-19.3177],[-44.2911,-19.3177],[-44.3091,-19.3303],[-44.3044,-19.3385],[-44.3055,-19.3454],[-44.3006,-19.35],[-44.2987,-19.3664],[-44.3022,-19.3786],[-44.2976,-19.3894],[-44.299,-19.4035],[-44.3198,-19.3997],[-44.3324,-19.399],[-44.3377,-19.4018],[-44.3412,-19.3921],[-44.3521,-19.3857],[-44.3686,-19.4039],[-44.3892,-19.4077],[-44.4015,-19.4134],[-44.4124,-19.4022],[-44.4252,-19.4011],[-44.4346,-19.4033],[-44.4447,-19.3983],[-44.4533,-19.4066],[-44.4599,-19.4087],[-44.4517,-19.4102],[-44.4437,-19.4217],[-44.4354,-19.4182],[-44.4243,-19.4281],[-44.411,-19.4332],[-44.3934,-19.432],[-44.3868,-19.439],[-44.3847,-19.4538],[-44.3756,-19.4611],[-44.3649,-19.462],[-44.3551,-19.4696],[-44.3582,-19.4783],[-44.3511,-19.4803],[-44.3418,-19.4896],[-44.3401,-19.497],[-44.3307,-19.4933],[-44.3222,-19.5006],[-44.3213,-19.5089],[-44.3134,-19.5114],[-44.3096,-19.5255],[-44.3127,-19.5329],[-44.3074,-19.5407],[-44.3108,-19.549],[-44.3066,-19.5543],[-44.3066,-19.5673],[-44.3121,-19.5768],[-44.315,-19.592],[-44.3057,-19.585],[-44.2813,-19.5839],[-44.2716,-19.5852],[-44.2621,-19.5826],[-44.2596,-19.5779],[-44.2429,-19.5775],[-44.2379,-19.5893],[-44.2263,-19.5935],[-44.2226,-19.5993],[-44.2143,-19.5994],[-44.2216,-19.5824],[-44.2133,-19.5567],[-44.2131,-19.5388],[-44.2071,-19.5304],[-44.1987,-19.5264],[-44.1922,-19.5291],[-44.1806,-19.5238]]]}},{"type":"Feature","properties":{"codarea":"3168606"},"geometry":{"type":"Polygon","coordinates":[[[-41.142,-17.9494],[-41.1376,-17.9414],[-41.1504,-17.9293],[-41.1472,-17.917],[-41.1514,-17.9137],[-41.1531,-17.9029],[-41.148,-17.9],[-41.147,-17.8914],[-41.1401,-17.8841],[-41.1228,-17.8889],[-41.1103,-17.8746],[-41.1024,-17.8687],[-41.1031,-17.8494],[-41.0982,-17.8448],[-41.0872,-17.8547],[-41.0851,-17.8498],[-41.0877,-17.835],[-41.1022,-17.8253],[-41.1153,-17.8046],[-41.1237,-17.8011],[-41.1309,-17.805],[-41.1417,-17.7948],[-41.1438,-17.7854],[-41.1496,-17.778],[-41.1409,-17.7705],[-41.1392,-17.7571],[-41.1306,-17.7522],[-41.1303,-17.7451],[-41.1217,-17.7382],[-41.1317,-17.7342],[-41.1275,-17.721],[-41.1268,-17.7097],[-41.1332,-17.7076],[-41.1405,-17.687],[-41.1454,-17.6815],[-41.1645,-17.6804],[-41.1719,-17.6718],[-41.1717,-17.6642],[-41.1822,-17.65],[-41.1815,-17.6419],[-41.1925,-17.6413],[-41.2019,-17.6336],[-41.2111,-17.6317],[-41.215,-17.6244],[-41.2028,-17.6104],[-41.1984,-17.608],[-41.1913,-17.6207],[-41.1805,-17.63],[-41.1699,-17.6316],[-41.1565,-17.6437],[-41.1412,-17.6492],[-41.1224,-17.6387],[-41.1185,-17.6276],[-41.1092,-17.6224],[-41.1025,-17.6148],[-41.0975,-17.6184],[-41.089,-17.614],[-41.0866,-17.6037],[-41.0731,-17.6097],[-41.0672,-17.6162],[-41.0593,-17.6193],[-41.0472,-17.6041],[-41.0494,-17.5877],[-41.0402,-17.5839],[-41.0552,-17.5756],[-41.0606,-17.5685],[-41.071,-17.5695],[-41.0758,-17.5772],[-41.0911,-17.5758],[-41.0866,-17.5664],[-41.098,-17.5602],[-41.1037,-17.5613],[-41.1089,-17.5697],[-41.1221,-17.5723],[-41.1216,-17.5577],[-41.1264,-17.5497],[-41.1213,-17.5407],[-41.1089,-17.5479],[-41.0931,-17.5459],[-41.0931,-17.5358],[-41.1063,-17.5378],[-41.1204,-17.5323],[-41.121,-17.5222],[-41.13,-17.5214],[-41.1311,-17.5307],[-41.1394,-17.5319],[-41.1633,-17.5398],[-41.1788,-17.5322],[-41.1889,-17.5326],[-41.1915,-17.5207],[-41.2011,-17.5201],[-41.2042,-17.5118],[-41.201,-17.5001],[-41.2058,-17.4961],[-41.2129,-17.5048],[-41.2201,-17.5064],[-41.2378,-17.4954],[-41.2431,-17.4901],[-41.2555,-17.4845],[-41.2567,-17.4736],[-41.2518,-17.4617],[-41.2409,-17.4531],[-41.2398,-17.4473],[-41.2286,-17.4348],[-41.2351,-17.4203],[-41.2341,-17.4089],[-41.2406,-17.4061],[-41.2377,-17.3934],[-41.2437,-17.38],[-41.2539,-17.3662],[-41.2512,-17.3574],[-41.2583,-17.3568],[-41.2645,-17.3491],[-41.2758,-17.3495],[-41.2777,-17.3342],[-41.2837,-17.3314],[-41.2962,-17.3469],[-41.3068,-17.349],[-41.3071,-17.3426],[-41.324,-17.3368],[-41.337,-17.3454],[-41.3429,-17.3415],[-41.3514,-17.3467],[-41.3552,-17.3603],[-41.3503,-17.3655],[-41.3473,-17.3894],[-41.3594,-17.3974],[-41.3612,-17.4112],[-41.3721,-17.4101],[-41.3776,-17.4169],[-41.3876,-17.4161],[-41.3904,-17.4076],[-41.4016,-17.4072],[-41.4115,-17.4012],[-41.42,-17.4038],[-41.4308,-17.3987],[-41.4441,-17.4024],[-41.4498,-17.4101],[-41.4566,-17.4129],[-41.4668,-17.4119],[-41.4701,-17.422],[-41.4646,-17.4316],[-41.4725,-17.4398],[-41.4774,-17.4371],[-41.4827,-17.4445],[-41.4806,-17.462],[-41.4777,-17.4707],[-41.4861,-17.4705],[-41.4904,-17.4634],[-41.5008,-17.4579],[-41.5101,-17.4645],[-41.5056,-17.4723],[-41.5079,-17.4845],[-41.521,-17.4872],[-41.5295,-17.4993],[-41.5378,-17.4917],[-41.5502,-17.4877],[-41.5656,-17.4921],[-41.5647,-17.502],[-41.5784,-17.511],[-41.58,-17.5263],[-41.5966,-17.5415],[-41.5952,-17.5508],[-41.6009,-17.5573],[-41.6216,-17.5531],[-41.6409,-17.5616],[-41.6337,-17.566],[-41.6449,-17.583],[-41.6509,-17.5974],[-41.6503,-17.6021],[-41.6395,-17.6074],[-41.6342,-17.6201],[-41.6391,-17.6263],[-41.6378,-17.6467],[-41.63,-17.6606],[-41.6286,-17.6746],[-41.633,-17.6784],[-41.6306,-17.6858],[-41.638,-17.6975],[-41.6375,-17.7027],[-41.6462,-17.7164],[-41.6553,-17.7241],[-41.6646,-17.7285],[-41.6722,-17.7365],[-41.6634,-17.7484],[-41.6662,-17.755],[-41.6599,-17.7788],[-41.653,-17.7841],[-41.6473,-17.7945],[-41.6401,-17.7911],[-41.626,-17.7915],[-41.6208,-17.781],[-41.6075,-17.7817],[-41.6083,-17.7945],[-41.6117,-17.7993],[-41.6026,-17.8041],[-41.6042,-17.8109],[-41.6132,-17.8227],[-41.6117,-17.8322],[-41.6143,-17.8397],[-41.626,-17.8334],[-41.6357,-17.8453],[-41.6426,-17.872],[-41.6345,-17.8818],[-41.6452,-17.8869],[-41.6445,-17.8954],[-41.6563,-17.898],[-41.6631,-17.9038],[-41.6655,-17.9133],[-41.6588,-17.9255],[-41.6603,-17.9343],[-41.6546,-17.9377],[-41.6515,-17.9462],[-41.6441,-17.9524],[-41.6339,-17.9555],[-41.627,-17.9617],[-41.6205,-17.9623],[-41.6055,-17.9692],[-41.5996,-17.9665],[-41.593,-17.9709],[-41.5904,-17.9809],[-41.5941,-17.9913],[-41.5898,-18.0003],[-41.5928,-18.008],[-41.5805,-18.018],[-41.5709,-18.019],[-41.5616,-18.0147],[-41.5504,-18.0164],[-41.5405,-18.008],[-41.5309,-18.011],[-41.5238,-18.0218],[-41.5179,-18.0194],[-41.5084,-18.023],[-41.5039,-18.0374],[-41.4948,-18.0415],[-41.4889,-18.0387],[-41.4867,-18.0243],[-41.4702,-18.0171],[-41.4616,-18.0071],[-41.4491,-18.0127],[-41.4422,-18.0025],[-41.4344,-17.9996],[-41.4248,-18.0072],[-41.4128,-18.0079],[-41.3936,-18.0021],[-41.3835,-18.0147],[-41.3749,-18.02],[-41.3692,-18.0317],[-41.3622,-18.033],[-41.3439,-18.0243],[-41.341,-18.0138],[-41.3442,-18.0108],[-41.3331,-18.0008],[-41.33,-17.9934],[-41.3195,-17.9906],[-41.3043,-17.9913],[-41.3052,-17.986],[-41.297,-17.9774],[-41.2901,-17.9772],[-41.2887,-17.984],[-41.2781,-17.9836],[-41.2682,-17.972],[-41.2704,-17.9628],[-41.2771,-17.954],[-41.2593,-17.9508],[-41.2521,-17.9542],[-41.2469,-17.9499],[-41.2332,-17.9479],[-41.229,-17.9414],[-41.2155,-17.9318],[-41.1868,-17.9292],[-41.1811,-17.9357],[-41.1834,-17.9448],[-41.1585,-17.9485],[-41.1493,-17.9436],[-41.142,-17.9494]]]}},{"type":"Feature","properties":{"codarea":"3170107"},"geometry":{"type":"Polygon","coordinates":[[[-48.1545,-19.8828],[-48.1424,-19.8732],[-48.1345,-19.8558],[-48.1251,-19.8493],[-48.1164,-19.8519],[-48.1064,-19.8443],[-48.0995,-19.859],[-48.0928,-19.8631],[-48.0835,-19.863],[-48.068,-19.8527],[-48.0343,-19.8778],[-48.0265,-19.8889],[-48.0146,-19.8952],[-47.9998,-19.8926],[-47.9944,-19.8969],[-47.9982,-19.9036],[-48.0092,-19.911],[-48.0151,-19.9268],[-48.0214,-19.9366],[-48.0292,-19.9433],[-48.0351,-19.9541],[-48.0268,-19.9578],[-48.0132,-19.9585],[-48.0099,-19.9621],[-48.0127,-19.9714],[-47.9944,-19.9935],[-47.9886,-20.021],[-47.9812,-20.0364],[-47.976,-20.0354],[-47.9567,-20.0476],[-47.946,-20.0605],[-47.9447,-20.0853],[-47.9424,-20.095],[-47.9315,-20.1104],[-47.9131,-20.1203],[-47.8994,-20.1257],[-47.8936,-20.1235],[-47.8885,-20.1148],[-47.8751,-20.0984],[-47.8698,-20.0762],[-47.87,-20.0637],[-47.8611,-20.0555],[-47.8615,-20.045],[-47.8715,-20.0396],[-47.8758,-20.0324],[-47.8752,-20.0186],[-47.8598,-19.9929],[-47.8509,-19.9898],[-47.8555,-19.9771],[-47.8516,-19.9711],[-47.8376,-19.9582],[-47.8379,-19.9418],[-47.8435,-19.938],[-47.8397,-19.9286],[-47.8487,-19.9262],[-47.8516,-19.9166],[-47.8601,-19.9108],[-47.8578,-19.8965],[-47.8607,-19.8915],[-47.8614,-19.8753],[-47.8519,-19.8811],[-47.8417,-19.8669],[-47.8354,-19.8655],[-47.8238,-19.8729],[-47.8201,-19.8858],[-47.8049,-19.8924],[-47.7973,-19.9047],[-47.7857,-19.9059],[-47.7625,-19.9015],[-47.7575,-19.9032],[-47.7473,-19.9036],[-47.743,-19.8986],[-47.7317,-19.8933],[-47.7281,-19.8777],[-47.7213,-19.8796],[-47.7105,-19.8764],[-47.7066,-19.8635],[-47.6948,-19.8614],[-47.686,-19.8568],[-47.6854,-19.8496],[-47.6926,-19.8418],[-47.6936,-19.8171],[-47.685,-19.7986],[-47.6776,-19.7918],[-47.6715,-19.7747],[-47.6613,-19.772],[-47.6622,-19.7659],[-47.6519,-19.7571],[-47.6408,-19.7371],[-47.6394,-19.7219],[-47.6477,-19.7073],[-47.6474,-19.6961],[-47.6374,-19.681],[-47.6287,-19.6775],[-47.6097,-19.6734],[-47.6038,-19.6698],[-47.6052,-19.6484],[-47.5986,-19.6403],[-47.5901,-19.6375],[-47.5835,-19.6315],[-47.5851,-19.6232],[-47.5972,-19.6141],[-47.6018,-19.606],[-47.6125,-19.5987],[-47.6175,-19.577],[-47.615,-19.5653],[-47.6232,-19.5607],[-47.6366,-19.5593],[-47.6458,-19.5635],[-47.6526,-19.5616],[-47.6595,-19.5655],[-47.686,-19.5671],[-47.7019,-19.5633],[-47.7057,-19.5578],[-47.7184,-19.5494],[-47.7379,-19.5432],[-47.7483,-19.5286],[-47.7551,-19.5237],[-47.765,-19.5212],[-47.7726,-19.5109],[-47.7801,-19.4907],[-47.7702,-19.4755],[-47.7731,-19.4643],[-47.7859,-19.4391],[-47.7791,-19.4313],[-47.7763,-19.4212],[-47.7847,-19.4062],[-47.7858,-19.3979],[-47.7962,-19.38],[-47.7933,-19.3738],[-47.797,-19.3668],[-47.7916,-19.3611],[-47.7986,-19.3478],[-47.7979,-19.3317],[-47.7916,-19.3216],[-47.7991,-19.3071],[-47.7962,-19.2993],[-47.7929,-19.2763],[-47.7885,-19.2654],[-47.7879,-19.2541],[-47.8035,-19.2352],[-47.8069,-19.2237],[-47.8005,-19.2007],[-47.8054,-19.1933],[-47.8093,-19.1785],[-47.8193,-19.1737],[-47.8345,-19.1564],[-47.8416,-19.1306],[-47.8485,-19.1195],[-47.8489,-19.1016],[-47.8526,-19.0939],[-47.8709,-19.0871],[-47.8705,-19.0936],[-47.8782,-19.1026],[-47.8905,-19.1071],[-47.9017,-19.0912],[-47.9071,-19.0972],[-47.9135,-19.0966],[-47.9112,-19.1078],[-47.9177,-19.1218],[-47.9206,-19.1347],[-47.9162,-19.1436],[-47.9161,-19.1573],[-47.9109,-19.1646],[-47.9046,-19.1971],[-47.9067,-19.2039],[-47.9034,-19.2106],[-47.9132,-19.2236],[-47.913,-19.2367],[-47.9087,-19.2418],[-47.903,-19.2642],[-47.9084,-19.2724],[-47.9145,-19.2667],[-47.9274,-19.2666],[-47.9274,-19.2772],[-47.9485,-19.2938],[-47.9469,-19.3101],[-47.9535,-19.3316],[-47.9592,-19.337],[-47.9782,-19.3301],[-47.9887,-19.3112],[-47.9896,-19.2996],[-47.9864,-19.2824],[-47.9942,-19.2731],[-47.9937,-19.2649],[-48.0031,-19.2535],[-48.016,-19.2525],[-48.0284,-19.2432],[-48.0468,-19.2428],[-48.0547,-19.2397],[-48.0735,-19.2413],[-48.0783,-19.2454],[-48.0889,-19.2394],[-48.0928,-19.2288],[-48.0893,-19.2151],[-48.1014,-19.2063],[-48.1123,-19.1915],[-48.1059,-19.1831],[-48.1132,-19.1774],[-48.1198,-19.1803],[-48.1437,-19.1694],[-48.1495,-19.1584],[-48.1672,-19.1553],[-48.1783,-19.1494],[-48.1871,-19.1485],[-48.189,-19.1717],[-48.2291,-19.1903],[-48.233,-19.2001],[-48.2249,-19.2092],[-48.2253,-19.2169],[-48.2434,-19.2289],[-48.2557,-19.2312],[-48.2679,-19.2378],[-48.2668,-19.2462],[-48.2834,-19.2524],[-48.298,-19.2676],[-48.3092,-19.2843],[-48.3185,-19.2823],[-48.3306,-19.2857],[-48.341,-19.282],[-48.3386,-19.2962],[-48.3341,-19.3031],[-48.3206,-19.3132],[-48.3189,-19.3197],[-48.3298,-19.33],[-48.3317,-19.3457],[-48.3387,-19.344],[-48.3449,-19.3498],[-48.3475,-19.3684],[-48.3395,-19.3822],[-48.3443,-19.3905],[-48.3397,-19.3992],[-48.3552,-19.4118],[-48.3501,-19.4196],[-48.3388,-19.4304],[-48.3301,-19.4312],[-48.3258,-19.4363],[-48.3152,-19.4386],[-48.3065,-19.4478],[-48.2953,-19.4442],[-48.283,-19.4447],[-48.2724,-19.4391],[-48.2659,-19.4445],[-48.2615,-19.4581],[-48.2494,-19.474],[-48.2285,-19.4841],[-48.2205,-19.4903],[-48.2211,-19.4964],[-48.2151,-19.506],[-48.2027,-19.5144],[-48.1946,-19.5171],[-48.1899,-19.5236],[-48.1839,-19.5433],[-48.1789,-19.5391],[-48.1622,-19.541],[-48.155,-19.5548],[-48.1463,-19.5657],[-48.1474,-19.5791],[-48.1681,-19.601],[-48.1759,-19.6258],[-48.1685,-19.6386],[-48.1685,-19.6461],[-48.1801,-19.6641],[-48.1778,-19.677],[-48.1845,-19.6946],[-48.2007,-19.6956],[-48.2059,-19.6985],[-48.2136,-19.6947],[-48.2232,-19.7027],[-48.2403,-19.7025],[-48.2625,-19.7163],[-48.2787,-19.719],[-48.2856,-19.7236],[-48.3002,-19.725],[-48.3048,-19.7284],[-48.3179,-19.7292],[-48.3272,-19.7406],[-48.2916,-19.7569],[-48.273,-19.7558],[-48.2729,-19.7738],[-48.2683,-19.7796],[-48.2609,-19.7998],[-48.2485,-19.8237],[-48.2375,-19.8394],[-48.231,-19.8456],[-48.2186,-19.848],[-48.201,-19.8612],[-48.1919,-19.8657],[-48.1689,-19.8734],[-48.1545,-19.8828]]]}},{"type":"Feature","properties":{"codarea":"3170206"},"geometry":{"type":"Polygon","coordinates":[[[-48.0614,-18.8858],[-48.0718,-18.8908],[-48.0808,-18.8862],[-48.0826,-18.8781],[-48.0763,-18.8728],[-48.0778,-18.8642],[-48.091,-18.859],[-48.0908,-18.8533],[-48.0822,-18.8494],[-48.0884,-18.8427],[-48.1057,-18.8499],[-48.1135,-18.8427],[-48.0957,-18.8327],[-48.0944,-18.8268],[-48.1071,-18.8218],[-48.111,-18.8165],[-48.1065,-18.8073],[-48.1135,-18.8011],[-48.1327,-18.8125],[-48.1329,-18.7926],[-48.1377,-18.7858],[-48.1509,-18.7936],[-48.143,-18.8004],[-48.1415,-18.8064],[-48.1502,-18.8144],[-48.16,-18.8098],[-48.1669,-18.8002],[-48.1694,-18.7884],[-48.1683,-18.7758],[-48.178,-18.7776],[-48.1812,-18.7861],[-48.188,-18.791],[-48.1974,-18.7912],[-48.2003,-18.7852],[-48.1933,-18.7805],[-48.1869,-18.7661],[-48.1882,-18.7608],[-48.2012,-18.7615],[-48.2141,-18.7575],[-48.2221,-18.7578],[-48.2305,-18.7628],[-48.2479,-18.7684],[-48.258,-18.7752],[-48.2625,-18.7682],[-48.2641,-18.7574],[-48.2718,-18.7571],[-48.2755,-18.7476],[-48.2613,-18.7386],[-48.2576,-18.727],[-48.2806,-18.7323],[-48.3005,-18.7255],[-48.3099,-18.7253],[-48.3142,-18.7146],[-48.3119,-18.705],[-48.3218,-18.6947],[-48.3229,-18.6852],[-48.3145,-18.6776],[-48.3197,-18.6705],[-48.331,-18.6707],[-48.3361,-18.6605],[-48.3262,-18.661],[-48.3246,-18.6545],[-48.3342,-18.65],[-48.3294,-18.6422],[-48.3318,-18.6327],[-48.34,-18.6346],[-48.3632,-18.6307],[-48.379,-18.6413],[-48.3952,-18.6337],[-48.4083,-18.6537],[-48.4,-18.6606],[-48.4099,-18.6667],[-48.421,-18.6608],[-48.4384,-18.66],[-48.443,-18.6541],[-48.4367,-18.6435],[-48.4468,-18.6385],[-48.4566,-18.6426],[-48.4817,-18.6142],[-48.4913,-18.6111],[-48.4897,-18.5991],[-48.4945,-18.5931],[-48.5053,-18.5965],[-48.5174,-18.5947],[-48.5283,-18.603],[-48.5243,-18.6133],[-48.5338,-18.6138],[-48.5296,-18.6227],[-48.534,-18.6289],[-48.5266,-18.6381],[-48.5242,-18.6458],[-48.513,-18.657],[-48.5109,-18.669],[-48.511,-18.6872],[-48.5176,-18.6928],[-48.5119,-18.7041],[-48.5095,-18.7199],[-48.5024,-18.7323],[-48.5077,-18.7344],[-48.4982,-18.7572],[-48.5062,-18.7634],[-48.518,-18.778],[-48.5283,-18.7767],[-48.5423,-18.7801],[-48.553,-18.7884],[-48.5538,-18.8082],[-48.5625,-18.8241],[-48.5756,-18.8321],[-48.593,-18.8394],[-48.6012,-18.8395],[-48.5932,-18.8604],[-48.5758,-18.8673],[-48.5639,-18.8787],[-48.5593,-18.8889],[-48.5528,-18.8931],[-48.5376,-18.8918],[-48.527,-18.9024],[-48.5213,-18.9044],[-48.5215,-18.9156],[-48.5312,-18.9349],[-48.5384,-18.967],[-48.5472,-18.9779],[-48.5576,-18.9828],[-48.5718,-18.9944],[-48.5901,-18.985],[-48.6076,-18.9693],[-48.6314,-18.9541],[-48.6434,-18.9705],[-48.6458,-18.9778],[-48.6426,-18.9874],[-48.6469,-18.9961],[-48.6538,-18.999],[-48.6615,-19.0092],[-48.6762,-19.0186],[-48.6775,-19.031],[-48.6921,-19.0421],[-48.6941,-19.0523],[-48.7023,-19.063],[-48.7064,-19.0741],[-48.7299,-19.0756],[-48.737,-19.0735],[-48.7454,-19.0792],[-48.7603,-19.0757],[-48.7799,-19.0842],[-48.7967,-19.0849],[-48.8147,-19.095],[-48.8236,-19.1034],[-48.8168,-19.1125],[-48.7991,-19.1188],[-48.7773,-19.133],[-48.7674,-19.1433],[-48.7535,-19.1478],[-48.7446,-19.1641],[-48.736,-19.1671],[-48.7246,-19.1806],[-48.7044,-19.1798],[-48.6946,-19.1906],[-48.6879,-19.1877],[-48.6723,-19.1894],[-48.6741,-19.198],[-48.6657,-19.2018],[-48.6579,-19.1965],[-48.6547,-19.2024],[-48.6455,-19.209],[-48.6274,-19.2064],[-48.6246,-19.2119],[-48.612,-19.2202],[-48.6109,-19.2145],[-48.6,-19.2176],[-48.5962,-19.2258],[-48.5876,-19.232],[-48.5733,-19.2291],[-48.5534,-19.252],[-48.5447,-19.2552],[-48.5411,-19.2615],[-48.5287,-19.2625],[-48.5219,-19.2673],[-48.5129,-19.2822],[-48.4982,-19.2932],[-48.4958,-19.3002],[-48.4802,-19.3126],[-48.4654,-19.3283],[-48.4764,-19.3462],[-48.4705,-19.3543],[-48.4608,-19.3585],[-48.4583,-19.3731],[-48.4438,-19.3793],[-48.4403,-19.3914],[-48.4203,-19.3987],[-48.4026,-19.4025],[-48.3993,-19.4103],[-48.3926,-19.4088],[-48.3774,-19.4131],[-48.3642,-19.4146],[-48.3552,-19.4118],[-48.3397,-19.3992],[-48.3443,-19.3905],[-48.3395,-19.3822],[-48.3475,-19.3684],[-48.3449,-19.3498],[-48.3387,-19.344],[-48.3317,-19.3457],[-48.3298,-19.33],[-48.3189,-19.3197],[-48.3206,-19.3132],[-48.3341,-19.3031],[-48.3386,-19.2962],[-48.341,-19.282],[-48.3306,-19.2857],[-48.3185,-19.2823],[-48.3092,-19.2843],[-48.298,-19.2676],[-48.2834,-19.2524],[-48.2668,-19.2462],[-48.2679,-19.2378],[-48.2557,-19.2312],[-48.2434,-19.2289],[-48.2253,-19.2169],[-48.2249,-19.2092],[-48.233,-19.2001],[-48.2291,-19.1903],[-48.189,-19.1717],[-48.1871,-19.1485],[-48.1783,-19.1494],[-48.1672,-19.1553],[-48.1495,-19.1584],[-48.1437,-19.1694],[-48.1198,-19.1803],[-48.1132,-19.1774],[-48.1059,-19.1831],[-48.1123,-19.1915],[-48.1014,-19.2063],[-48.0893,-19.2151],[-48.0928,-19.2288],[-48.0889,-19.2394],[-48.0783,-19.2454],[-48.0735,-19.2413],[-48.0547,-19.2397],[-48.0468,-19.2428],[-48.0284,-19.2432],[-48.016,-19.2525],[-48.0031,-19.2535],[-47.9937,-19.2649],[-47.9942,-19.2731],[-47.9864,-19.2824],[-47.9896,-19.2996],[-47.9887,-19.3112],[-47.9782,-19.3301],[-47.9592,-19.337],[-47.9535,-19.3316],[-47.9469,-19.3101],[-47.9485,-19.2938],[-47.9274,-19.2772],[-47.9274,-19.2666],[-47.9145,-19.2667],[-47.9084,-19.2724],[-47.903,-19.2642],[-47.9087,-19.2418],[-47.913,-19.2367],[-47.9132,-19.2236],[-47.9034,-19.2106],[-47.9067,-19.2039],[-47.9046,-19.1971],[-47.9109,-19.1646],[-47.9161,-19.1573],[-47.9162,-19.1436],[-47.9206,-19.1347],[-47.9177,-19.1218],[-47.9112,-19.1078],[-47.9135,-19.0966],[-47.9271,-19.093],[-47.9314,-19.0873],[-47.9282,-19.0787],[-47.9319,-19.0681],[-47.9376,-19.0665],[-47.9481,-19.0719],[-47.956,-19.0699],[-47.9546,-19.0581],[-47.9441,-19.0538],[-47.9502,-19.0455],[-47.9578,-19.0512],[-47.9789,-19.0493],[-47.9815,-19.044],[-47.9724,-19.0337],[-47.9648,-19.0291],[-47.9601,-19.0204],[-47.9699,-19.0147],[-47.9792,-19.0013],[-47.995,-18.9928],[-47.9996,-18.9932],[-48.0038,-19.0024],[-48.0122,-19.0019],[-48.0185,-18.9855],[-48.0069,-18.9716],[-48.0145,-18.9655],[-48.0105,-18.9566],[-48.0136,-18.9449],[-48.008,-18.9395],[-48.0093,-18.9329],[-48.0195,-18.9162],[-48.0149,-18.9074],[-48.021,-18.9057],[-48.0348,-18.9126],[-48.0475,-18.9108],[-48.0413,-18.9029],[-48.038,-18.8898],[-48.0474,-18.8854],[-48.0537,-18.8899],[-48.0614,-18.8858]]]}},{"type":"Feature","properties":{"codarea":"3170701"},"geometry":{"type":"Polygon","coordinates":[[[-45.4169,-21.6675],[-45.4142,-21.656],[-45.4002,-21.6487],[-45.401,-21.6417],[-45.3913,-21.6296],[-45.3745,-21.6297],[-45.36,-21.6356],[-45.3468,-21.6317],[-45.3396,-21.614],[-45.3449,-21.6057],[-45.3428,-21.598],[-45.3358,-21.5968],[-45.3309,-21.5838],[-45.3219,-21.5836],[-45.3162,-21.592],[-45.3049,-21.5985],[-45.2953,-21.5976],[-45.2848,-21.6005],[-45.2757,-21.5947],[-45.273,-21.5813],[-45.2671,-21.5805],[-45.2644,-21.5724],[-45.2513,-21.5661],[-45.2546,-21.5541],[-45.2677,-21.5468],[-45.2833,-21.5327],[-45.2918,-21.5376],[-45.2902,-21.5203],[-45.2997,-21.5144],[-45.3233,-21.5068],[-45.3274,-21.4999],[-45.3403,-21.4961],[-45.3511,-21.4895],[-45.3612,-21.4868],[-45.3648,-21.4812],[-45.3814,-21.4798],[-45.3928,-21.4745],[-45.3969,-21.4693],[-45.4086,-21.4668],[-45.4187,-21.4737],[-45.434,-21.4627],[-45.4428,-21.4597],[-45.458,-21.4642],[-45.4644,-21.47],[-45.4806,-21.4681],[-45.4897,-21.4791],[-45.4843,-21.4925],[-45.4854,-21.5125],[-45.4934,-21.5138],[-45.4983,-21.5087],[-45.5134,-21.5125],[-45.5308,-21.5035],[-45.535,-21.4981],[-45.5451,-21.4982],[-45.5356,-21.5085],[-45.5318,-21.5166],[-45.521,-21.5224],[-45.5184,-21.5295],[-45.51,-21.5375],[-45.5147,-21.5451],[-45.52,-21.5446],[-45.5264,-21.5326],[-45.5326,-21.5326],[-45.5475,-21.5451],[-45.5429,-21.555],[-45.5473,-21.5628],[-45.5444,-21.5714],[-45.5298,-21.573],[-45.5235,-21.5875],[-45.5093,-21.5856],[-45.5113,-21.5939],[-45.519,-21.5958],[-45.5197,-21.6018],[-45.5064,-21.607],[-45.4971,-21.6077],[-45.4854,-21.613],[-45.4759,-21.6108],[-45.4566,-21.621],[-45.4467,-21.6356],[-45.4618,-21.658],[-45.4535,-21.6607],[-45.4534,-21.6678],[-45.4419,-21.6736],[-45.4354,-21.6841],[-45.4206,-21.6745],[-45.4169,-21.6675]]]}},{"type":"Feature","properties":{"codarea":"3201209"},"geometry":{"type":"Polygon","coordinates":[[[-41.2448,-20.8686],[-41.2414,-20.8788],[-41.2325,-20.8844],[-41.222,-20.8813],[-41.22,-20.8887],[-41.2136,-20.8896],[-41.2009,-20.8804],[-41.1887,-20.8908],[-41.1666,-20.8996],[-41.1561,-20.8909],[-41.1464,-20.898],[-41.1461,-20.9043],[-41.137,-20.9087],[-41.1335,-20.9288],[-41.1235,-20.9325],[-41.1129,-20.9268],[-41.1024,-20.9321],[-41.0931,-20.9332],[-41.0929,-20.9534],[-41.0863,-20.9408],[-41.0799,-20.9336],[-41.0803,-20.9212],[-41.0694,-20.917],[-41.0662,-20.9079],[-41.0529,-20.9031],[-41.0572,-20.892],[-41.0533,-20.879],[-41.0396,-20.8694],[-41.0062,-20.8694],[-41.0313,-20.8535],[-41.024,-20.8341],[-41.0176,-20.83],[-41.0158,-20.8209],[-41.0231,-20.8146],[-41.017,-20.7952],[-41.022,-20.7874],[-41.0463,-20.7876],[-41.0443,-20.7771],[-41.0348,-20.7648],[-41.0322,-20.7569],[-41.0498,-20.7528],[-41.0566,-20.745],[-41.0551,-20.7408],[-41.0697,-20.7304],[-41.0688,-20.7239],[-41.0618,-20.7154],[-41.0745,-20.7111],[-41.0971,-20.7246],[-41.1032,-20.711],[-41.1018,-20.7039],[-41.0868,-20.7041],[-41.0849,-20.6828],[-41.0661,-20.6549],[-41.0685,-20.6471],[-41.0655,-20.6405],[-41.0553,-20.6322],[-41.0614,-20.624],[-41.0662,-20.6256],[-41.0763,-20.6199],[-41.0775,-20.6141],[-41.0852,-20.6157],[-41.0991,-20.6086],[-41.1091,-20.6116],[-41.1167,-20.6175],[-41.1323,-20.6153],[-41.133,-20.6269],[-41.1511,-20.6433],[-41.1676,-20.6447],[-41.1732,-20.6532],[-41.1811,-20.6577],[-41.1799,-20.667],[-41.2046,-20.6717],[-41.2544,-20.663],[-41.2659,-20.6549],[-41.2746,-20.6544],[-41.2914,-20.6429],[-41.2974,-20.6509],[-41.3056,-20.6514],[-41.3219,-20.6331],[-41.32,-20.624],[-41.3309,-20.61],[-41.3409,-20.606],[-41.3521,-20.6143],[-41.351,-20.6239],[-41.3587,-20.6256],[-41.3665,-20.6206],[-41.3741,-20.6284],[-41.38,-20.6368],[-41.3722,-20.6457],[-41.3778,-20.6546],[-41.3845,-20.6586],[-41.389,-20.6713],[-41.3832,-20.6841],[-41.3709,-20.6939],[-41.3607,-20.6952],[-41.3518,-20.7068],[-41.355,-20.7183],[-41.3591,-20.7219],[-41.3518,-20.7299],[-41.343,-20.7246],[-41.3252,-20.731],[-41.3387,-20.7456],[-41.3378,-20.7571],[-41.3451,-20.7671],[-41.3526,-20.7691],[-41.3537,-20.7815],[-41.342,-20.7951],[-41.3463,-20.8014],[-41.3478,-20.8112],[-41.3409,-20.8325],[-41.3428,-20.851],[-41.3355,-20.8536],[-41.3374,-20.8635],[-41.3239,-20.8585],[-41.3206,-20.852],[-41.2974,-20.8557],[-41.2955,-20.8411],[-41.2868,-20.8494],[-41.287,-20.855],[-41.2664,-20.8511],[-41.259,-20.8526],[-41.2383,-20.8474],[-41.2397,-20.8583],[-41.2448,-20.8686]]]}},{"type":"Feature","properties":{"codarea":"3205002"},"geometry":{"type":"Polygon","coordinates":[[[-40.1918,-20.0545],[-40.19,-20.0454],[-40.1951,-20.0357],[-40.2048,-20.0301],[-40.2205,-20.0283],[-40.2398,-20.0452],[-40.2517,-20.0324],[-40.26,-20.0379],[-40.265,-20.034],[-40.2744,-20.0358],[-40.2853,-20.0273],[-40.2955,-20.023],[-40.3163,-20.0287],[-40.3266,-20.0293],[-40.3439,-20.0365],[-40.3522,-20.0466],[-40.3671,-20.0395],[-40.3739,-20.0227],[-40.3868,-20.0144],[-40.3982,-20.0148],[-40.4126,-20.0184],[-40.4162,-20.0166],[-40.4334,-20.0949],[-40.4358,-20.1353],[-40.4302,-20.1504],[-40.4216,-20.1622],[-40.415,-20.1624],[-40.4115,-20.1699],[-40.4024,-20.1672],[-40.3901,-20.178],[-40.3885,-20.1848],[-40.3819,-20.1916],[-40.3834,-20.1993],[-40.378,-20.2113],[-40.3733,-20.2149],[-40.3656,-20.219],[-40.3619,-20.2334],[-40.3459,-20.2437],[-40.3391,-20.2504],[-40.3379,-20.2606],[-40.3289,-20.2604],[-40.3269,-20.2473],[-40.3293,-20.24],[-40.311,-20.2374],[-40.3105,-20.2315],[-40.3024,-20.2293],[-40.2979,-20.239],[-40.273,-20.2408],[-40.268,-20.239],[-40.221,-20.239],[-40.2149,-20.2426],[-40.2159,-20.2355],[-40.1985,-20.2161],[-40.1981,-20.2083],[-40.1902,-20.1933],[-40.1883,-20.1762],[-40.1838,-20.1673],[-40.1844,-20.1485],[-40.1816,-20.1346],[-40.172,-20.1082],[-40.1742,-20.0906],[-40.1733,-20.0771],[-40.176,-20.0717],[-40.1918,-20.0545]]]}},{"type":"Feature","properties":{"codarea":"3205309"},"geometry":{"type":"MultiPolygon","coordinates":[[[[-40.2744,-20.32],[-40.2838,-20.3099],[-40.2893,-20.3086],[-40.2907,-20.2992],[-40.2891,-20.2838],[-40.2775,-20.2721],[-40.2588,-20.2658],[-40.2475,-20.284],[-40.2375,-20.295],[-40.2313,-20.2914],[-40.2344,-20.2763],[-40.2237,-20.2572],[-40.2226,-20.2502],[-40.2149,-20.2426],[-40.221,-20.239],[-40.268,-20.239],[-40.273,-20.2408],[-40.2979,-20.239],[-40.3024,-20.2293],[-40.3105,-20.2315],[-40.311,-20.2374],[-40.3293,-20.24],[-40.3269,-20.2473],[-40.3289,-20.2604],[-40.3356,-20.2709],[-40.35,-20.2846],[-40.3549,-20.2967],[-40.3616,-20.3062],[-40.3618,-20.3174],[-40.3545,-20.3269],[-40.3155,-20.3241],[-40.3086,-20.33],[-40.3031,-20.3237],[-40.282,-20.3249],[-40.2744,-20.32]]],[[[-29.3371,-20.488],[-29.3415,-20.4923],[-29.3442,-20.5103],[-29.3339,-20.5175],[-29.3295,-20.5245],[-29.3106,-20.521],[-29.305,-20.5265],[-29.299,-20.5202],[-29.3085,-20.5082],[-29.3158,-20.5064],[-29.3219,-20.4989],[-29.3371,-20.488]]]]}},{"type":"Feature","properties":{"codarea":"3300704"},"geometry":{"type":"MultiPolygon","coordinates":[[[[-41.9735,-22.7296],[-41.9813,-22.723],[-41.9876,-22.7112],[-41.9942,-22.6883],[-41.9975,-22.6678],[-41.9997,-22.6326],[-41.9979,-22.6095],[-41.9914,-22.5981],[-41.9962,-22.5915],[-41.9909,-22.5805],[-41.9952,-22.5749],[-42.0045,-22.5847],[-42.0097,-22.5729],[-42.0174,-22.578],[-42.0217,-22.5684],[-42.0298,-22.5709],[-42.0328,-22.561],[-42.0418,-22.5689],[-42.0495,-22.5612],[-42.06,-22.5603],[-42.0649,-22.5687],[-42.0729,-22.5675],[-42.0814,-22.5746],[-42.0942,-22.5701],[-42.092,-22.5628],[-42.106,-22.5603],[-42.1098,-22.567],[-42.1182,-22.5667],[-42.1204,-22.559],[-42.1306,-22.5525],[-42.1338,-22.5424],[-42.1512,-22.5567],[-42.1559,-22.5459],[-42.1719,-22.5486],[-42.1824,-22.5527],[-42.1319,-22.6534],[-42.025,-22.7964],[-42.0381,-22.8561],[-42.0412,-22.8657],[-42.0543,-22.8631],[-42.0659,-22.8644],[-42.0737,-22.8597],[-42.088,-22.8652],[-42.0981,-22.8619],[-42.109,-22.8713],[-42.1046,-22.8814],[-42.1049,-22.8903],[-42.1099,-22.9038],[-42.1154,-22.9091],[-42.1222,-22.9083],[-42.1115,-22.9203],[-42.1035,-22.9261],[-42.0885,-22.9328],[-42.0373,-22.9331],[-42.0373,-22.9217],[-42.0331,-22.9065],[-42.0204,-22.8888],[-42.0097,-22.8828],[-42.0042,-22.8896],[-41.9969,-22.8837],[-41.9898,-22.8827],[-41.9818,-22.867],[-41.9866,-22.8584],[-41.9858,-22.8505],[-41.9766,-22.8302],[-41.9694,-22.8228],[-42.0014,-22.7958],[-42.0097,-22.7781],[-41.9735,-22.7296]]],[[[-41.9366,-22.8626],[-41.9452,-22.8636],[-41.9479,-22.8741],[-41.9403,-22.8736],[-41.9366,-22.8626]]]]}},{"type":"Feature","properties":{"codarea":"3301009"},"geometry":{"type":"Polygon","coordinates":[[[-41.6597,-22.0558],[-41.6477,-22.0515],[-41.6296,-22.0501],[-41.6178,-22.046],[-41.6057,-22.0482],[-41.5926,-22.0475],[-41.5807,-22.0514],[-41.5736,-22.051],[-41.5513,-22.0555],[-41.5395,-22.05],[-41.5232,-22.0224],[-41.5132,-22.0147],[-41.4376,-21.9866],[-41.2777,-22.0653],[-41.271,-22.079],[-41.2573,-22.099],[-41.2447,-22.0991],[-41.2288,-22.0955],[-41.2025,-22.0978],[-41.193,-22.1033],[-41.1829,-22.0984],[-41.1669,-22.0978],[-41.1579,-22.0934],[-41.1517,-22.0993],[-41.1415,-22.0938],[-41.1338,-22.0955],[-41.1311,-22.0893],[-41.0769,-22.0578],[-41.0459,-22.042],[-41.0256,-22.0327],[-41.004,-22.0211],[-40.9908,-22.0103],[-40.9804,-21.9906],[-40.9751,-21.9666],[-40.9752,-21.941],[-40.9818,-21.9111],[-41.1279,-21.9119],[-41.1347,-21.8999],[-41.1525,-21.8838],[-41.1593,-21.8701],[-41.154,-21.8611],[-41.149,-21.8204],[-41.1617,-21.795],[-41.1773,-21.7765],[-41.172,-21.7487],[-41.1943,-21.7265],[-41.183,-21.7239],[-41.1749,-21.7184],[-41.1683,-21.7091],[-41.146,-21.695],[-41.1344,-21.6779],[-41.1435,-21.6719],[-41.158,-21.6746],[-41.1649,-21.6816],[-41.1774,-21.6892],[-41.1852,-21.6887],[-41.1969,-21.6825],[-41.1856,-21.6364],[-41.1837,-21.6092],[-41.1811,-21.5921],[-41.197,-21.593],[-41.2,-21.5879],[-41.2212,-21.5776],[-41.2299,-21.5713],[-41.2349,-21.5635],[-41.2435,-21.5587],[-41.2545,-21.5563],[-41.2441,-21.5006],[-41.2486,-21.5018],[-41.2615,-21.4897],[-41.2569,-21.4859],[-41.2558,-21.4742],[-41.2586,-21.4547],[-41.2558,-21.4459],[-41.2577,-21.4215],[-41.2667,-21.4077],[-41.263,-21.3996],[-41.2572,-21.3967],[-41.2533,-21.3877],[-41.243,-21.3885],[-41.2372,-21.382],[-41.237,-21.3756],[-41.2431,-21.3666],[-41.2638,-21.364],[-41.2686,-21.3545],[-41.2629,-21.3395],[-41.264,-21.3334],[-41.2482,-21.3132],[-41.2961,-21.3155],[-41.2988,-21.311],[-41.3104,-21.3093],[-41.2919,-21.2772],[-41.2872,-21.2563],[-41.2764,-21.2498],[-41.2762,-21.2401],[-41.2826,-21.2348],[-41.3035,-21.2286],[-41.3162,-21.2135],[-41.3258,-21.2186],[-41.3327,-21.2155],[-41.3383,-21.2068],[-41.3699,-21.2042],[-41.3885,-21.1991],[-41.3913,-21.2019],[-41.4031,-21.1983],[-41.4053,-21.2021],[-41.4165,-21.2001],[-41.4352,-21.2157],[-41.4462,-21.2155],[-41.4696,-21.2028],[-41.4701,-21.2314],[-41.4772,-21.2334],[-41.4962,-21.245],[-41.5012,-21.2594],[-41.5078,-21.2656],[-41.515,-21.2616],[-41.5246,-21.2676],[-41.5248,-21.2748],[-41.5385,-21.2807],[-41.5539,-21.2965],[-41.5867,-21.3112],[-41.5851,-21.3174],[-41.5511,-21.429],[-41.5509,-21.4297],[-41.4495,-21.3986],[-41.4439,-21.4102],[-41.4353,-21.4104],[-41.4207,-21.432],[-41.4139,-21.4374],[-41.4122,-21.4655],[-41.4054,-21.4671],[-41.3822,-21.49],[-41.373,-21.506],[-41.3736,-21.5175],[-41.3646,-21.5319],[-41.3601,-21.5442],[-41.3648,-21.5565],[-41.379,-21.5605],[-41.3856,-21.566],[-41.4009,-21.5835],[-41.4027,-21.6021],[-41.4095,-21.609],[-41.4252,-21.6111],[-41.4273,-21.6165],[-41.49,-21.6749],[-41.4943,-21.6651],[-41.5094,-21.65],[-41.5177,-21.6359],[-41.5298,-21.6255],[-41.5381,-21.6219],[-41.5403,-21.6262],[-41.5535,-21.6309],[-41.563,-21.6429],[-41.5692,-21.6401],[-41.5781,-21.653],[-41.5881,-21.6576],[-41.5917,-21.6629],[-41.6122,-21.6648],[-41.618,-21.671],[-41.6363,-21.6692],[-41.6484,-21.681],[-41.6491,-21.6875],[-41.6551,-21.6936],[-41.663,-21.6944],[-41.696,-21.7144],[-41.7005,-21.7257],[-41.6986,-21.7312],[-41.7052,-21.7488],[-41.7191,-21.7542],[-41.7295,-21.7632],[-41.7375,-21.7665],[-41.751,-21.7816],[-41.7503,-21.7897],[-41.7648,-21.7878],[-41.7736,-21.7895],[-41.778,-21.7848],[-41.79,-21.7818],[-41.7966,-21.7849],[-41.7975,-21.7959],[-41.8094,-21.7982],[-41.8107,-21.8048],[-41.8257,-21.817],[-41.8306,-21.8177],[-41.839,-21.8263],[-41.8374,-21.8331],[-41.85,-21.8372],[-41.8632,-21.8475],[-41.8736,-21.8514],[-41.8879,-21.8624],[-41.8839,-21.8723],[-41.888,-21.8798],[-41.8689,-21.8846],[-41.8493,-21.8874],[-41.8356,-21.8872],[-41.813,-21.8795],[-41.7965,-21.879],[-41.7757,-21.8903],[-41.766,-21.8906],[-41.7206,-21.887],[-41.7096,-21.8945],[-41.7104,-21.9051],[-41.716,-21.9111],[-41.714,-21.9241],[-41.721,-21.9449],[-41.7135,-21.9609],[-41.7206,-21.9687],[-41.7169,-21.9815],[-41.7229,-21.993],[-41.7314,-21.9963],[-41.7536,-22.0154],[-41.762,-22.0195],[-41.7685,-22.0103],[-41.7832,-22.0141],[-41.7877,-22.0208],[-41.7763,-22.0219],[-41.7674,-22.0304],[-41.7639,-22.0442],[-41.7591,-22.0539],[-41.7619,-22.0644],[-41.7551,-22.0688],[-41.7505,-22.0864],[-41.7403,-22.0865],[-41.7354,-22.0773],[-41.7166,-22.0592],[-41.7018,-22.0511],[-41.6652,-22.0573],[-41.6597,-22.0558]]]}},{"type":"Feature","properties":{"codarea":"3301702"},"geometry":{"type":"Polygon","coordinates":[[[-43.3309,-22.8027],[-43.3128,-22.8001],[-43.3041,-22.8008],[-43.2996,-22.8062],[-43.2778,-22.8074],[-43.2728,-22.8098],[-43.2713,-22.7948],[-43.2772,-22.7873],[-43.2774,-22.78],[-43.2579,-22.7564],[-43.2446,-22.7511],[-43.2387,-22.7431],[-43.2255,-22.7412],[-43.2132,-22.7343],[-43.2146,-22.7277],[-43.2216,-22.7245],[-43.2217,-22.7126],[-43.2151,-22.7037],[-43.2186,-22.6817],[-43.2247,-22.6745],[-43.2192,-22.6679],[-43.2177,-22.653],[-43.2106,-22.6426],[-43.1947,-22.6287],[-43.1944,-22.6227],[-43.225,-22.5636],[-43.2557,-22.5723],[-43.2607,-22.5554],[-43.246,-22.527],[-43.2343,-22.5227],[-43.2275,-22.5294],[-43.2235,-22.5223],[-43.2367,-22.5156],[-43.2385,-22.5115],[-43.2954,-22.4755],[-43.2964,-22.4757],[-43.3005,-22.4836],[-43.3205,-22.5005],[-43.3308,-22.5182],[-43.345,-22.5205],[-43.3604,-22.5258],[-43.369,-22.5266],[-43.375,-22.5206],[-43.3891,-22.5323],[-43.4014,-22.5334],[-43.4013,-22.542],[-43.41,-22.5453],[-43.395,-22.554],[-43.3882,-22.5644],[-43.3874,-22.5751],[-43.398,-22.5808],[-43.4167,-22.5955],[-43.4111,-22.6107],[-43.3892,-22.615],[-43.3818,-22.6229],[-43.3819,-22.6298],[-43.4015,-22.6521],[-43.3985,-22.6612],[-43.3856,-22.6687],[-43.3718,-22.673],[-43.3644,-22.6809],[-43.3654,-22.6851],[-43.3482,-22.6985],[-43.3392,-22.6947],[-43.3303,-22.6948],[-43.3273,-22.7048],[-43.3198,-22.7094],[-43.3272,-22.724],[-43.3293,-22.7559],[-43.3292,-22.7864],[-43.3309,-22.8027]]]}},{"type":"Feature","properties":{"codarea":"3302403"},"geometry":{"type":"Polygon","coordinates":[[[-41.8178,-22.417],[-41.795,-22.4046],[-41.7744,-22.3911],[-41.7665,-22.3782],[-41.7761,-22.3743],[-41.7735,-22.3641],[-41.7618,-22.3514],[-41.7392,-22.3391],[-41.7126,-22.3166],[-41.6891,-22.3],[-41.6981,-22.2818],[-41.7033,-22.2796],[-41.7083,-22.2647],[-41.7043,-22.2522],[-41.7711,-22.1809],[-41.8247,-22.146],[-41.8194,-22.1862],[-41.8291,-22.1902],[-41.8401,-22.199],[-41.8405,-22.2092],[-41.8461,-22.2162],[-41.8482,-22.2361],[-41.8596,-22.2642],[-41.8596,-22.2698],[-41.8783,-22.2749],[-41.8867,-22.2678],[-41.8863,-22.2593],[-41.8929,-22.257],[-41.9029,-22.231],[-41.9167,-22.2291],[-41.9175,-22.2118],[-41.9061,-22.2057],[-41.9013,-22.1905],[-41.913,-22.1698],[-41.9187,-22.1633],[-41.9326,-22.1643],[-41.9601,-22.1521],[-41.9733,-22.1535],[-41.9715,-22.1387],[-41.9738,-22.1336],[-41.9795,-22.1271],[-41.9971,-22.1353],[-42.0055,-22.1434],[-42.0201,-22.1477],[-42.0254,-22.1567],[-42.045,-22.163],[-42.0548,-22.1606],[-42.0656,-22.1644],[-42.0766,-22.1644],[-42.0878,-22.1705],[-42.0953,-22.1809],[-42.093,-22.1876],[-42.0979,-22.1941],[-42.0924,-22.2016],[-42.1074,-22.209],[-42.1177,-22.208],[-42.1313,-22.2133],[-42.1482,-22.2111],[-42.1605,-22.2174],[-42.1781,-22.2329],[-42.1834,-22.2445],[-42.1929,-22.2442],[-42.2106,-22.2596],[-42.219,-22.27],[-42.2273,-22.2742],[-42.249,-22.2952],[-42.2509,-22.3061],[-42.2638,-22.3154],[-42.2558,-22.3215],[-42.2374,-22.3302],[-42.2287,-22.3371],[-42.2162,-22.3411],[-42.2126,-22.3559],[-42.2053,-22.3691],[-42.2148,-22.3732],[-42.207,-22.3866],[-42.2128,-22.3909],[-42.2193,-22.4056],[-42.2041,-22.4143],[-42.2077,-22.4211],[-42.201,-22.4305],[-42.1823,-22.4326],[-42.1762,-22.4259],[-42.1633,-22.428],[-42.1523,-22.4208],[-42.1445,-22.428],[-42.138,-22.4197],[-42.1372,-22.4127],[-42.1252,-22.4123],[-42.1237,-22.4055],[-42.1072,-22.4042],[-42.0972,-22.4095],[-42.1001,-22.4273],[-42.1058,-22.4367],[-42.0863,-22.4391],[-42.0742,-22.4304],[-42.0639,-22.4346],[-42.0635,-22.4228],[-42.0607,-22.4171],[-42.0525,-22.4126],[-42.0424,-22.4015],[-42.0345,-22.3987],[-42.0238,-22.3879],[-41.9956,-22.3998],[-41.9791,-22.3957],[-41.9774,-22.3924],[-41.9636,-22.3881],[-41.9453,-22.388],[-41.9379,-22.3946],[-41.9283,-22.3974],[-41.92,-22.3954],[-41.9069,-22.4],[-41.8939,-22.4115],[-41.8787,-22.4181],[-41.8605,-22.4187],[-41.855,-22.4108],[-41.8376,-22.4114],[-41.8281,-22.4083],[-41.8178,-22.417]]]}},{"type":"Feature","properties":{"codarea":"3303500"},"geometry":{"type":"Polygon","coordinates":[[[-43.3654,-22.6851],[-43.3644,-22.6809],[-43.3718,-22.673],[-43.3856,-22.6687],[-43.3985,-22.6612],[-43.4015,-22.6521],[-43.3819,-22.6298],[-43.3818,-22.6229],[-43.3892,-22.615],[-43.4111,-22.6107],[-43.4167,-22.5955],[-43.398,-22.5808],[-43.3874,-22.5751],[-43.3882,-22.5644],[-43.395,-22.554],[-43.41,-22.5453],[-43.4013,-22.542],[-43.4014,-22.5334],[-43.4099,-22.5318],[-43.4195,-22.5381],[-43.4403,-22.5307],[-43.4458,-22.526],[-43.4679,-22.536],[-43.4864,-22.5485],[-43.4983,-22.5544],[-43.5006,-22.5635],[-43.51,-22.5718],[-43.5219,-22.5671],[-43.5415,-22.5661],[-43.5511,-22.5734],[-43.5722,-22.5784],[-43.5856,-22.5831],[-43.589,-22.5929],[-43.6022,-22.5995],[-43.6034,-22.6049],[-43.6118,-22.6077],[-43.6288,-22.6257],[-43.6227,-22.6422],[-43.6106,-22.6344],[-43.5932,-22.6199],[-43.5786,-22.616],[-43.5691,-22.6094],[-43.568,-22.6237],[-43.5714,-22.6344],[-43.5609,-22.636],[-43.5463,-22.6558],[-43.5396,-22.6535],[-43.5427,-22.668],[-43.5517,-22.6718],[-43.5554,-22.6797],[-43.5424,-22.6805],[-43.5345,-22.6887],[-43.5211,-22.6943],[-43.5358,-22.7038],[-43.5356,-22.709],[-43.5425,-22.7149],[-43.5383,-22.7274],[-43.5422,-22.7361],[-43.5323,-22.7387],[-43.5352,-22.7514],[-43.5603,-22.7578],[-43.5702,-22.7528],[-43.5761,-22.755],[-43.5923,-22.7545],[-43.6013,-22.7482],[-43.6139,-22.7493],[-43.6158,-22.7615],[-43.6273,-22.7729],[-43.6238,-22.7825],[-43.6348,-22.7833],[-43.6292,-22.8103],[-43.622,-22.8219],[-43.6231,-22.8266],[-43.648,-22.8448],[-43.6702,-22.8528],[-43.6735,-22.864],[-43.6587,-22.8634],[-43.6441,-22.8557],[-43.624,-22.8627],[-43.5963,-22.8578],[-43.593,-22.8604],[-43.5885,-22.8387],[-43.5594,-22.8289],[-43.5218,-22.8225],[-43.4901,-22.8155],[-43.4963,-22.8138],[-43.4916,-22.8022],[-43.5024,-22.7933],[-43.4714,-22.7879],[-43.4695,-22.7834],[-43.4593,-22.7818],[-43.4423,-22.7736],[-43.4323,-22.766],[-43.4107,-22.7681],[-43.416,-22.765],[-43.4139,-22.7556],[-43.4224,-22.75],[-43.4341,-22.7245],[-43.4273,-22.7163],[-43.4316,-22.7026],[-43.4246,-22.704],[-43.3939,-22.6913],[-43.3785,-22.6907],[-43.3703,-22.6943],[-43.3654,-22.6851]]]}},{"type":"Feature","properties":{"codarea":"3303906"},"geometry":{"type":"Polygon","coordinates":[[[-43.0288,-22.4613],[-43.0228,-22.4411],[-43.0329,-22.4328],[-43.0376,-22.4111],[-43.031,-22.4026],[-43.0288,-22.3929],[-43.0314,-22.3864],[-43.0292,-22.3765],[-43.0329,-22.3671],[-43.0264,-22.3635],[-43.0229,-22.3558],[-43.0339,-22.3273],[-43.0463,-22.3264],[-43.0431,-22.3154],[-43.0364,-22.3084],[-43.0141,-22.302],[-43.0118,-22.2961],[-43.0162,-22.2906],[-42.9898,-22.2784],[-42.9882,-22.27],[-42.9806,-22.2647],[-42.978,-22.2552],[-42.9806,-22.2487],[-42.9922,-22.2392],[-42.9981,-22.2259],[-43.0086,-22.2193],[-43.0154,-22.2233],[-43.029,-22.2026],[-43.0353,-22.2065],[-43.0478,-22.2086],[-43.0532,-22.2144],[-43.0759,-22.2235],[-43.0938,-22.2423],[-43.0899,-22.2614],[-43.0999,-22.265],[-43.1061,-22.2751],[-43.1063,-22.2815],[-43.1165,-22.2829],[-43.127,-22.2759],[-43.1304,-22.2825],[-43.137,-22.283],[-43.1455,-22.304],[-43.1612,-22.3102],[-43.1739,-22.3102],[-43.1817,-22.3011],[-43.2007,-22.3038],[-43.2114,-22.2997],[-43.2179,-22.3058],[-43.2355,-22.3117],[-43.2419,-22.3031],[-43.2479,-22.3115],[-43.258,-22.3163],[-43.2645,-22.3246],[-43.2629,-22.334],[-43.2771,-22.35],[-43.2844,-22.3665],[-43.2887,-22.3707],[-43.2999,-22.3711],[-43.3181,-22.384],[-43.3203,-22.3928],[-43.3263,-22.4011],[-43.3349,-22.4034],[-43.338,-22.4147],[-43.3443,-22.418],[-43.361,-22.4196],[-43.3646,-22.4265],[-43.3744,-22.4359],[-43.3703,-22.4517],[-43.3513,-22.4489],[-43.3353,-22.4545],[-43.3305,-22.4534],[-43.3203,-22.459],[-43.3011,-22.4521],[-43.2886,-22.4627],[-43.2993,-22.4684],[-43.2964,-22.4757],[-43.2954,-22.4755],[-43.2385,-22.5115],[-43.2367,-22.5156],[-43.2235,-22.5223],[-43.2275,-22.5294],[-43.2343,-22.5227],[-43.246,-22.527],[-43.2607,-22.5554],[-43.2557,-22.5723],[-43.225,-22.5636],[-43.1981,-22.5531],[-43.1826,-22.5532],[-43.162,-22.5472],[-43.1489,-22.5397],[-43.1179,-22.5307],[-43.1107,-22.5348],[-43.094,-22.5218],[-43.0787,-22.5129],[-43.0707,-22.501],[-43.0791,-22.487],[-43.0623,-22.4846],[-43.0543,-22.4804],[-43.0581,-22.4751],[-43.0477,-22.4606],[-43.0395,-22.4581],[-43.0288,-22.4613]]]}},{"type":"Feature","properties":{"codarea":"3304557"},"geometry":{"type":"MultiPolygon","coordinates":[[[[-43.2728,-22.8098],[-43.2778,-22.8074],[-43.2996,-22.8062],[-43.3041,-22.8008],[-43.3128,-22.8001],[-43.3309,-22.8027],[-43.3655,-22.8041],[-43.3849,-22.814],[-43.3906,-22.8138],[-43.4079,-22.8212],[-43.4154,-22.8216],[-43.422,-22.8326],[-43.4312,-22.8393],[-43.4581,-22.849],[-43.4692,-22.8404],[-43.4824,-22.8304],[-43.4901,-22.8155],[-43.5218,-22.8225],[-43.5594,-22.8289],[-43.5885,-22.8387],[-43.593,-22.8604],[-43.5963,-22.8578],[-43.624,-22.8627],[-43.6441,-22.8557],[-43.6587,-22.8634],[-43.6735,-22.864],[-43.6811,-22.8627],[-43.6974,-22.8647],[-43.7176,-22.8725],[-43.7275,-22.8733],[-43.7343,-22.8783],[-43.7482,-22.8779],[-43.7507,-22.8878],[-43.7659,-22.8951],[-43.7746,-22.8927],[-43.7807,-22.8951],[-43.7847,-22.904],[-43.7951,-22.9038],[-43.7907,-22.9143],[-43.796,-22.9171],[-43.7897,-22.9258],[-43.7843,-22.9243],[-43.7757,-22.9318],[-43.7453,-22.9465],[-43.7316,-22.9579],[-43.7247,-22.9607],[-43.7165,-22.9706],[-43.711,-22.9706],[-43.7001,-22.9861],[-43.691,-22.9893],[-43.6808,-22.9814],[-43.6745,-22.9803],[-43.664,-22.9869],[-43.6542,-23],[-43.6432,-23.0011],[-43.6388,-23.006],[-43.6278,-23.0066],[-43.6141,-23.0176],[-43.5996,-23.0229],[-43.5943,-23.0324],[-43.5797,-23.0396],[-43.5786,-23.0451],[-43.5624,-23.0532],[-43.5616,-23.0582],[-43.5687,-23.0655],[-43.5664,-23.0752],[-43.5544,-23.074],[-43.5489,-23.0607],[-43.5421,-23.0591],[-43.5322,-23.0497],[-43.508,-23.0473],[-43.5074,-23.0429],[-43.4928,-23.0353],[-43.4677,-23.0299],[-43.4544,-23.0252],[-43.4198,-23.0176],[-43.3879,-23.0131],[-43.3576,-23.0111],[-43.3359,-23.0114],[-43.3028,-23.0163],[-43.2855,-23.015],[-43.2874,-23.0111],[-43.2747,-23.0023],[-43.2521,-22.9991],[-43.2457,-23.001],[-43.232,-22.9953],[-43.231,-22.9908],[-43.2176,-22.987],[-43.1982,-22.9879],[-43.1882,-22.9858],[-43.1853,-22.9742],[-43.1592,-22.9589],[-43.1502,-22.9507],[-43.1558,-22.9433],[-43.1625,-22.9438],[-43.17,-22.9523],[-43.1801,-22.9485],[-43.1686,-22.9387],[-43.1713,-22.9324],[-43.168,-22.9228],[-43.1626,-22.9172],[-43.1615,-22.9053],[-43.1692,-22.9046],[-43.1811,-22.8954],[-43.1962,-22.8921],[-43.2108,-22.8976],[-43.2161,-22.8867],[-43.2014,-22.8715],[-43.2099,-22.867],[-43.2134,-22.8731],[-43.2257,-22.8741],[-43.2365,-22.862],[-43.245,-22.8406],[-43.2549,-22.8365],[-43.2669,-22.8235],[-43.2728,-22.8098]]],[[[-43.6678,-23.0531],[-43.6368,-23.0506],[-43.6118,-23.0503],[-43.5868,-23.0533],[-43.5683,-23.0594],[-43.5665,-23.0548],[-43.577,-23.0481],[-43.604,-23.0387],[-43.614,-23.031],[-43.6566,-23.0391],[-43.6666,-23.0426],[-43.6678,-23.0531]]],[[[-43.5992,-23.0282],[-43.6023,-23.039],[-43.5897,-23.0407],[-43.5992,-23.0282]]],[[[-43.1752,-22.8012],[-43.1695,-22.7934],[-43.1574,-22.7873],[-43.1575,-22.7786],[-43.1647,-22.7772],[-43.1712,-22.7822],[-43.185,-22.7843],[-43.1904,-22.7955],[-43.2075,-22.7949],[-43.2207,-22.7846],[-43.2362,-22.7917],[-43.2475,-22.7929],[-43.2564,-22.7972],[-43.2657,-22.8112],[-43.2587,-22.8196],[-43.2509,-22.8233],[-43.2484,-22.8304],[-43.2392,-22.8338],[-43.2279,-22.8214],[-43.2169,-22.8172],[-43.2036,-22.8202],[-43.1929,-22.8195],[-43.1869,-22.8291],[-43.1808,-22.8313],[-43.1726,-22.8253],[-43.1784,-22.8027],[-43.1752,-22.8012]]],[[[-43.2172,-22.8703],[-43.2178,-22.8611],[-43.2266,-22.8562],[-43.2324,-22.8472],[-43.2239,-22.8419],[-43.2277,-22.8371],[-43.2376,-22.8392],[-43.241,-22.8467],[-43.2362,-22.8611],[-43.2223,-22.8705],[-43.2172,-22.8703]]]]}},{"type":"Feature","properties":{"codarea":"3304904"},"geometry":{"type":"Polygon","coordinates":[[[-43.1034,-22.8559],[-43.0902,-22.8621],[-43.0717,-22.8665],[-43.0674,-22.8696],[-43.0413,-22.8726],[-43.0347,-22.8772],[-43.0279,-22.8759],[-43.0093,-22.8912],[-42.9942,-22.8878],[-42.9873,-22.8921],[-42.9856,-22.9076],[-42.9798,-22.9087],[-42.9568,-22.9008],[-42.956,-22.8938],[-42.9422,-22.8899],[-42.9269,-22.8821],[-42.901,-22.8776],[-42.8942,-22.8707],[-42.886,-22.8676],[-42.9061,-22.8169],[-42.9194,-22.82],[-42.9387,-22.8026],[-42.9432,-22.7948],[-42.9406,-22.7764],[-42.9614,-22.7603],[-42.9772,-22.7556],[-42.9884,-22.7497],[-42.9966,-22.7397],[-42.9971,-22.7342],[-43.0178,-22.7438],[-43.0266,-22.7431],[-43.0394,-22.7503],[-43.0466,-22.7572],[-43.0643,-22.7651],[-43.0684,-22.7786],[-43.0814,-22.7898],[-43.0791,-22.7989],[-43.0651,-22.8029],[-43.0828,-22.8206],[-43.0969,-22.8279],[-43.0954,-22.8343],[-43.1034,-22.8559]]]}},{"type":"Feature","properties":{"codarea":"3306305"},"geometry":{"type":"Polygon","coordinates":[[[-44.0056,-22.4071],[-44.0131,-22.4076],[-44.0888,-22.4063],[-44.0991,-22.4123],[-44.1092,-22.4214],[-44.1322,-22.4267],[-44.142,-22.4353],[-44.1513,-22.4526],[-44.1544,-22.4633],[-44.1537,-22.4834],[-44.1558,-22.4959],[-44.156,-22.5167],[-44.1359,-22.5379],[-44.0901,-22.5304],[-44.0851,-22.5459],[-44.0907,-22.5678],[-44.0967,-22.5731],[-44.0912,-22.5788],[-44.0967,-22.5966],[-44.091,-22.6065],[-44.0888,-22.6219],[-44.0899,-22.6296],[-44.0863,-22.6406],[-44.0685,-22.5924],[-44.0542,-22.5503],[-44.0472,-22.5536],[-44.0382,-22.5486],[-44.0377,-22.5403],[-44.029,-22.5193],[-44.0278,-22.5063],[-44.0306,-22.4971],[-44.036,-22.4952],[-44.0566,-22.4761],[-44.0566,-22.4677],[-44.0715,-22.4599],[-44.0378,-22.4303],[-44.0239,-22.4227],[-44.0033,-22.4091],[-44.0056,-22.4071]]]}},{"type":"Feature","properties":{"codarea":"3501608"},"geometry":{"type":"Polygon","coordinates":[[[-47.3512,-22.785],[-47.3425,-22.7832],[-47.3327,-22.7737],[-47.3264,-22.7716],[-47.3195,-22.7625],[-47.3135,-22.7644],[-47.3013,-22.7571],[-47.2876,-22.7537],[-47.2677,-22.7666],[-47.2426,-22.7591],[-47.2315,-22.7477],[-47.2286,-22.7329],[-47.2201,-22.7337],[-47.2108,-22.7429],[-47.2009,-22.7303],[-47.1942,-22.7298],[-47.1941,-22.7206],[-47.2029,-22.709],[-47.2043,-22.6983],[-47.2395,-22.6804],[-47.2549,-22.6883],[-47.255,-22.6744],[-47.2575,-22.6711],[-47.2702,-22.6703],[-47.2791,-22.6635],[-47.2779,-22.6786],[-47.2918,-22.6928],[-47.2972,-22.6885],[-47.3112,-22.6871],[-47.3226,-22.6962],[-47.3227,-22.7105],[-47.3353,-22.7129],[-47.3465,-22.7042],[-47.3496,-22.6974],[-47.3601,-22.6883],[-47.3619,-22.6809],[-47.3705,-22.6819],[-47.3808,-22.6876],[-47.3881,-22.6993],[-47.379,-22.7097],[-47.368,-22.708],[-47.3629,-22.7257],[-47.3549,-22.7348],[-47.3545,-22.7447],[-47.3613,-22.7462],[-47.3605,-22.7668],[-47.3512,-22.785]]]}},{"type":"Feature","properties":{"codarea":"3502804"},"geometry":{"type":"Polygon","coordinates":[[[-50.4657,-21.3077],[-50.4666,-21.2971],[-50.3904,-21.2517],[-50.4036,-21.2326],[-50.4034,-21.223],[-50.3928,-21.2151],[-50.3902,-21.1898],[-50.3935,-21.1836],[-50.3872,-21.1654],[-50.3804,-21.154],[-50.3706,-21.1489],[-50.369,-21.1439],[-50.3563,-21.1264],[-50.3618,-21.1201],[-50.3532,-21.1116],[-50.3545,-21.0985],[-50.3473,-21.0931],[-50.3496,-21.0848],[-50.343,-21.0767],[-50.3487,-21.0668],[-50.347,-21.0603],[-50.3535,-21.0467],[-50.3582,-21.0435],[-50.3675,-21.0417],[-50.3743,-21.0445],[-50.3854,-21.0636],[-50.395,-21.063],[-50.41,-21.0464],[-50.4255,-21.0353],[-50.4387,-21.0329],[-50.4563,-21.0453],[-50.468,-21.0448],[-50.4788,-21.0406],[-50.497,-21.0401],[-50.5091,-21.0362],[-50.5264,-21.0333],[-50.5296,-21.0192],[-50.5396,-21.0106],[-50.5449,-21.0027],[-50.555,-20.9976],[-50.5589,-20.9882],[-50.5733,-20.9769],[-50.6131,-20.9685],[-50.6344,-20.9505],[-50.6455,-20.9322],[-50.6776,-20.8924],[-50.6842,-20.8895],[-50.7032,-20.891],[-50.7144,-20.8952],[-50.7297,-20.8933],[-50.7353,-20.8882],[-50.7463,-20.8923],[-50.7634,-20.892],[-50.7946,-20.8731],[-50.8053,-20.8709],[-50.8101,-20.8606],[-50.8201,-20.8535],[-50.8372,-20.851],[-50.852,-20.8382],[-50.8666,-20.8305],[-50.8639,-20.8448],[-50.8701,-20.8557],[-50.8707,-20.8627],[-50.8821,-20.8844],[-50.8996,-20.9098],[-50.8502,-20.9359],[-50.7979,-20.9635],[-50.8,-20.9798],[-50.7973,-20.9852],[-50.7079,-21.0264],[-50.6947,-21.0319],[-50.6869,-21.04],[-50.6703,-21.0375],[-50.6641,-21.0416],[-50.6532,-21.0409],[-50.6408,-21.0467],[-50.6391,-21.0714],[-50.6255,-21.0866],[-50.6166,-21.106],[-50.6229,-21.1288],[-50.6154,-21.1349],[-50.6055,-21.1305],[-50.5995,-21.1336],[-50.6023,-21.143],[-50.5933,-21.1539],[-50.595,-21.1637],[-50.583,-21.181],[-50.5737,-21.1827],[-50.572,-21.1917],[-50.5772,-21.2029],[-50.5641,-21.219],[-50.5611,-21.2322],[-50.551,-21.2486],[-50.5449,-21.2522],[-50.5441,-21.2709],[-50.5543,-21.2827],[-50.5586,-21.2924],[-50.573,-21.2959],[-50.5807,-21.3123],[-50.5892,-21.3221],[-50.5894,-21.3327],[-50.5999,-21.3475],[-50.6031,-21.3647],[-50.6019,-21.3877],[-50.6041,-21.416],[-50.6076,-21.4251],[-50.6133,-21.4261],[-50.6246,-21.4426],[-50.6223,-21.4517],[-50.6159,-21.4463],[-50.5817,-21.4418],[-50.5743,-21.4554],[-50.5538,-21.4499],[-50.5481,-21.4485],[-50.5393,-21.4372],[-50.5391,-21.4244],[-50.5322,-21.414],[-50.5269,-21.4124],[-50.5232,-21.3896],[-50.5122,-21.3741],[-50.4841,-21.351],[-50.4841,-21.3407],[-50.4721,-21.3174],[-50.4657,-21.3077]]]}},{"type":"Feature","properties":{"codarea":"3503208"},"geometry":{"type":"Polygon","coordinates":[[[-48.2544,-21.8931],[-48.2462,-21.8935],[-48.2399,-21.9017],[-48.2372,-21.9115],[-48.232,-21.9161],[-48.2297,-21.9251],[-48.2216,-21.9221],[-48.2114,-21.9308],[-48.2021,-21.9326],[-48.2013,-21.9433],[-48.1957,-21.9473],[-48.1966,-21.956],[-48.1881,-21.966],[-48.1741,-21.9635],[-48.166,-21.9718],[-48.1436,-21.9608],[-48.1285,-21.9591],[-48.1203,-21.961],[-48.1106,-21.958],[-48.1035,-21.9518],[-48.0956,-21.9538],[-48.0698,-21.9529],[-48.0635,-21.9353],[-48.0648,-21.9279],[-48.0608,-21.9205],[-48.0684,-21.9055],[-48.0464,-21.9051],[-48.0474,-21.8939],[-48.0397,-21.8728],[-48.0328,-21.8684],[-48.0237,-21.881],[-48.0125,-21.8873],[-47.998,-21.8827],[-47.9889,-21.8729],[-47.9786,-21.8698],[-47.9829,-21.8577],[-47.9927,-21.8584],[-47.9912,-21.8482],[-47.9742,-21.8374],[-47.9689,-21.82],[-47.9708,-21.8076],[-47.9472,-21.7832],[-47.9475,-21.7639],[-47.9596,-21.7463],[-47.9677,-21.7416],[-48.0277,-21.7405],[-48.0394,-21.7494],[-48.0441,-21.7581],[-48.0734,-21.7584],[-48.0944,-21.766],[-48.102,-21.7704],[-48.1095,-21.7648],[-48.1301,-21.7411],[-48.1311,-21.7319],[-48.1449,-21.7203],[-48.1478,-21.7075],[-48.1458,-21.7016],[-48.1587,-21.6932],[-48.1805,-21.6841],[-48.1668,-21.667],[-48.166,-21.6588],[-48.1704,-21.6545],[-48.1665,-21.606],[-48.1739,-21.6165],[-48.1918,-21.6184],[-48.1969,-21.613],[-48.1967,-21.6059],[-48.2095,-21.5943],[-48.2595,-21.5393],[-48.2602,-21.5515],[-48.2741,-21.5756],[-48.2779,-21.578],[-48.2852,-21.5968],[-48.2738,-21.6163],[-48.2721,-21.6451],[-48.2744,-21.6517],[-48.2832,-21.6624],[-48.2995,-21.6756],[-48.3061,-21.6906],[-48.3168,-21.6907],[-48.3308,-21.6973],[-48.3324,-21.7132],[-48.34,-21.7264],[-48.3427,-21.7474],[-48.3609,-21.754],[-48.3599,-21.7633],[-48.3657,-21.775],[-48.3641,-21.7795],[-48.3685,-21.7965],[-48.3792,-21.8105],[-48.3815,-21.8169],[-48.3886,-21.8209],[-48.396,-21.8358],[-48.3925,-21.8478],[-48.3966,-21.8542],[-48.3921,-21.8583],[-48.3776,-21.8544],[-48.3648,-21.856],[-48.3447,-21.8532],[-48.3212,-21.8594],[-48.3131,-21.8677],[-48.3016,-21.8703],[-48.2948,-21.866],[-48.2902,-21.8705],[-48.278,-21.8668],[-48.2633,-21.8718],[-48.2544,-21.8931]]]}},{"type":"Feature","properties":{"codarea":"3505500"},"geometry":{"type":"Polygon","coordinates":[[[-48.5101,-20.2987],[-48.5143,-20.3026],[-48.5272,-20.3024],[-48.5372,-20.2986],[-48.5461,-20.3007],[-48.5567,-20.2938],[-48.5601,-20.2978],[-48.5609,-20.3131],[-48.5697,-20.3138],[-48.5874,-20.3279],[-48.6067,-20.3278],[-48.6159,-20.3261],[-48.6221,-20.3197],[-48.6424,-20.331],[-48.6566,-20.335],[-48.6625,-20.34],[-48.6704,-20.3525],[-48.6819,-20.3617],[-48.7041,-20.3692],[-48.7073,-20.36],[-48.7145,-20.3583],[-48.7319,-20.366],[-48.736,-20.3772],[-48.752,-20.3782],[-48.7669,-20.3844],[-48.7853,-20.3793],[-48.8034,-20.3845],[-48.8065,-20.3822],[-48.8166,-20.3897],[-48.8363,-20.3833],[-48.8606,-20.3943],[-48.8671,-20.3989],[-48.8716,-20.4171],[-48.8786,-20.4297],[-48.8865,-20.4369],[-48.8821,-20.441],[-48.8851,-20.4517],[-48.8924,-20.4548],[-48.8944,-20.4621],[-48.8915,-20.476],[-48.8877,-20.4797],[-48.8873,-20.4903],[-48.8754,-20.5068],[-48.8678,-20.5105],[-48.8694,-20.5243],[-48.8674,-20.5312],[-48.8592,-20.5332],[-48.8522,-20.5448],[-48.8436,-20.5519],[-48.8311,-20.5709],[-48.8383,-20.5924],[-48.8371,-20.6],[-48.8418,-20.6043],[-48.8432,-20.6206],[-48.8457,-20.625],[-48.8399,-20.6376],[-48.8407,-20.6519],[-48.8317,-20.6536],[-48.8288,-20.6587],[-48.805,-20.6526],[-48.7929,-20.6613],[-48.7943,-20.6694],[-48.7891,-20.6772],[-48.7866,-20.6894],[-48.7901,-20.6955],[-48.7914,-20.7074],[-48.7981,-20.7156],[-48.7924,-20.7253],[-48.7831,-20.7289],[-48.7741,-20.7397],[-48.7682,-20.7388],[-48.7537,-20.7429],[-48.7467,-20.7393],[-48.7388,-20.7291],[-48.7216,-20.725],[-48.7193,-20.7198],[-48.6985,-20.7116],[-48.6903,-20.7039],[-48.6623,-20.6889],[-48.6518,-20.6901],[-48.6312,-20.6868],[-48.6308,-20.6974],[-48.6254,-20.7004],[-48.6107,-20.6986],[-48.6061,-20.7009],[-48.5952,-20.6972],[-48.5839,-20.6877],[-48.5688,-20.6779],[-48.57,-20.6624],[-48.5665,-20.6536],[-48.55,-20.6527],[-48.5376,-20.6453],[-48.5257,-20.6351],[-48.5212,-20.6206],[-48.5098,-20.61],[-48.4936,-20.6077],[-48.4781,-20.5832],[-48.4607,-20.5786],[-48.4421,-20.5691],[-48.4323,-20.5611],[-48.4222,-20.572],[-48.4099,-20.5755],[-48.4078,-20.5685],[-48.3988,-20.5649],[-48.3799,-20.5798],[-48.3636,-20.5807],[-48.3446,-20.5753],[-48.3515,-20.561],[-48.3595,-20.5596],[-48.3703,-20.5511],[-48.3826,-20.5449],[-48.3837,-20.5372],[-48.3885,-20.5293],[-48.4044,-20.5252],[-48.4158,-20.5115],[-48.417,-20.4995],[-48.433,-20.4785],[-48.4375,-20.4756],[-48.4466,-20.4596],[-48.4591,-20.4459],[-48.4681,-20.4399],[-48.4779,-20.4281],[-48.4835,-20.4074],[-48.4862,-20.3864],[-48.4819,-20.3514],[-48.4837,-20.3445],[-48.5006,-20.331],[-48.5082,-20.3156],[-48.5101,-20.2987]]]}},{"type":"Feature","properties":{"codarea":"3506003"},"geometry":{"type":"Polygon","coordinates":[[[-48.9342,-22.3408],[-48.9401,-22.3393],[-48.9518,-22.3272],[-48.9604,-22.3354],[-48.9735,-22.3298],[-48.9749,-22.3124],[-48.9917,-22.3038],[-49.0026,-22.2923],[-49.0134,-22.2883],[-49.0172,-22.2835],[-49.0366,-22.2737],[-49.0439,-22.2634],[-49.0454,-22.2556],[-49.0541,-22.2381],[-49.0551,-22.2288],[-49.0471,-22.2232],[-49.0491,-22.2169],[-49.0343,-22.207],[-49.0354,-22.1949],[-49.0474,-22.1835],[-49.0704,-22.1674],[-49.0738,-22.1507],[-49.0667,-22.141],[-49.0703,-22.1288],[-49.0786,-22.1189],[-49.0849,-22.1179],[-49.1089,-22.1054],[-49.11,-22.0955],[-49.1145,-22.0858],[-49.1276,-22.0739],[-49.1262,-22.0671],[-49.1308,-22.0616],[-49.1436,-22.0639],[-49.1533,-22.0613],[-49.1608,-22.0656],[-49.1663,-22.0777],[-49.185,-22.0933],[-49.1963,-22.0954],[-49.2061,-22.1068],[-49.2061,-22.1162],[-49.2102,-22.1304],[-49.2101,-22.1409],[-49.2044,-22.1496],[-49.2164,-22.1699],[-49.2179,-22.1833],[-49.2153,-22.1891],[-49.2196,-22.2023],[-49.2254,-22.2079],[-49.2254,-22.217],[-49.2308,-22.2234],[-49.2426,-22.2217],[-49.2495,-22.2337],[-49.2589,-22.2425],[-49.2564,-22.2565],[-49.2633,-22.2676],[-49.2867,-22.2675],[-49.2812,-22.2859],[-49.2851,-22.2904],[-49.2848,-22.3054],[-49.2908,-22.3175],[-49.2876,-22.3319],[-49.2891,-22.3404],[-49.2855,-22.3449],[-49.2816,-22.3508],[-49.2745,-22.3517],[-49.2575,-22.3432],[-49.2475,-22.3201],[-49.2418,-22.3186],[-49.2315,-22.3084],[-49.2231,-22.304],[-49.2165,-22.3105],[-49.2053,-22.3131],[-49.1927,-22.3279],[-49.1704,-22.3451],[-49.1676,-22.3442],[-49.1446,-22.3506],[-49.1311,-22.3508],[-49.1182,-22.3793],[-49.1084,-22.3966],[-49.1009,-22.404],[-49.0799,-22.4172],[-49.0736,-22.4084],[-49.0628,-22.4019],[-49.0513,-22.4058],[-49.0367,-22.3929],[-49.0208,-22.3916],[-49.0165,-22.3862],[-48.9964,-22.384],[-48.9869,-22.3762],[-48.9761,-22.3614],[-48.963,-22.3546],[-48.9547,-22.3548],[-48.9342,-22.3408]]]}},{"type":"Feature","properties":{"codarea":"3509502"},"geometry":{"type":"Polygon","coordinates":[[[-47.0486,-23.0514],[-47.0551,-23.0418],[-47.0566,-23.0344],[-47.0722,-23.0235],[-47.0746,-23.0129],[-47.0684,-23.0071],[-47.0644,-22.992],[-47.0561,-22.9892],[-47.0289,-22.9696],[-47.0165,-22.9456],[-47.0084,-22.9377],[-46.9916,-22.9282],[-46.9889,-22.9109],[-46.9821,-22.9042],[-46.9685,-22.9054],[-46.9625,-22.9115],[-46.9508,-22.9097],[-46.9413,-22.9209],[-46.9397,-22.9279],[-46.922,-22.931],[-46.9158,-22.9248],[-46.9058,-22.9258],[-46.8953,-22.9347],[-46.8785,-22.9275],[-46.8785,-22.9271],[-46.8863,-22.9244],[-46.8912,-22.9175],[-46.8892,-22.9094],[-46.8644,-22.8987],[-46.8601,-22.9048],[-46.8523,-22.9024],[-46.829,-22.9064],[-46.8169,-22.8978],[-46.8154,-22.8877],[-46.8241,-22.875],[-46.8312,-22.8736],[-46.8348,-22.8802],[-46.8507,-22.8766],[-46.8491,-22.8627],[-46.8569,-22.8574],[-46.8593,-22.8476],[-46.8584,-22.8362],[-46.8614,-22.8256],[-46.868,-22.8174],[-46.8908,-22.8171],[-46.8948,-22.807],[-46.8964,-22.7937],[-46.9047,-22.7836],[-46.8984,-22.7784],[-46.9049,-22.7628],[-46.9419,-22.7407],[-46.9574,-22.7292],[-46.9649,-22.7355],[-46.9665,-22.7453],[-46.9905,-22.7455],[-46.9959,-22.7387],[-47.0049,-22.7395],[-47.0117,-22.7342],[-47.0173,-22.7373],[-47.0311,-22.7319],[-47.0485,-22.7397],[-47.0588,-22.7387],[-47.069,-22.7296],[-47.0755,-22.737],[-47.0897,-22.7479],[-47.1013,-22.7504],[-47.1083,-22.7544],[-47.105,-22.765],[-47.096,-22.7699],[-47.0954,-22.7802],[-47.1017,-22.7871],[-47.103,-22.7967],[-47.1101,-22.8012],[-47.1088,-22.817],[-47.1199,-22.8103],[-47.1377,-22.8073],[-47.1504,-22.81],[-47.1637,-22.8055],[-47.1582,-22.8234],[-47.154,-22.8303],[-47.1628,-22.8535],[-47.1577,-22.8609],[-47.1558,-22.8717],[-47.16,-22.8785],[-47.1574,-22.8882],[-47.1669,-22.9037],[-47.1786,-22.9117],[-47.1926,-22.9106],[-47.2157,-22.9133],[-47.2235,-22.9057],[-47.2468,-22.9095],[-47.237,-22.9211],[-47.2018,-22.93],[-47.203,-22.9409],[-47.2099,-22.9517],[-47.2144,-22.9504],[-47.2276,-22.955],[-47.2208,-22.9643],[-47.2142,-22.9647],[-47.2053,-22.9733],[-47.2017,-22.9843],[-47.2067,-22.9954],[-47.2251,-23.0012],[-47.2331,-23.0072],[-47.228,-23.0132],[-47.21,-23.0241],[-47.2045,-23.0318],[-47.1885,-23.033],[-47.1817,-23.0299],[-47.1503,-23.0423],[-47.1502,-23.0511],[-47.1438,-23.0578],[-47.138,-23.0536],[-47.1296,-23.054],[-47.1242,-23.0601],[-47.1171,-23.056],[-47.1086,-23.0612],[-47.1019,-23.0541],[-47.0883,-23.0555],[-47.0762,-23.0536],[-47.0702,-23.0476],[-47.0486,-23.0514]]]}},{"type":"Feature","properties":{"codarea":"3511102"},"geometry":{"type":"Polygon","coordinates":[[[-49.0106,-21.2534],[-49.0004,-21.2541],[-48.9938,-21.2477],[-48.9802,-21.2496],[-48.9676,-21.2448],[-48.9634,-21.2336],[-48.967,-21.2246],[-48.9665,-21.2164],[-48.972,-21.202],[-48.9657,-21.1955],[-48.9273,-21.1658],[-48.9174,-21.1676],[-48.9224,-21.152],[-48.9168,-21.1463],[-48.9169,-21.1275],[-48.92,-21.116],[-48.9135,-21.1084],[-48.8961,-21.1143],[-48.8841,-21.1103],[-48.8828,-21.1055],[-48.8688,-21.0919],[-48.8604,-21.0711],[-48.8491,-21.0613],[-48.8338,-21.055],[-48.8194,-21.0416],[-48.8168,-21.0348],[-48.8261,-21.0292],[-48.8349,-21.0172],[-48.8443,-21.0155],[-48.8596,-21.0061],[-48.8791,-21.0205],[-48.8888,-21.0353],[-48.9032,-21.0421],[-48.9182,-21.0535],[-48.938,-21.0566],[-48.94,-21.0596],[-48.9434,-21.0655],[-48.9637,-21.0534],[-48.9735,-21.0633],[-48.976,-21.0727],[-48.9914,-21.0822],[-49.013,-21.0827],[-49.0194,-21.085],[-49.0261,-21.101],[-49.0346,-21.1116],[-49.0449,-21.1191],[-49.0456,-21.1355],[-49.0506,-21.143],[-49.0582,-21.1458],[-49.0573,-21.1534],[-49.0398,-21.1559],[-49.0379,-21.1629],[-49.0298,-21.173],[-49.0212,-21.1797],[-49.0299,-21.1848],[-49.04,-21.1945],[-49.0435,-21.1903],[-49.0593,-21.1916],[-49.0744,-21.21],[-49.0822,-21.2132],[-49.0913,-21.2212],[-49.0817,-21.2273],[-49.0654,-21.2334],[-49.0591,-21.2422],[-49.0268,-21.2451],[-49.0106,-21.2534]]]}},{"type":"Feature","properties":{"codarea":"3516200"},"geometry":{"type":"Polygon","coordinates":[[[-47.5287,-20.5627],[-47.509,-20.5648],[-47.4932,-20.5587],[-47.4807,-20.5691],[-47.4692,-20.5635],[-47.4563,-20.5712],[-47.4484,-20.5805],[-47.4493,-20.5989],[-47.4277,-20.6095],[-47.4051,-20.6144],[-47.3982,-20.6142],[-47.3959,-20.6281],[-47.4092,-20.6321],[-47.4201,-20.6433],[-47.413,-20.6663],[-47.4234,-20.6667],[-47.4392,-20.6789],[-47.4526,-20.6794],[-47.4683,-20.6886],[-47.4691,-20.6977],[-47.4884,-20.7195],[-47.5055,-20.7173],[-47.5091,-20.7249],[-47.5015,-20.7399],[-47.4949,-20.748],[-47.4791,-20.754],[-47.4727,-20.7599],[-47.471,-20.7688],[-47.4617,-20.773],[-47.4597,-20.7649],[-47.4527,-20.7599],[-47.444,-20.7497],[-47.4445,-20.7382],[-47.4376,-20.7306],[-47.4239,-20.7362],[-47.398,-20.7289],[-47.3853,-20.7278],[-47.3852,-20.7238],[-47.3723,-20.713],[-47.3669,-20.7125],[-47.3649,-20.6959],[-47.3613,-20.683],[-47.3547,-20.6744],[-47.3472,-20.6709],[-47.3564,-20.6513],[-47.3561,-20.6332],[-47.3583,-20.624],[-47.3432,-20.6066],[-47.3356,-20.6015],[-47.3313,-20.5909],[-47.331,-20.5816],[-47.314,-20.5621],[-47.3194,-20.5506],[-47.3173,-20.5458],[-47.3054,-20.5387],[-47.3013,-20.5415],[-47.2994,-20.552],[-47.2845,-20.5504],[-47.2765,-20.5422],[-47.2726,-20.5506],[-47.2626,-20.5484],[-47.2676,-20.5377],[-47.2528,-20.537],[-47.2504,-20.5477],[-47.2439,-20.5438],[-47.2494,-20.5348],[-47.2423,-20.5331],[-47.2399,-20.5233],[-47.2155,-20.5399],[-47.214,-20.5469],[-47.2189,-20.5571],[-47.2253,-20.558],[-47.2126,-20.5756],[-47.2112,-20.5604],[-47.1971,-20.5581],[-47.1968,-20.5451],[-47.1883,-20.5495],[-47.1821,-20.5402],[-47.1766,-20.5413],[-47.1731,-20.551],[-47.1646,-20.5442],[-47.1442,-20.5408],[-47.1435,-20.5353],[-47.1545,-20.5196],[-47.1635,-20.5189],[-47.1857,-20.5109],[-47.196,-20.504],[-47.2115,-20.5023],[-47.2235,-20.4911],[-47.2296,-20.4869],[-47.2536,-20.478],[-47.2595,-20.4689],[-47.2791,-20.4605],[-47.291,-20.4505],[-47.2865,-20.4425],[-47.2873,-20.4351],[-47.2961,-20.4273],[-47.2935,-20.4187],[-47.3108,-20.4183],[-47.3125,-20.4243],[-47.3301,-20.4239],[-47.3383,-20.4256],[-47.3513,-20.4367],[-47.3659,-20.4388],[-47.3723,-20.4366],[-47.3845,-20.4393],[-47.3935,-20.4365],[-47.3981,-20.4419],[-47.4127,-20.4496],[-47.4141,-20.4594],[-47.4629,-20.4631],[-47.4831,-20.4598],[-47.4915,-20.4655],[-47.5,-20.4564],[-47.5065,-20.4747],[-47.5088,-20.4882],[-47.5175,-20.4903],[-47.5276,-20.4977],[-47.5374,-20.4974],[-47.5525,-20.5126],[-47.5464,-20.5247],[-47.5443,-20.5345],[-47.5492,-20.5437],[-47.5457,-20.5524],[-47.5287,-20.5627]]]}},{"type":"Feature","properties":{"codarea":"3518404"},"geometry":{"type":"Polygon","coordinates":[[[-45.2375,-22.8243],[-45.232,-22.8158],[-45.2227,-22.8178],[-45.2111,-22.8124],[-45.2143,-22.829],[-45.2002,-22.8411],[-45.1997,-22.8529],[-45.2078,-22.863],[-45.2085,-22.8922],[-45.2138,-22.9011],[-45.2082,-22.9115],[-45.2128,-22.9306],[-45.2121,-22.942],[-45.2016,-22.942],[-45.1962,-22.9458],[-45.2021,-22.9547],[-45.2005,-22.9633],[-45.1884,-22.9698],[-45.1951,-22.9774],[-45.2079,-22.9827],[-45.2173,-22.9911],[-45.2306,-22.9918],[-45.2344,-23.0011],[-45.2257,-22.9985],[-45.2119,-23.0027],[-45.1969,-22.9984],[-45.1766,-23.0085],[-45.168,-23.0049],[-45.1587,-23.0098],[-45.156,-23.0154],[-45.1434,-23.0098],[-45.1361,-23],[-45.1254,-23.0068],[-45.1229,-23.0151],[-45.1108,-23.0076],[-45.1036,-22.9993],[-45.101,-22.9906],[-45.0942,-22.9921],[-45.0905,-22.9803],[-45.083,-22.972],[-45.082,-22.9645],[-45.0684,-22.961],[-45.0564,-22.9446],[-45.0598,-22.9285],[-45.0417,-22.9332],[-45.0341,-22.9288],[-45.0293,-22.9207],[-45.0401,-22.9018],[-45.0597,-22.8848],[-45.0641,-22.8745],[-45.0747,-22.886],[-45.0804,-22.8816],[-45.1006,-22.8775],[-45.107,-22.8722],[-45.1183,-22.8573],[-45.1214,-22.8439],[-45.1186,-22.8388],[-45.1316,-22.8209],[-45.1318,-22.8034],[-45.1372,-22.7961],[-45.1336,-22.7798],[-45.1358,-22.7717],[-45.158,-22.7614],[-45.1539,-22.749],[-45.145,-22.743],[-45.1556,-22.7393],[-45.1554,-22.7348],[-45.1795,-22.7121],[-45.1827,-22.7023],[-45.1791,-22.6923],[-45.1895,-22.6891],[-45.1922,-22.693],[-45.206,-22.6904],[-45.1918,-22.6739],[-45.1898,-22.6673],[-45.2057,-22.6651],[-45.2037,-22.6559],[-45.2116,-22.651],[-45.2242,-22.6511],[-45.2279,-22.6413],[-45.2458,-22.6319],[-45.2533,-22.632],[-45.2669,-22.6199],[-45.2691,-22.6114],[-45.2759,-22.617],[-45.2939,-22.6137],[-45.3013,-22.6156],[-45.3173,-22.6143],[-45.333,-22.6176],[-45.3358,-22.6228],[-45.3472,-22.6257],[-45.361,-22.6388],[-45.3693,-22.637],[-45.3813,-22.6423],[-45.3842,-22.6471],[-45.4,-22.6537],[-45.4022,-22.665],[-45.4122,-22.6753],[-45.4206,-22.6769],[-45.4269,-22.687],[-45.4255,-22.6922],[-45.4391,-22.7034],[-45.4375,-22.7112],[-45.4265,-22.7131],[-45.4292,-22.72],[-45.4216,-22.731],[-45.4139,-22.733],[-45.4039,-22.7401],[-45.3969,-22.7494],[-45.4056,-22.7653],[-45.4025,-22.7766],[-45.3978,-22.7825],[-45.3793,-22.7857],[-45.3712,-22.7838],[-45.3503,-22.7851],[-45.346,-22.7886],[-45.3386,-22.7892],[-45.3293,-22.7969],[-45.3211,-22.7941],[-45.3123,-22.7968],[-45.2979,-22.8056],[-45.2975,-22.8144],[-45.3021,-22.8209],[-45.2912,-22.8265],[-45.2694,-22.8262],[-45.2569,-22.8163],[-45.2476,-22.8174],[-45.2375,-22.8243]]]}},{"type":"Feature","properties":{"codarea":"3518800"},"geometry":{"type":"Polygon","coordinates":[[[-46.3867,-23.4747],[-46.3923,-23.461],[-46.3938,-23.4486],[-46.3835,-23.4439],[-46.3881,-23.4378],[-46.3758,-23.4322],[-46.3663,-23.4375],[-46.3584,-23.4373],[-46.3668,-23.4301],[-46.3672,-23.4229],[-46.3776,-23.4015],[-46.3686,-23.3942],[-46.3709,-23.3842],[-46.37,-23.3651],[-46.3574,-23.3571],[-46.3472,-23.348],[-46.3399,-23.3351],[-46.3365,-23.3348],[-46.336,-23.3298],[-46.3504,-23.329],[-46.3581,-23.3171],[-46.3587,-23.3051],[-46.3554,-23.2978],[-46.3566,-23.288],[-46.3642,-23.2741],[-46.3814,-23.2781],[-46.3871,-23.2867],[-46.3964,-23.2859],[-46.4005,-23.2946],[-46.4185,-23.3163],[-46.4237,-23.3174],[-46.4309,-23.3293],[-46.4317,-23.3354],[-46.4427,-23.3407],[-46.4485,-23.3497],[-46.448,-23.3576],[-46.4683,-23.3566],[-46.4739,-23.3615],[-46.4867,-23.3581],[-46.4874,-23.3508],[-46.4959,-23.3482],[-46.511,-23.3555],[-46.5205,-23.3545],[-46.5354,-23.3633],[-46.5371,-23.3691],[-46.5452,-23.3768],[-46.5456,-23.387],[-46.5561,-23.3974],[-46.5564,-23.4096],[-46.5666,-23.4154],[-46.5657,-23.4274],[-46.5685,-23.4324],[-46.5653,-23.4415],[-46.5705,-23.4588],[-46.5617,-23.4728],[-46.5599,-23.4897],[-46.5621,-23.5],[-46.5591,-23.5071],[-46.547,-23.5064],[-46.5339,-23.4934],[-46.5111,-23.4788],[-46.4938,-23.476],[-46.48,-23.4769],[-46.4605,-23.483],[-46.4298,-23.4758],[-46.4265,-23.472],[-46.4121,-23.4705],[-46.4056,-23.4794],[-46.3966,-23.4842],[-46.3863,-23.4797],[-46.3867,-23.4747]]]}},{"type":"Feature","properties":{"codarea":"3525300"},"geometry":{"type":"Polygon","coordinates":[[[-48.4808,-22.3562],[-48.488,-22.3396],[-48.4776,-22.3353],[-48.4559,-22.3307],[-48.4538,-22.318],[-48.4491,-22.3055],[-48.4353,-22.2847],[-48.4352,-22.2803],[-48.4259,-22.2725],[-48.4265,-22.2644],[-48.4163,-22.2507],[-48.4157,-22.2401],[-48.394,-22.1921],[-48.3675,-22.1871],[-48.3574,-22.2002],[-48.3513,-22.1978],[-48.3434,-22.1868],[-48.3423,-22.181],[-48.3432,-22.1736],[-48.353,-22.1709],[-48.3626,-22.1647],[-48.3712,-22.1682],[-48.3759,-22.1623],[-48.3879,-22.1591],[-48.386,-22.1531],[-48.3927,-22.1454],[-48.3976,-22.1319],[-48.3962,-22.1218],[-48.4062,-22.1293],[-48.4084,-22.1418],[-48.414,-22.1471],[-48.4184,-22.1626],[-48.4291,-22.1684],[-48.4386,-22.1574],[-48.4502,-22.1654],[-48.4562,-22.1731],[-48.477,-22.1717],[-48.4965,-22.188],[-48.5075,-22.1939],[-48.522,-22.1879],[-48.5361,-22.1893],[-48.5498,-22.1985],[-48.5563,-22.1911],[-48.5717,-22.1986],[-48.5798,-22.1968],[-48.5864,-22.1899],[-48.5974,-22.1876],[-48.6108,-22.1743],[-48.6162,-22.1638],[-48.6234,-22.1598],[-48.6325,-22.1674],[-48.6496,-22.165],[-48.6561,-22.1689],[-48.6639,-22.1848],[-48.6692,-22.1842],[-48.6741,-22.1928],[-48.6734,-22.1976],[-48.6633,-22.1989],[-48.6538,-22.2094],[-48.6522,-22.226],[-48.6385,-22.2445],[-48.6298,-22.2501],[-48.6309,-22.2606],[-48.6483,-22.2735],[-48.6489,-22.2826],[-48.6558,-22.294],[-48.6661,-22.295],[-48.6764,-22.3051],[-48.6839,-22.3071],[-48.6997,-22.3187],[-48.7138,-22.3188],[-48.7235,-22.3164],[-48.7327,-22.3175],[-48.7228,-22.3295],[-48.7157,-22.3443],[-48.7051,-22.3611],[-48.7029,-22.3685],[-48.6969,-22.3807],[-48.6861,-22.3974],[-48.6676,-22.411],[-48.6646,-22.416],[-48.6629,-22.4337],[-48.6683,-22.4479],[-48.664,-22.4652],[-48.6486,-22.4714],[-48.642,-22.4823],[-48.6304,-22.4744],[-48.6019,-22.4423],[-48.5977,-22.4358],[-48.6088,-22.4251],[-48.5967,-22.4242],[-48.5863,-22.4122],[-48.5645,-22.4126],[-48.558,-22.4251],[-48.5473,-22.4276],[-48.5309,-22.4281],[-48.5231,-22.4313],[-48.5188,-22.4387],[-48.5097,-22.4361],[-48.516,-22.4219],[-48.5154,-22.4111],[-48.5031,-22.4028],[-48.5039,-22.3964],[-48.4934,-22.3952],[-48.4885,-22.3899],[-48.4864,-22.3747],[-48.4813,-22.3684],[-48.4808,-22.3562]]]}},{"type":"Feature","properties":{"codarea":"3525904"},"geometry":{"type":"Polygon","coordinates":[[[-46.8073,-23.2551],[-46.8206,-23.2594],[-46.8275,-23.2504],[-46.8487,-23.2395],[-46.8554,-23.2174],[-46.8538,-23.2006],[-46.8466,-23.1922],[-46.8399,-23.1929],[-46.8328,-23.1844],[-46.8252,-23.182],[-46.8078,-23.1898],[-46.7992,-23.188],[-46.7908,-23.1834],[-46.7939,-23.1761],[-46.7864,-23.1532],[-46.7971,-23.1542],[-46.8049,-23.1486],[-46.8083,-23.139],[-46.8,-23.1316],[-46.7924,-23.1186],[-46.7953,-23.1096],[-46.7926,-23.1028],[-46.8049,-23.101],[-46.8162,-23.1064],[-46.8195,-23.0993],[-46.8281,-23.0969],[-46.8348,-23.0996],[-46.8469,-23.0976],[-46.8546,-23.0829],[-46.8653,-23.0764],[-46.8734,-23.0835],[-46.8784,-23.0923],[-46.8924,-23.0953],[-46.9086,-23.0954],[-46.916,-23.102],[-46.9227,-23.0986],[-46.9386,-23.0962],[-46.9465,-23.1111],[-46.9558,-23.1079],[-46.9737,-23.1119],[-46.9756,-23.1191],[-46.9847,-23.1212],[-46.9955,-23.1165],[-47.0046,-23.1181],[-47.0041,-23.1248],[-47.0203,-23.1411],[-47.0243,-23.1509],[-47.0197,-23.1635],[-47.0144,-23.1663],[-47.0153,-23.1818],[-47.0082,-23.1887],[-47.0218,-23.1924],[-47.0289,-23.2036],[-47.021,-23.2236],[-47.0284,-23.2367],[-47.0268,-23.2474],[-47.0176,-23.2499],[-47.0142,-23.2636],[-47.0033,-23.2679],[-46.9911,-23.26],[-46.9698,-23.2604],[-46.9713,-23.2687],[-46.9634,-23.2835],[-46.967,-23.2982],[-46.9723,-23.3012],[-46.968,-23.3113],[-46.9676,-23.3209],[-46.9611,-23.3223],[-46.9591,-23.3268],[-46.9379,-23.3219],[-46.9309,-23.3117],[-46.9228,-23.3081],[-46.9019,-23.3076],[-46.887,-23.2962],[-46.8861,-23.291],[-46.8778,-23.2881],[-46.8675,-23.2779],[-46.849,-23.2856],[-46.8381,-23.2878],[-46.8321,-23.2791],[-46.8142,-23.2821],[-46.8142,-23.2774],[-46.8035,-23.2711],[-46.8026,-23.2571],[-46.8073,-23.2551]]]}},{"type":"Feature","properties":{"codarea":"3526902"},"geometry":{"type":"Polygon","coordinates":[[[-47.2791,-22.6635],[-47.2658,-22.6517],[-47.2673,-22.6451],[-47.2609,-22.6393],[-47.2538,-22.6249],[-47.2333,-22.6118],[-47.2273,-22.6028],[-47.2431,-22.5856],[-47.2329,-22.5819],[-47.227,-22.57],[-47.2208,-22.5653],[-47.2118,-22.538],[-47.233,-22.5264],[-47.2366,-22.5206],[-47.2361,-22.5112],[-47.2473,-22.4936],[-47.2439,-22.4816],[-47.2529,-22.4769],[-47.2575,-22.4688],[-47.2628,-22.4696],[-47.2745,-22.462],[-47.2965,-22.461],[-47.3022,-22.445],[-47.3105,-22.4533],[-47.3124,-22.4681],[-47.3161,-22.4783],[-47.3246,-22.4812],[-47.3348,-22.4981],[-47.3683,-22.5021],[-47.3794,-22.507],[-47.3925,-22.5036],[-47.4005,-22.506],[-47.3954,-22.517],[-47.4046,-22.5264],[-47.4103,-22.5285],[-47.4339,-22.5205],[-47.4682,-22.5366],[-47.477,-22.5263],[-47.4869,-22.536],[-47.4837,-22.5456],[-47.4877,-22.5542],[-47.4784,-22.5673],[-47.4885,-22.5785],[-47.4946,-22.5978],[-47.4937,-22.6083],[-47.4966,-22.6182],[-47.4878,-22.6347],[-47.4872,-22.6419],[-47.4969,-22.6549],[-47.4924,-22.6656],[-47.5054,-22.6737],[-47.5117,-22.6915],[-47.5022,-22.6911],[-47.5034,-22.6979],[-47.4927,-22.7108],[-47.4905,-22.7243],[-47.4854,-22.7338],[-47.4743,-22.7383],[-47.465,-22.7356],[-47.4606,-22.7273],[-47.4533,-22.7295],[-47.4474,-22.7256],[-47.44,-22.715],[-47.4249,-22.7106],[-47.4145,-22.7147],[-47.4006,-22.7099],[-47.3881,-22.6993],[-47.3808,-22.6876],[-47.3705,-22.6819],[-47.3619,-22.6809],[-47.3601,-22.6883],[-47.3496,-22.6974],[-47.3465,-22.7042],[-47.3353,-22.7129],[-47.3227,-22.7105],[-47.3226,-22.6962],[-47.3112,-22.6871],[-47.2972,-22.6885],[-47.2918,-22.6928],[-47.2779,-22.6786],[-47.2791,-22.6635]]]}},{"type":"Feature","properties":{"codarea":"3529005"},"geometry":{"type":"Polygon","coordinates":[[[-49.9132,-22.3359],[-49.9043,-22.3326],[-49.9047,-22.3266],[-49.8892,-22.3102],[-49.8807,-22.2869],[-49.8754,-22.2782],[-49.8615,-22.2629],[-49.871,-22.2466],[-49.8681,-22.2385],[-49.87,-22.2316],[-49.8658,-22.227],[-49.8632,-22.214],[-49.8697,-22.1999],[-49.87,-22.1928],[-49.8775,-22.1828],[-49.8755,-22.1679],[-49.8815,-22.1564],[-49.8895,-22.1497],[-49.891,-22.1428],[-49.8721,-22.1384],[-49.8643,-22.1323],[-49.8532,-22.1017],[-49.8495,-22.0974],[-49.8505,-22.0938],[-49.834,-22.0761],[-49.8198,-22.0644],[-49.8127,-22.0644],[-49.7981,-22.058],[-49.7862,-22.0454],[-49.7683,-22.0467],[-49.7843,-22.0383],[-49.7902,-22.0285],[-49.7996,-22.0223],[-49.8143,-22.0032],[-49.8225,-22.0021],[-49.8433,-21.9897],[-49.8541,-21.9913],[-49.8736,-21.9794],[-49.8821,-21.97],[-49.8968,-21.9667],[-49.9225,-21.9561],[-49.9435,-21.953],[-49.9517,-21.9454],[-49.9667,-21.9402],[-49.9805,-21.9426],[-49.9888,-21.9334],[-50.0111,-21.9252],[-50.0179,-21.9143],[-50.0159,-21.9091],[-50.0315,-21.8953],[-50.0307,-21.8871],[-50.0409,-21.8877],[-50.0492,-21.8791],[-50.0603,-21.8745],[-50.0689,-21.891],[-50.074,-21.895],[-50.0826,-21.9096],[-50.086,-21.9315],[-50.0792,-21.9425],[-50.0778,-21.953],[-50.068,-21.9549],[-50.0585,-21.9824],[-50.0617,-21.9923],[-50.0612,-22.0039],[-50.0509,-22.0146],[-50.0465,-22.0155],[-50.0438,-22.0314],[-50.049,-22.0454],[-50.0353,-22.0447],[-50.0292,-22.0374],[-50.0161,-22.0322],[-50.0044,-22.0319],[-50.0154,-22.0557],[-50.0162,-22.0683],[-50.0143,-22.0808],[-50.0209,-22.0858],[-50.0389,-22.0883],[-50.0348,-22.0972],[-50.039,-22.1054],[-50.0468,-22.107],[-50.0477,-22.1138],[-50.0585,-22.1239],[-50.0555,-22.1301],[-50.0465,-22.138],[-50.0406,-22.156],[-50.0531,-22.1666],[-50.0505,-22.1852],[-50.0715,-22.2154],[-50.0906,-22.2211],[-50.0938,-22.2259],[-50.1085,-22.2356],[-50.1135,-22.2435],[-50.1254,-22.251],[-50.1499,-22.2605],[-50.1448,-22.2751],[-50.126,-22.2869],[-50.1309,-22.291],[-50.1275,-22.2981],[-50.1321,-22.3179],[-50.1437,-22.3256],[-50.1377,-22.3378],[-50.1151,-22.3474],[-50.0995,-22.3637],[-50.1116,-22.3699],[-50.1165,-22.3774],[-50.1157,-22.389],[-50.1246,-22.402],[-50.1294,-22.417],[-50.1235,-22.4222],[-50.1147,-22.4161],[-50.1072,-22.4155],[-50.1016,-22.4272],[-50.1009,-22.4366],[-50.0914,-22.4494],[-50.0816,-22.4566],[-50.0759,-22.4685],[-50.0692,-22.493],[-50.0607,-22.4989],[-50.0536,-22.4865],[-50.039,-22.4893],[-50.0309,-22.4755],[-50.0405,-22.4592],[-50.0333,-22.4543],[-50.0253,-22.436],[-50.0185,-22.4336],[-50.0144,-22.4267],[-49.9988,-22.4131],[-49.985,-22.4073],[-49.9694,-22.4089],[-49.963,-22.4003],[-49.9674,-22.3942],[-49.9685,-22.3829],[-49.9755,-22.3704],[-49.9747,-22.3575],[-49.9814,-22.3398],[-49.9818,-22.3283],[-49.967,-22.3304],[-49.9563,-22.3277],[-49.9473,-22.3392],[-49.9364,-22.3367],[-49.9295,-22.3306],[-49.9132,-22.3359]]]}},{"type":"Feature","properties":{"codarea":"3534401"},"geometry":{"type":"Polygon","coordinates":[[[-46.8078,-23.6091],[-46.8089,-23.5984],[-46.8064,-23.584],[-46.7952,-23.5825],[-46.786,-23.5745],[-46.7731,-23.5701],[-46.7602,-23.555],[-46.76,-23.5292],[-46.7485,-23.5237],[-46.764,-23.5064],[-46.756,-23.495],[-46.7663,-23.4913],[-46.7698,-23.4768],[-46.7751,-23.4718],[-46.7748,-23.4644],[-46.787,-23.4657],[-46.796,-23.4629],[-46.7995,-23.4714],[-46.8069,-23.4931],[-46.8118,-23.498],[-46.8085,-23.51],[-46.8174,-23.5207],[-46.8178,-23.5418],[-46.8218,-23.5489],[-46.8206,-23.5588],[-46.8144,-23.5694],[-46.8173,-23.5819],[-46.8133,-23.5935],[-46.8176,-23.5989],[-46.8078,-23.6091]]]}},{"type":"Feature","properties":{"codarea":"3538709"},"geometry":{"type":"Polygon","coordinates":[[[-47.5827,-22.542],[-47.5924,-22.5405],[-47.6036,-22.5512],[-47.6192,-22.5504],[-47.6309,-22.5476],[-47.6404,-22.5351],[-47.6464,-22.5324],[-47.6544,-22.5209],[-47.6564,-22.536],[-47.6692,-22.5399],[-47.6653,-22.554],[-47.6766,-22.5536],[-47.6896,-22.567],[-47.687,-22.5833],[-47.7051,-22.5933],[-47.7043,-22.5972],[-47.7159,-22.6057],[-47.7206,-22.5948],[-47.7335,-22.5906],[-47.7446,-22.5915],[-47.7518,-22.5881],[-47.7626,-22.5882],[-47.77,-22.5788],[-47.7772,-22.5818],[-47.7862,-22.5799],[-47.8033,-22.5818],[-47.7912,-22.5871],[-47.7825,-22.598],[-47.7947,-22.625],[-47.8014,-22.6353],[-47.8024,-22.6662],[-47.8214,-22.6737],[-47.8495,-22.6592],[-47.8621,-22.6582],[-47.8695,-22.6486],[-47.8802,-22.6483],[-47.8934,-22.6586],[-47.9057,-22.6625],[-47.9196,-22.6595],[-47.9201,-22.6685],[-47.9042,-22.6816],[-47.9101,-22.6916],[-47.9236,-22.6862],[-47.9304,-22.6753],[-47.9323,-22.6608],[-47.9413,-22.6578],[-47.944,-22.663],[-47.9547,-22.6656],[-47.9638,-22.6622],[-47.9712,-22.6668],[-47.9843,-22.6613],[-47.9914,-22.6546],[-48.0045,-22.6615],[-48.0246,-22.6604],[-48.04,-22.6555],[-48.0594,-22.643],[-48.0711,-22.6443],[-48.0885,-22.6519],[-48.0895,-22.667],[-48.0986,-22.6884],[-48.0939,-22.7022],[-48.0864,-22.7071],[-48.0839,-22.7239],[-48.0759,-22.7262],[-48.0717,-22.7363],[-48.0586,-22.7339],[-48.0463,-22.7248],[-48.0388,-22.7253],[-48.0315,-22.7192],[-48.0217,-22.7241],[-48.0143,-22.7346],[-48.0182,-22.7443],[-48.0275,-22.7529],[-48.0268,-22.7625],[-48.0294,-22.7775],[-48.0269,-22.7888],[-48.0317,-22.7962],[-48.0307,-22.8059],[-48.0336,-22.8186],[-48.032,-22.8257],[-48.0475,-22.8319],[-48.0399,-22.8469],[-48.0144,-22.8523],[-48.0027,-22.8672],[-48.0036,-22.8817],[-48.0147,-22.8836],[-48.0111,-22.8945],[-48.0025,-22.8993],[-47.9926,-22.8955],[-47.9878,-22.8879],[-47.9913,-22.8758],[-47.9865,-22.8688],[-47.975,-22.8852],[-47.9737,-22.8974],[-47.9686,-22.8997],[-47.9615,-22.8903],[-47.9478,-22.8887],[-47.9425,-22.8839],[-47.9308,-22.8833],[-47.9167,-22.8839],[-47.9052,-22.8774],[-47.8991,-22.8702],[-47.8799,-22.8633],[-47.8668,-22.8607],[-47.8593,-22.8666],[-47.8592,-22.8729],[-47.8649,-22.8877],[-47.871,-22.8945],[-47.8688,-22.899],[-47.8448,-22.9016],[-47.8353,-22.8969],[-47.8329,-22.888],[-47.8089,-22.8777],[-47.8069,-22.8769],[-47.7992,-22.8656],[-47.7941,-22.863],[-47.7935,-22.8487],[-47.7865,-22.8432],[-47.7736,-22.8485],[-47.771,-22.8424],[-47.7464,-22.83],[-47.7317,-22.835],[-47.7176,-22.8475],[-47.702,-22.8395],[-47.695,-22.8316],[-47.6833,-22.8134],[-47.672,-22.8001],[-47.6677,-22.7994],[-47.6513,-22.7982],[-47.6406,-22.7913],[-47.6303,-22.7887],[-47.6239,-22.7993],[-47.6104,-22.8118],[-47.5908,-22.8059],[-47.5966,-22.7958],[-47.587,-22.7868],[-47.5776,-22.7844],[-47.545,-22.7666],[-47.5352,-22.7752],[-47.5217,-22.7788],[-47.5097,-22.7686],[-47.4951,-22.7674],[-47.4979,-22.7612],[-47.493,-22.7535],[-47.5103,-22.7363],[-47.5031,-22.7298],[-47.4905,-22.7243],[-47.4927,-22.7108],[-47.5034,-22.6979],[-47.5022,-22.6911],[-47.5117,-22.6915],[-47.5202,-22.6967],[-47.5361,-22.7109],[-47.55,-22.7054],[-47.5456,-22.6963],[-47.5461,-22.6885],[-47.5408,-22.6826],[-47.5269,-22.6881],[-47.522,-22.6809],[-47.5301,-22.6558],[-47.5367,-22.6448],[-47.5349,-22.6258],[-47.5487,-22.6137],[-47.5485,-22.595],[-47.5465,-22.5903],[-47.5519,-22.5804],[-47.5612,-22.577],[-47.5786,-22.5639],[-47.5827,-22.542]]]}},{"type":"Feature","properties":{"codarea":"3541406"},"geometry":{"type":"Polygon","coordinates":[[[-51.3926,-22.0014],[-51.3957,-22.0139],[-51.4044,-22.0251],[-51.4026,-22.0297],[-51.4177,-22.0459],[-51.4123,-22.0673],[-51.4176,-22.0766],[-51.4252,-22.0736],[-51.4336,-22.0792],[-51.4393,-22.087],[-51.4483,-22.1123],[-51.4673,-22.1146],[-51.4757,-22.1217],[-51.4838,-22.1239],[-51.4839,-22.1773],[-51.477,-22.1882],[-51.4762,-22.1978],[-51.4653,-22.2007],[-51.449,-22.1984],[-51.4457,-22.2027],[-51.434,-22.2055],[-51.4285,-22.2053],[-51.4199,-22.1984],[-51.4072,-22.1981],[-51.3993,-22.2035],[-51.3822,-22.202],[-51.371,-22.1981],[-51.3594,-22.1766],[-51.3432,-22.1725],[-51.3388,-22.1624],[-51.3246,-22.1522],[-51.3157,-22.1294],[-51.3214,-22.1084],[-51.3196,-22.0962],[-51.307,-22.0863],[-51.3055,-22.0753],[-51.2936,-22.0595],[-51.2924,-22.0489],[-51.2887,-22.0446],[-51.286,-22.0395],[-51.2912,-22.0255],[-51.2838,-22.014],[-51.2792,-22.0006],[-51.2888,-21.9908],[-51.2888,-21.9837],[-51.2775,-21.9734],[-51.2771,-21.9629],[-51.2722,-21.9502],[-51.2732,-21.9398],[-51.2665,-21.9316],[-51.275,-21.9244],[-51.2727,-21.9133],[-51.2656,-21.9027],[-51.2587,-21.9024],[-51.2648,-21.8857],[-51.2629,-21.8801],[-51.2551,-21.8778],[-51.257,-21.869],[-51.2406,-21.844],[-51.2258,-21.8358],[-51.224,-21.8288],[-51.2244,-21.8212],[-51.2313,-21.8021],[-51.2411,-21.8023],[-51.2484,-21.7951],[-51.2491,-21.7823],[-51.2321,-21.7676],[-51.2361,-21.759],[-51.2238,-21.745],[-51.2271,-21.7395],[-51.2418,-21.7363],[-51.2475,-21.7355],[-51.2608,-21.7438],[-51.271,-21.7427],[-51.2759,-21.7327],[-51.275,-21.7275],[-51.2836,-21.7217],[-51.2903,-21.723],[-51.2943,-21.7341],[-51.3043,-21.7379],[-51.3134,-21.7497],[-51.3238,-21.7564],[-51.3299,-21.7712],[-51.343,-21.7746],[-51.3436,-21.7787],[-51.3333,-21.7871],[-51.329,-21.7988],[-51.3338,-21.8032],[-51.3352,-21.8333],[-51.3299,-21.8529],[-51.3308,-21.8598],[-51.3262,-21.8722],[-51.3321,-21.8946],[-51.3298,-21.9171],[-51.3333,-21.9241],[-51.3409,-21.9214],[-51.3454,-21.9367],[-51.359,-21.9468],[-51.3682,-21.951],[-51.3679,-21.9626],[-51.3742,-21.974],[-51.3888,-21.983],[-51.395,-21.9905],[-51.3926,-22.0014]]]}},{"type":"Feature","properties":{"codarea":"3543402"},"geometry":{"type":"Polygon","coordinates":[[[-47.6591,-21.1958],[-47.6599,-21.1857],[-47.6661,-21.1757],[-47.6651,-21.1613],[-47.6535,-21.1552],[-47.6467,-21.1481],[-47.6497,-21.1415],[-47.6591,-21.1333],[-47.6673,-21.1186],[-47.6889,-21.1314],[-47.6969,-21.1317],[-47.7191,-21.1201],[-47.731,-21.1152],[-47.751,-21.1127],[-47.7628,-21.0957],[-47.755,-21.0825],[-47.7694,-21.0821],[-47.7783,-21.0888],[-47.7849,-21.0808],[-47.7764,-21.0718],[-47.7786,-21.0618],[-47.7961,-21.0601],[-47.8018,-21.0668],[-47.8208,-21.0681],[-47.8498,-21.0639],[-47.872,-21.0643],[-47.8722,-21.0737],[-47.8806,-21.0889],[-47.8829,-21.0978],[-47.9036,-21.0974],[-47.9046,-21.1035],[-47.9131,-21.1191],[-47.9091,-21.1235],[-47.9114,-21.132],[-47.9063,-21.1481],[-47.9095,-21.1582],[-47.9016,-21.1603],[-47.9044,-21.1781],[-47.9184,-21.1903],[-47.9166,-21.2007],[-47.9434,-21.2003],[-47.9318,-21.2037],[-47.9259,-21.2233],[-47.9214,-21.2283],[-47.922,-21.2421],[-47.9078,-21.2605],[-47.917,-21.2621],[-47.9264,-21.2673],[-47.9318,-21.2745],[-47.9483,-21.2836],[-47.9649,-21.2971],[-47.9892,-21.3094],[-47.9816,-21.3149],[-47.975,-21.3264],[-47.9673,-21.3251],[-47.9623,-21.3422],[-47.944,-21.346],[-47.9387,-21.3589],[-47.9295,-21.3565],[-47.9141,-21.3592],[-47.906,-21.3681],[-47.9037,-21.3693],[-47.8841,-21.3583],[-47.8657,-21.3567],[-47.8608,-21.3598],[-47.851,-21.3585],[-47.8322,-21.3455],[-47.8177,-21.3431],[-47.8117,-21.3369],[-47.8059,-21.3209],[-47.7973,-21.3171],[-47.7898,-21.3227],[-47.7871,-21.298],[-47.774,-21.2846],[-47.7629,-21.284],[-47.7576,-21.2718],[-47.7323,-21.2632],[-47.7256,-21.2521],[-47.7055,-21.2375],[-47.6972,-21.2253],[-47.6742,-21.2164],[-47.668,-21.2116],[-47.6655,-21.2004],[-47.6591,-21.1958]]]}},{"type":"Feature","properties":{"codarea":"3547809"},"geometry":{"type":"Polygon","coordinates":[[[-46.5672,-23.6502],[-46.5536,-23.6664],[-46.5546,-23.6809],[-46.5395,-23.6875],[-46.5369,-23.6963],[-46.5291,-23.7034],[-46.5168,-23.7054],[-46.5219,-23.7147],[-46.5174,-23.7203],[-46.5203,-23.7353],[-46.5117,-23.7477],[-46.5065,-23.7433],[-46.4965,-23.7478],[-46.4736,-23.7731],[-46.4644,-23.7792],[-46.4554,-23.7905],[-46.4418,-23.8],[-46.4306,-23.8013],[-46.4327,-23.8081],[-46.4263,-23.8129],[-46.4103,-23.8154],[-46.4024,-23.8118],[-46.3836,-23.8097],[-46.3733,-23.7955],[-46.3677,-23.7925],[-46.3544,-23.7915],[-46.3386,-23.7817],[-46.3318,-23.7813],[-46.3202,-23.7855],[-46.3203,-23.8031],[-46.3026,-23.7879],[-46.2938,-23.7837],[-46.2784,-23.7703],[-46.2831,-23.7673],[-46.2883,-23.7546],[-46.2967,-23.7487],[-46.3027,-23.751],[-46.3156,-23.7445],[-46.3219,-23.7444],[-46.3168,-23.7392],[-46.3281,-23.7284],[-46.3355,-23.7256],[-46.3435,-23.7353],[-46.3545,-23.7372],[-46.3587,-23.7468],[-46.3649,-23.753],[-46.3732,-23.7529],[-46.3874,-23.764],[-46.4073,-23.7698],[-46.4243,-23.7722],[-46.4289,-23.7657],[-46.4397,-23.7661],[-46.4501,-23.7707],[-46.458,-23.7638],[-46.4578,-23.7507],[-46.4711,-23.7393],[-46.4689,-23.7261],[-46.475,-23.7183],[-46.4838,-23.7112],[-46.4917,-23.709],[-46.4895,-23.6952],[-46.4803,-23.6805],[-46.481,-23.6737],[-46.4958,-23.6561],[-46.4922,-23.6511],[-46.4824,-23.6495],[-46.4863,-23.6401],[-46.4828,-23.63],[-46.4855,-23.623],[-46.5062,-23.6258],[-46.5214,-23.614],[-46.5345,-23.6144],[-46.548,-23.6061],[-46.545,-23.6246],[-46.5492,-23.6292],[-46.5517,-23.6425],[-46.5606,-23.6437],[-46.5672,-23.6502]]]}},{"type":"Feature","properties":{"codarea":"3548500"},"geometry":{"type":"Polygon","coordinates":[[[-46.3551,-23.9711],[-46.3356,-23.9721],[-46.3204,-23.9769],[-46.3116,-23.9844],[-46.3063,-23.9931],[-46.2975,-23.9922],[-46.2896,-23.9841],[-46.2926,-23.9697],[-46.3068,-23.9531],[-46.3097,-23.9451],[-46.3117,-23.9279],[-46.3091,-23.9221],[-46.2968,-23.9164],[-46.2893,-23.923],[-46.2787,-23.9167],[-46.2577,-23.9207],[-46.2486,-23.9195],[-46.246,-23.925],[-46.2376,-23.922],[-46.2331,-23.9141],[-46.2256,-23.9098],[-46.2119,-23.9159],[-46.195,-23.9072],[-46.1927,-23.8987],[-46.1865,-23.8916],[-46.1778,-23.8889],[-46.1824,-23.8818],[-46.1995,-23.8801],[-46.2122,-23.8623],[-46.2166,-23.8593],[-46.2336,-23.8603],[-46.2368,-23.8501],[-46.2355,-23.836],[-46.2228,-23.8331],[-46.2121,-23.8241],[-46.2098,-23.8132],[-46.2244,-23.8097],[-46.2364,-23.7996],[-46.2342,-23.7869],[-46.241,-23.7739],[-46.2342,-23.7716],[-46.2208,-23.7728],[-46.2155,-23.7574],[-46.2062,-23.7572],[-46.2024,-23.7513],[-46.2086,-23.7434],[-46.2177,-23.7441],[-46.2261,-23.7375],[-46.2396,-23.7359],[-46.2478,-23.7462],[-46.2489,-23.7569],[-46.2554,-23.7598],[-46.2603,-23.7679],[-46.2701,-23.7658],[-46.2784,-23.7703],[-46.2938,-23.7837],[-46.3026,-23.7879],[-46.3203,-23.8031],[-46.3276,-23.8053],[-46.3437,-23.8252],[-46.351,-23.8418],[-46.3654,-23.8517],[-46.3694,-23.8638],[-46.3749,-23.8683],[-46.3749,-23.8852],[-46.3773,-23.8934],[-46.376,-23.9031],[-46.3701,-23.9139],[-46.403,-23.9218],[-46.3863,-23.933],[-46.3912,-23.94],[-46.3829,-23.9496],[-46.3624,-23.9526],[-46.3551,-23.9711]]]}},{"type":"Feature","properties":{"codarea":"3548708"},"geometry":{"type":"Polygon","coordinates":[[[-46.6513,-23.731],[-46.6455,-23.7572],[-46.6251,-23.7816],[-46.6228,-23.7862],[-46.6244,-23.8188],[-46.6338,-23.8295],[-46.6351,-23.8385],[-46.6326,-23.8511],[-46.6169,-23.862],[-46.6156,-23.8763],[-46.618,-23.8852],[-46.6116,-23.9107],[-46.6071,-23.9448],[-46.6066,-23.9573],[-46.6119,-23.9678],[-46.5853,-23.9608],[-46.5802,-23.9558],[-46.5645,-23.9529],[-46.5566,-23.9417],[-46.5405,-23.9235],[-46.5209,-23.9118],[-46.5201,-23.9055],[-46.5031,-23.9045],[-46.4962,-23.8996],[-46.4884,-23.8854],[-46.4599,-23.8661],[-46.455,-23.8546],[-46.4435,-23.8502],[-46.438,-23.8422],[-46.4412,-23.8349],[-46.4369,-23.8254],[-46.4263,-23.8251],[-46.4103,-23.8154],[-46.4263,-23.8129],[-46.4327,-23.8081],[-46.4306,-23.8013],[-46.4418,-23.8],[-46.4554,-23.7905],[-46.4644,-23.7792],[-46.4736,-23.7731],[-46.4965,-23.7478],[-46.5065,-23.7433],[-46.5117,-23.7477],[-46.5203,-23.7353],[-46.5174,-23.7203],[-46.5219,-23.7147],[-46.5168,-23.7054],[-46.5291,-23.7034],[-46.5369,-23.6963],[-46.5395,-23.6875],[-46.5546,-23.6809],[-46.5536,-23.6664],[-46.5672,-23.6502],[-46.5746,-23.65],[-46.5834,-23.641],[-46.59,-23.6489],[-46.6144,-23.6603],[-46.6163,-23.658],[-46.6091,-23.6695],[-46.6001,-23.6708],[-46.5913,-23.6773],[-46.5824,-23.6724],[-46.5786,-23.6804],[-46.5788,-23.69],[-46.5888,-23.6985],[-46.5911,-23.7072],[-46.6049,-23.7185],[-46.6055,-23.7313],[-46.6114,-23.7374],[-46.6196,-23.739],[-46.6339,-23.7362],[-46.6404,-23.7316],[-46.6513,-23.731]]]}},{"type":"Feature","properties":{"codarea":"3548906"},"geometry":{"type":"Polygon","coordinates":[[[-48.0449,-22.0732],[-48.0362,-22.0781],[-48.0266,-22.0769],[-48.0141,-22.092],[-47.9988,-22.1042],[-47.9931,-22.116],[-47.9807,-22.1125],[-47.9714,-22.1182],[-47.9479,-22.1111],[-47.9375,-22.1196],[-47.9275,-22.1311],[-47.9293,-22.137],[-47.9204,-22.1495],[-47.9143,-22.1497],[-47.8999,-22.1576],[-47.8868,-22.1524],[-47.8736,-22.1583],[-47.8641,-22.1514],[-47.8571,-22.1563],[-47.845,-22.1555],[-47.8347,-22.1484],[-47.8218,-22.1525],[-47.8092,-22.1484],[-47.8113,-22.1415],[-47.8087,-22.133],[-47.7998,-22.1282],[-47.787,-22.1126],[-47.7895,-22.0976],[-47.7784,-22.092],[-47.7717,-22.0928],[-47.7633,-22.0877],[-47.7523,-22.0894],[-47.751,-22.0791],[-47.746,-22.0703],[-47.7482,-22.0638],[-47.744,-22.0545],[-47.7264,-22.0415],[-47.7298,-22.0328],[-47.7205,-22.0229],[-47.73,-22.0179],[-47.7338,-22.0092],[-47.743,-22.0021],[-47.7468,-21.9942],[-47.7538,-21.9906],[-47.7539,-21.9808],[-47.7485,-21.9732],[-47.7467,-21.9527],[-47.753,-21.9394],[-47.7558,-21.9193],[-47.7643,-21.9158],[-47.768,-21.9047],[-47.7819,-21.8936],[-47.782,-21.8875],[-47.7919,-21.8782],[-47.7846,-21.8656],[-47.7879,-21.8489],[-47.7781,-21.8366],[-47.7706,-21.8315],[-47.7688,-21.8216],[-47.7748,-21.8025],[-47.7675,-21.7834],[-47.7681,-21.773],[-47.7649,-21.7653],[-47.754,-21.7573],[-47.7407,-21.726],[-47.742,-21.7196],[-47.7368,-21.7119],[-47.7465,-21.7085],[-47.7509,-21.701],[-47.7677,-21.6917],[-47.7798,-21.691],[-47.7859,-21.6997],[-47.7957,-21.6946],[-47.8119,-21.6991],[-47.8118,-21.6801],[-47.8301,-21.6685],[-47.8204,-21.6591],[-47.8248,-21.6522],[-47.8112,-21.6477],[-47.8107,-21.6316],[-47.8178,-21.625],[-47.818,-21.6156],[-47.8269,-21.6124],[-47.8328,-21.6056],[-47.8526,-21.5975],[-47.858,-21.6089],[-47.8631,-21.6116],[-47.8607,-21.6184],[-47.8706,-21.6285],[-47.873,-21.6391],[-47.8826,-21.6531],[-47.8925,-21.6624],[-47.9017,-21.6766],[-47.9098,-21.6782],[-47.9169,-21.6866],[-47.9185,-21.7032],[-47.9228,-21.7203],[-47.9401,-21.7244],[-47.9567,-21.7311],[-47.9677,-21.7416],[-47.9596,-21.7463],[-47.9475,-21.7639],[-47.9472,-21.7832],[-47.9708,-21.8076],[-47.9689,-21.82],[-47.9618,-21.8213],[-47.9288,-21.8454],[-47.9255,-21.8743],[-47.9208,-21.8824],[-47.9243,-21.8966],[-47.9473,-21.9087],[-47.942,-21.9162],[-47.94,-21.9283],[-47.9503,-21.9434],[-47.954,-21.9595],[-47.964,-21.9659],[-47.9663,-21.984],[-47.9764,-21.9954],[-47.9795,-22.0071],[-47.9929,-22.0183],[-47.9958,-22.0299],[-48.0068,-22.0312],[-48.0179,-22.0367],[-48.0385,-22.0258],[-48.0472,-22.0248],[-48.067,-22.0353],[-48.073,-22.0401],[-48.0772,-22.0547],[-48.0849,-22.0541],[-48.0912,-22.06],[-48.0868,-22.0705],[-48.0696,-22.0772],[-48.0598,-22.0712],[-48.0449,-22.0732]]]}},{"type":"Feature","properties":{"codarea":"3549805"},"geometry":{"type":"Polygon","coordinates":[[[-49.4367,-20.8793],[-49.4378,-20.8853],[-49.4296,-20.8936],[-49.417,-20.9006],[-49.4207,-20.9112],[-49.4166,-20.9181],[-49.4038,-20.9071],[-49.382,-20.9112],[-49.3794,-20.9171],[-49.346,-20.9316],[-49.3346,-20.9328],[-49.3337,-20.9246],[-49.3261,-20.9204],[-49.3174,-20.9111],[-49.3145,-20.8958],[-49.3028,-20.8893],[-49.2962,-20.8781],[-49.2892,-20.8755],[-49.2736,-20.8812],[-49.2689,-20.8712],[-49.2556,-20.8608],[-49.2572,-20.8512],[-49.2621,-20.8435],[-49.2709,-20.8373],[-49.2732,-20.831],[-49.2649,-20.8198],[-49.2725,-20.803],[-49.2714,-20.794],[-49.277,-20.7908],[-49.2773,-20.7827],[-49.282,-20.7712],[-49.2826,-20.7603],[-49.2795,-20.7558],[-49.2729,-20.7304],[-49.2745,-20.724],[-49.2712,-20.7148],[-49.273,-20.6882],[-49.2665,-20.68],[-49.2789,-20.6784],[-49.293,-20.6846],[-49.3059,-20.6825],[-49.3283,-20.675],[-49.3448,-20.6625],[-49.3465,-20.652],[-49.3445,-20.6431],[-49.3525,-20.6353],[-49.3584,-20.6522],[-49.3565,-20.658],[-49.3621,-20.6713],[-49.3473,-20.6782],[-49.3551,-20.7016],[-49.3625,-20.7177],[-49.3678,-20.7228],[-49.3756,-20.7195],[-49.3804,-20.7131],[-49.3945,-20.7038],[-49.4003,-20.7058],[-49.4121,-20.7165],[-49.4154,-20.7285],[-49.4248,-20.7306],[-49.4287,-20.725],[-49.4245,-20.7138],[-49.4301,-20.7004],[-49.4467,-20.6953],[-49.4553,-20.6865],[-49.4612,-20.6849],[-49.4633,-20.7075],[-49.4589,-20.7316],[-49.4434,-20.7449],[-49.445,-20.7619],[-49.4514,-20.7757],[-49.4592,-20.7868],[-49.4575,-20.7957],[-49.4377,-20.8458],[-49.4331,-20.8533],[-49.4343,-20.8651],[-49.4322,-20.878],[-49.4367,-20.8793]]]}},{"type":"Feature","properties":{"codarea":"3549904"},"geometry":{"type":"Polygon","coordinates":[[[-46.0748,-23.1809],[-46.0592,-23.1723],[-46.0497,-23.1895],[-46.0381,-23.1891],[-46.0201,-23.2027],[-45.9981,-23.1866],[-45.9818,-23.1995],[-45.9691,-23.1999],[-45.9624,-23.2056],[-45.9559,-23.2039],[-45.9482,-23.2134],[-45.9592,-23.2194],[-45.9658,-23.2355],[-45.9637,-23.2454],[-45.954,-23.2559],[-45.9413,-23.2599],[-45.9335,-23.2569],[-45.9212,-23.2631],[-45.9125,-23.2773],[-45.9088,-23.2896],[-45.904,-23.2948],[-45.8907,-23.2962],[-45.885,-23.2994],[-45.8701,-23.298],[-45.8614,-23.3041],[-45.8473,-23.3067],[-45.8347,-23.294],[-45.8238,-23.2953],[-45.8147,-23.2899],[-45.8069,-23.2927],[-45.7937,-23.292],[-45.7894,-23.2817],[-45.7816,-23.2759],[-45.7766,-23.2641],[-45.7664,-23.2583],[-45.7448,-23.2523],[-45.7434,-23.2473],[-45.7302,-23.239],[-45.7213,-23.2379],[-45.7316,-23.2277],[-45.7375,-23.2168],[-45.7389,-23.204],[-45.7476,-23.1991],[-45.7509,-23.1926],[-45.7521,-23.1781],[-45.7599,-23.1667],[-45.7566,-23.158],[-45.7602,-23.1433],[-45.7562,-23.1366],[-45.7604,-23.1287],[-45.7548,-23.1126],[-45.7658,-23.1118],[-45.7726,-23.1072],[-45.7844,-23.1117],[-45.8002,-23.0987],[-45.8025,-23.0913],[-45.8418,-23.0412],[-45.8479,-23.0454],[-45.8556,-23.0429],[-45.8716,-23.0312],[-45.8793,-23.0279],[-45.8863,-23.0171],[-45.9049,-23.0214],[-45.9083,-23.0262],[-45.9233,-23.0361],[-45.9324,-23.0204],[-45.917,-23.0004],[-45.8947,-22.9856],[-45.8904,-22.9714],[-45.8808,-22.9658],[-45.8877,-22.9578],[-45.8826,-22.9514],[-45.8938,-22.9417],[-45.8956,-22.9341],[-45.8849,-22.9303],[-45.8773,-22.9209],[-45.8782,-22.913],[-45.8741,-22.9025],[-45.8644,-22.8931],[-45.87,-22.8818],[-45.871,-22.8715],[-45.8795,-22.8753],[-45.8873,-22.8722],[-45.8942,-22.8492],[-45.8912,-22.8455],[-45.909,-22.8296],[-45.9046,-22.8197],[-45.9118,-22.8163],[-45.9237,-22.8258],[-45.9238,-22.8319],[-45.9393,-22.8467],[-45.9468,-22.8456],[-45.9565,-22.8498],[-45.9735,-22.8631],[-45.9751,-22.8681],[-45.9931,-22.8698],[-45.9904,-22.876],[-45.9998,-22.8789],[-46.0085,-22.8895],[-46.0278,-22.8851],[-46.0371,-22.8884],[-46.0507,-22.897],[-46.0412,-22.9138],[-46.0426,-22.9264],[-46.0486,-22.9328],[-46.0532,-22.9502],[-46.0491,-22.9549],[-46.052,-22.9683],[-46.0648,-22.9758],[-46.0676,-22.9802],[-46.0775,-22.9772],[-46.0826,-22.9855],[-46.0705,-22.989],[-46.0656,-22.9985],[-46.0707,-23.0055],[-46.0708,-23.014],[-46.0784,-23.02],[-46.0825,-23.0338],[-46.0766,-23.0368],[-46.0912,-23.0669],[-46.0897,-23.075],[-46.0973,-23.0843],[-46.1051,-23.0851],[-46.108,-23.0973],[-46.1013,-23.1039],[-46.0967,-23.1183],[-46.101,-23.126],[-46.0973,-23.1376],[-46.0914,-23.143],[-46.1026,-23.1573],[-46.0928,-23.1716],[-46.0796,-23.1692],[-46.0736,-23.1748],[-46.0748,-23.1809]]]}},{"type":"Feature","properties":{"codarea":"3550308"},"geometry":{"type":"Polygon","coordinates":[[[-46.6119,-23.9678],[-46.6066,-23.9573],[-46.6071,-23.9448],[-46.6116,-23.9107],[-46.618,-23.8852],[-46.6156,-23.8763],[-46.6169,-23.862],[-46.6326,-23.8511],[-46.6351,-23.8385],[-46.6338,-23.8295],[-46.6244,-23.8188],[-46.6228,-23.7862],[-46.6251,-23.7816],[-46.6455,-23.7572],[-46.6513,-23.731],[-46.6365,-23.7253],[-46.6276,-23.7163],[-46.6164,-23.7105],[-46.6317,-23.6964],[-46.6339,-23.688],[-46.6311,-23.6729],[-46.6264,-23.6596],[-46.6163,-23.658],[-46.6144,-23.6603],[-46.59,-23.6489],[-46.5834,-23.641],[-46.5849,-23.6353],[-46.5793,-23.6045],[-46.5748,-23.6011],[-46.558,-23.6118],[-46.548,-23.6061],[-46.5345,-23.6144],[-46.5214,-23.614],[-46.5062,-23.6258],[-46.4855,-23.623],[-46.4772,-23.6262],[-46.4723,-23.6388],[-46.4431,-23.6439],[-46.4315,-23.6411],[-46.4211,-23.6437],[-46.4068,-23.6318],[-46.408,-23.6269],[-46.3982,-23.619],[-46.3948,-23.6125],[-46.3954,-23.6022],[-46.3831,-23.5995],[-46.3776,-23.5878],[-46.3835,-23.5778],[-46.3824,-23.563],[-46.3909,-23.5597],[-46.3932,-23.5522],[-46.3882,-23.5472],[-46.3937,-23.5372],[-46.3923,-23.5305],[-46.3732,-23.5114],[-46.3664,-23.5122],[-46.3651,-23.5038],[-46.3769,-23.4848],[-46.3819,-23.4721],[-46.3867,-23.4747],[-46.3863,-23.4797],[-46.3966,-23.4842],[-46.4056,-23.4794],[-46.4121,-23.4705],[-46.4265,-23.472],[-46.4298,-23.4758],[-46.4605,-23.483],[-46.48,-23.4769],[-46.4938,-23.476],[-46.5111,-23.4788],[-46.5339,-23.4934],[-46.547,-23.5064],[-46.5591,-23.5071],[-46.5621,-23.5],[-46.5599,-23.4897],[-46.5617,-23.4728],[-46.5705,-23.4588],[-46.5653,-23.4415],[-46.5685,-23.4324],[-46.5657,-23.4274],[-46.5666,-23.4154],[-46.5564,-23.4096],[-46.5561,-23.3974],[-46.5456,-23.387],[-46.5452,-23.3768],[-46.5371,-23.3691],[-46.5354,-23.3633],[-46.5434,-23.3575],[-46.5518,-23.3577],[-46.5552,-23.3638],[-46.5685,-23.3757],[-46.581,-23.3769],[-46.6002,-23.3882],[-46.5995,-23.3951],[-46.6058,-23.398],[-46.6143,-23.4117],[-46.6343,-23.4293],[-46.6386,-23.4273],[-46.6571,-23.4305],[-46.6698,-23.4186],[-46.6778,-23.4156],[-46.6847,-23.4193],[-46.6854,-23.4255],[-46.7004,-23.4225],[-46.7085,-23.4165],[-46.7106,-23.4065],[-46.7199,-23.4037],[-46.7217,-23.3963],[-46.7305,-23.3939],[-46.7355,-23.3881],[-46.7535,-23.3893],[-46.7605,-23.386],[-46.7702,-23.3887],[-46.7708,-23.3972],[-46.7841,-23.3997],[-46.786,-23.405],[-46.8014,-23.3956],[-46.8075,-23.3993],[-46.823,-23.401],[-46.8262,-23.4089],[-46.8197,-23.4179],[-46.8233,-23.4224],[-46.8115,-23.4369],[-46.8054,-23.4625],[-46.8007,-23.4704],[-46.7995,-23.4714],[-46.796,-23.4629],[-46.787,-23.4657],[-46.7748,-23.4644],[-46.7751,-23.4718],[-46.7698,-23.4768],[-46.7663,-23.4913],[-46.756,-23.495],[-46.764,-23.5064],[-46.7485,-23.5237],[-46.76,-23.5292],[-46.7602,-23.555],[-46.7731,-23.5701],[-46.786,-23.5745],[-46.7952,-23.5825],[-46.8064,-23.584],[-46.8089,-23.5984],[-46.8078,-23.6091],[-46.789,-23.6064],[-46.7632,-23.598],[-46.7508,-23.6028],[-46.7525,-23.6105],[-46.7603,-23.6149],[-46.7691,-23.6271],[-46.7765,-23.631],[-46.7927,-23.6472],[-46.7955,-23.6703],[-46.8015,-23.6854],[-46.7982,-23.6987],[-46.7927,-23.7005],[-46.7924,-23.7213],[-46.7985,-23.7291],[-46.796,-23.7391],[-46.7832,-23.7488],[-46.7699,-23.7529],[-46.7712,-23.7636],[-46.7774,-23.7672],[-46.7881,-23.7738],[-46.791,-23.78],[-46.7887,-23.7876],[-46.8011,-23.8098],[-46.7824,-23.8132],[-46.7689,-23.8214],[-46.7626,-23.8279],[-46.7643,-23.8426],[-46.7735,-23.8438],[-46.7795,-23.8514],[-46.776,-23.8554],[-46.7766,-23.8926],[-46.7877,-23.8948],[-46.8009,-23.8928],[-46.8116,-23.9078],[-46.8107,-23.9205],[-46.8069,-23.9382],[-46.7945,-23.9426],[-46.7856,-23.9423],[-46.7751,-23.9564],[-46.7549,-23.9754],[-46.7664,-23.9917],[-46.772,-24.0077],[-46.7627,-24.006],[-46.755,-23.9968],[-46.7427,-23.9919],[-46.7303,-23.9955],[-46.721,-23.993],[-46.7148,-23.9962],[-46.7081,-23.991],[-46.6993,-23.9903],[-46.6921,-23.9844],[-46.6833,-23.9824],[-46.6754,-23.9894],[-46.6618,-23.9882],[-46.6499,-24.0016],[-46.6404,-23.9978],[-46.6331,-23.988],[-46.6357,-23.9773],[-46.618,-23.9678],[-46.6119,-23.9678]]]}},{"type":"Feature","properties":{"codarea":"3552205"},"geometry":{"type":"Polygon","coordinates":[[[-47.3075,-23.561],[-47.304,-23.5496],[-47.3064,-23.5403],[-47.3041,-23.5347],[-47.3093,-23.5288],[-47.3028,-23.5241],[-47.3096,-23.5158],[-47.3236,-23.5139],[-47.3249,-23.5042],[-47.3189,-23.4857],[-47.3205,-23.4688],[-47.317,-23.4634],[-47.3209,-23.4605],[-47.3264,-23.4399],[-47.331,-23.4362],[-47.3405,-23.4367],[-47.3641,-23.4141],[-47.3686,-23.4022],[-47.3526,-23.394],[-47.3679,-23.3876],[-47.3812,-23.3897],[-47.3976,-23.376],[-47.3995,-23.3651],[-47.4057,-23.3548],[-47.4134,-23.3611],[-47.4182,-23.3577],[-47.4496,-23.3519],[-47.4712,-23.354],[-47.4749,-23.3622],[-47.4905,-23.3585],[-47.5044,-23.3597],[-47.512,-23.3651],[-47.5245,-23.3669],[-47.5313,-23.3761],[-47.5436,-23.381],[-47.5478,-23.3792],[-47.5584,-23.3852],[-47.565,-23.3827],[-47.5666,-23.392],[-47.5539,-23.3883],[-47.5512,-23.3989],[-47.5441,-23.3991],[-47.5429,-23.4178],[-47.5354,-23.4286],[-47.5411,-23.4377],[-47.5476,-23.4613],[-47.5602,-23.4604],[-47.565,-23.4679],[-47.5631,-23.4759],[-47.5522,-23.4876],[-47.5496,-23.5055],[-47.5549,-23.5231],[-47.5547,-23.5293],[-47.5655,-23.542],[-47.5633,-23.5529],[-47.5542,-23.5637],[-47.5565,-23.5735],[-47.5363,-23.5784],[-47.534,-23.585],[-47.5189,-23.5891],[-47.5132,-23.5834],[-47.5043,-23.5859],[-47.4925,-23.5842],[-47.4918,-23.5645],[-47.5006,-23.5575],[-47.5075,-23.5397],[-47.5028,-23.5358],[-47.4936,-23.5416],[-47.488,-23.5399],[-47.4833,-23.5466],[-47.4757,-23.5496],[-47.4673,-23.5459],[-47.4654,-23.5339],[-47.4481,-23.5283],[-47.4445,-23.5222],[-47.437,-23.5255],[-47.4286,-23.5223],[-47.4152,-23.5259],[-47.4061,-23.5236],[-47.3987,-23.5264],[-47.3865,-23.5212],[-47.3647,-23.524],[-47.3653,-23.535],[-47.3543,-23.5609],[-47.3296,-23.558],[-47.3216,-23.5608],[-47.3075,-23.561]]]}},{"type":"Feature","properties":{"codarea":"4104808"},"geometry":{"type":"Polygon","coordinates":[[[-53.4804,-25.3421],[-53.4133,-25.3514],[-53.332,-25.3637],[-53.3267,-25.3709],[-53.3168,-25.3716],[-53.312,-25.3671],[-53.3236,-25.356],[-53.323,-25.3416],[-53.3169,-25.3374],[-53.3189,-25.3243],[-53.3247,-25.3176],[-53.3217,-25.3129],[-53.3263,-25.3032],[-53.3205,-25.3004],[-53.3094,-25.3019],[-53.3034,-25.2899],[-53.2938,-25.2886],[-53.2826,-25.2909],[-53.2809,-25.2806],[-53.2728,-25.2826],[-53.273,-25.2706],[-53.2691,-25.2669],[-53.2692,-25.2567],[-53.2792,-25.2405],[-53.2701,-25.2404],[-53.2607,-25.2356],[-53.2599,-25.2171],[-53.2538,-25.2085],[-53.2539,-25.1937],[-53.2486,-25.1823],[-53.2394,-25.1706],[-53.2264,-25.1642],[-53.2296,-25.1555],[-53.2272,-25.1497],[-53.2346,-25.143],[-53.2313,-25.1366],[-53.2215,-25.1362],[-53.2171,-25.127],[-53.208,-25.121],[-53.1882,-25.1145],[-53.1842,-25.1166],[-53.167,-25.1009],[-53.1533,-25.1045],[-53.1406,-25.0951],[-53.1346,-25.0934],[-53.1009,-25.0958],[-53.0943,-25.0897],[-53.0868,-25.0764],[-53.0905,-25.0544],[-53.0857,-25.0468],[-53.0875,-25.0406],[-53.0809,-25.0323],[-53.0808,-25.0191],[-53.0756,-25.0147],[-53.0867,-25.0097],[-53.0856,-25.0037],[-53.0757,-25.0034],[-53.0835,-24.9875],[-53.0895,-24.9897],[-53.094,-24.9741],[-53.1041,-24.9605],[-53.1046,-24.948],[-53.1095,-24.9421],[-53.1047,-24.9359],[-53.0953,-24.9366],[-53.0891,-24.9212],[-53.0831,-24.9195],[-53.0915,-24.9115],[-53.1013,-24.9118],[-53.1338,-24.9179],[-53.1597,-24.9179],[-53.157,-24.9317],[-53.1651,-24.9432],[-53.1846,-24.9376],[-53.2016,-24.9536],[-53.2071,-24.9535],[-53.2213,-24.926],[-53.23,-24.9267],[-53.2428,-24.9204],[-53.2511,-24.9072],[-53.2595,-24.9034],[-53.2727,-24.9048],[-53.2728,-24.8384],[-53.2811,-24.8376],[-53.2836,-24.8322],[-53.4064,-24.8359],[-53.4031,-24.8207],[-53.3822,-24.8199],[-53.3709,-24.8109],[-53.3618,-24.8146],[-53.3584,-24.8074],[-53.3457,-24.8108],[-53.3453,-24.7903],[-53.3622,-24.7937],[-53.3961,-24.7979],[-53.4067,-24.8043],[-53.4237,-24.7975],[-53.4275,-24.8034],[-53.4355,-24.8035],[-53.4405,-24.7979],[-53.4562,-24.7996],[-53.4527,-24.7773],[-53.455,-24.7701],[-53.4535,-24.7549],[-53.4591,-24.7507],[-53.457,-24.7437],[-53.5282,-24.7433],[-53.5371,-24.7468],[-53.5369,-24.7605],[-53.5479,-24.7731],[-53.5598,-24.7767],[-53.5509,-24.8073],[-53.5441,-24.8385],[-53.5563,-24.8318],[-53.563,-24.8145],[-53.5744,-24.8032],[-53.5879,-24.8035],[-53.6058,-24.7999],[-53.6086,-24.8028],[-53.6196,-24.795],[-53.6262,-24.7936],[-53.6317,-24.7869],[-53.6579,-24.7859],[-53.6626,-24.7934],[-53.6688,-24.7934],[-53.6842,-24.7799],[-53.6968,-24.7867],[-53.717,-24.7885],[-53.7237,-24.7944],[-53.7005,-24.8059],[-53.691,-24.8132],[-53.6896,-24.8207],[-53.6925,-24.8315],[-53.6797,-24.8294],[-53.6783,-24.8406],[-53.6708,-24.8533],[-53.6546,-24.8678],[-53.6411,-24.8641],[-53.625,-24.8709],[-53.619,-24.8822],[-53.6217,-24.8935],[-53.6078,-24.9016],[-53.6048,-24.9104],[-53.5946,-24.9268],[-53.5792,-24.933],[-53.5647,-24.9439],[-53.5551,-24.945],[-53.5506,-24.9492],[-53.5484,-24.9593],[-53.5715,-24.9857],[-53.566,-24.9876],[-53.5617,-24.9993],[-53.5644,-25.0099],[-53.5606,-25.0238],[-53.5497,-25.0278],[-53.5476,-25.037],[-53.5373,-25.0403],[-53.5313,-25.0461],[-53.5184,-25.0525],[-53.5032,-25.0677],[-53.5148,-25.071],[-53.5222,-25.0863],[-53.5336,-25.0864],[-53.5418,-25.101],[-53.5461,-25.1256],[-53.538,-25.1351],[-53.5327,-25.136],[-53.5279,-25.1507],[-53.5278,-25.1691],[-53.5276,-25.1866],[-53.5321,-25.2171],[-53.4435,-25.2249],[-53.4491,-25.2336],[-53.4342,-25.2415],[-53.4256,-25.2409],[-53.426,-25.2585],[-53.4349,-25.2531],[-53.4479,-25.2563],[-53.4357,-25.2636],[-53.4278,-25.2656],[-53.4359,-25.2814],[-53.4335,-25.2926],[-53.4399,-25.2932],[-53.4408,-25.3013],[-53.4479,-25.3072],[-53.449,-25.3135],[-53.4634,-25.3193],[-53.4793,-25.3155],[-53.482,-25.3238],[-53.4776,-25.3358],[-53.4804,-25.3421]]]}},{"type":"Feature","properties":{"codarea":"4106902"},"geometry":{"type":"Polygon","coordinates":[[[-49.2295,-25.3498],[-49.2646,-25.3482],[-49.2734,-25.3451],[-49.2799,-25.3511],[-49.2826,-25.3647],[-49.2875,-25.3717],[-49.3027,-25.3828],[-49.3104,-25.3836],[-49.3271,-25.3671],[-49.3293,-25.3601],[-49.3402,-25.3495],[-49.3478,-25.3759],[-49.3603,-25.3844],[-49.364,-25.3948],[-49.3743,-25.3984],[-49.3766,-25.412],[-49.3835,-25.4189],[-49.3893,-25.4293],[-49.3888,-25.4417],[-49.3818,-25.4524],[-49.3854,-25.4668],[-49.3834,-25.4858],[-49.3721,-25.497],[-49.3745,-25.5134],[-49.3673,-25.518],[-49.3535,-25.5202],[-49.3396,-25.5132],[-49.3407,-25.5354],[-49.3458,-25.5413],[-49.3419,-25.5549],[-49.3451,-25.5689],[-49.3428,-25.5804],[-49.3505,-25.5948],[-49.3523,-25.6048],[-49.3571,-25.6074],[-49.3594,-25.6266],[-49.3631,-25.6294],[-49.3658,-25.6413],[-49.3599,-25.6432],[-49.3525,-25.6363],[-49.3432,-25.6363],[-49.3392,-25.6312],[-49.3271,-25.6335],[-49.3251,-25.6282],[-49.3042,-25.616],[-49.271,-25.6122],[-49.2681,-25.6033],[-49.2428,-25.5823],[-49.2448,-25.5742],[-49.2376,-25.5643],[-49.2233,-25.562],[-49.2229,-25.5479],[-49.226,-25.5387],[-49.2183,-25.5325],[-49.2169,-25.5212],[-49.2086,-25.5154],[-49.2066,-25.5081],[-49.1988,-25.5013],[-49.1935,-25.4877],[-49.1856,-25.478],[-49.1852,-25.4715],[-49.1985,-25.4506],[-49.2033,-25.4356],[-49.1979,-25.4249],[-49.1985,-25.4123],[-49.1949,-25.4066],[-49.1935,-25.3903],[-49.1948,-25.3795],[-49.2054,-25.3814],[-49.2093,-25.3739],[-49.2075,-25.3659],[-49.2129,-25.3615],[-49.2224,-25.3637],[-49.2295,-25.3498]]]}},{"type":"Feature","properties":{"codarea":"4108304"},"geometry":{"type":"Polygon","coordinates":[[[-54.4736,-25.2115],[-54.4796,-25.2304],[-54.4912,-25.278],[-54.5016,-25.2972],[-54.5131,-25.3108],[-54.5254,-25.3315],[-54.5392,-25.3475],[-54.5546,-25.3597],[-54.5864,-25.3966],[-54.5912,-25.4126],[-54.6026,-25.438],[-54.6131,-25.4489],[-54.6191,-25.4507],[-54.6199,-25.4631],[-54.6172,-25.4706],[-54.6037,-25.4825],[-54.601,-25.5065],[-54.6012,-25.5229],[-54.5953,-25.5361],[-54.5952,-25.5598],[-54.5935,-25.5922],[-54.5839,-25.5929],[-54.5529,-25.5882],[-54.5356,-25.5977],[-54.5361,-25.6207],[-54.5277,-25.6281],[-54.5222,-25.6283],[-54.5117,-25.6185],[-54.5025,-25.6144],[-54.4926,-25.6184],[-54.4837,-25.6269],[-54.4702,-25.6358],[-54.4609,-25.6455],[-54.4453,-25.6657],[-54.4405,-25.6877],[-54.4352,-25.6969],[-54.4239,-25.6929],[-54.427,-25.671],[-54.4253,-25.6589],[-54.4195,-25.6533],[-54.3971,-25.6397],[-54.3889,-25.6245],[-54.3912,-25.6071],[-54.3888,-25.5999],[-54.3747,-25.5938],[-54.3599,-25.6056],[-54.3532,-25.6083],[-54.3455,-25.6049],[-54.3375,-25.5934],[-54.3289,-25.5719],[-54.3188,-25.5656],[-54.3062,-25.5635],[-54.2963,-25.5576],[-54.3069,-25.5497],[-54.3075,-25.5376],[-54.3154,-25.5329],[-54.3269,-25.5333],[-54.4652,-25.5521],[-54.4864,-25.5524],[-54.4859,-25.4039],[-54.4919,-25.4033],[-54.4958,-25.3883],[-54.5048,-25.3797],[-54.5027,-25.3724],[-54.5075,-25.3667],[-54.5038,-25.3586],[-54.4935,-25.3511],[-54.4853,-25.3406],[-54.4738,-25.3358],[-54.4755,-25.3306],[-54.4669,-25.3247],[-54.4544,-25.3288],[-54.4432,-25.341],[-54.4366,-25.3526],[-54.4279,-25.3527],[-54.4184,-25.3595],[-54.4164,-25.3696],[-54.4095,-25.3681],[-54.3991,-25.3771],[-54.3876,-25.3134],[-54.3931,-25.3011],[-54.3896,-25.2889],[-54.3902,-25.271],[-54.3851,-25.2596],[-54.3863,-25.2444],[-54.3915,-25.2357],[-54.4063,-25.2429],[-54.4111,-25.2367],[-54.4371,-25.2332],[-54.4514,-25.2236],[-54.4606,-25.2273],[-54.4678,-25.2134],[-54.4736,-25.2115]]]}},{"type":"Feature","properties":{"codarea":"4113700"},"geometry":{"type":"Polygon","coordinates":[[[-51.2197,-23.5874],[-51.2035,-23.5894],[-51.1977,-23.5974],[-51.2024,-23.6089],[-51.2144,-23.6093],[-51.2128,-23.6321],[-51.2083,-23.6448],[-51.2154,-23.6694],[-51.2203,-23.6818],[-51.2162,-23.694],[-51.2264,-23.7091],[-51.235,-23.7065],[-51.2422,-23.7229],[-51.2421,-23.736],[-51.215,-23.7551],[-51.1956,-23.7656],[-51.1817,-23.7637],[-51.173,-23.7779],[-51.1673,-23.7791],[-51.1506,-23.7636],[-51.1459,-23.7664],[-51.1388,-23.7604],[-51.1289,-23.7571],[-51.1297,-23.7452],[-51.0957,-23.7413],[-51.0973,-23.7365],[-51.1202,-23.7204],[-51.1363,-23.7207],[-51.1415,-23.7127],[-51.1163,-23.7031],[-51.1029,-23.7122],[-51.0964,-23.7127],[-51.0778,-23.7237],[-51.0673,-23.722],[-51.0562,-23.7266],[-51.0455,-23.7251],[-51.0388,-23.7298],[-51.0395,-23.7416],[-51.031,-23.7441],[-51.0225,-23.7532],[-51.0185,-23.7499],[-51.0031,-23.7585],[-50.9919,-23.7498],[-50.9663,-23.754],[-50.9653,-23.7413],[-50.9577,-23.746],[-50.9323,-23.7498],[-50.9258,-23.7451],[-50.9025,-23.7514],[-50.8941,-23.7437],[-50.9054,-23.7278],[-50.9132,-23.7266],[-50.9154,-23.7144],[-50.8982,-23.7],[-50.8913,-23.7011],[-50.8763,-23.6945],[-50.8788,-23.6812],[-50.886,-23.6754],[-50.9098,-23.6748],[-50.9203,-23.6646],[-50.9221,-23.6383],[-50.9302,-23.6266],[-50.9334,-23.6078],[-50.9458,-23.6061],[-50.9506,-23.5856],[-50.94,-23.5876],[-50.9355,-23.5845],[-50.9304,-23.5653],[-50.9417,-23.5463],[-50.9529,-23.5405],[-50.9484,-23.5197],[-50.9457,-23.5072],[-50.9463,-23.4927],[-50.9313,-23.4849],[-50.9279,-23.4808],[-50.9263,-23.4634],[-50.9237,-23.4569],[-50.9292,-23.4476],[-50.9345,-23.4476],[-50.9467,-23.4583],[-50.9647,-23.4609],[-50.966,-23.4514],[-50.9563,-23.4402],[-50.9535,-23.4162],[-50.9586,-23.4115],[-50.9708,-23.4194],[-50.9785,-23.4187],[-50.9894,-23.4084],[-50.9957,-23.3949],[-50.9917,-23.388],[-50.9938,-23.3785],[-51.0047,-23.3685],[-51.0104,-23.3557],[-51.0013,-23.3498],[-50.9871,-23.3591],[-50.9813,-23.3508],[-50.981,-23.3426],[-50.9894,-23.3465],[-51.0114,-23.3384],[-51.029,-23.3388],[-51.0465,-23.346],[-51.0606,-23.3357],[-51.0723,-23.3374],[-51.0824,-23.3291],[-51.0824,-23.3243],[-51.0933,-23.2947],[-51.095,-23.2932],[-51.0979,-23.2682],[-51.1085,-23.2398],[-51.1241,-23.2383],[-51.133,-23.2402],[-51.1324,-23.2236],[-51.1711,-23.2204],[-51.1705,-23.1962],[-51.1704,-23.1715],[-51.2062,-23.1714],[-51.2085,-23.1803],[-51.2074,-23.1915],[-51.1932,-23.2096],[-51.1964,-23.2168],[-51.1856,-23.2404],[-51.1929,-23.243],[-51.209,-23.2395],[-51.2222,-23.2433],[-51.244,-23.2598],[-51.2474,-23.2679],[-51.2273,-23.295],[-51.2112,-23.307],[-51.2301,-23.3254],[-51.2289,-23.3306],[-51.236,-23.3393],[-51.2438,-23.3561],[-51.2458,-23.373],[-51.2601,-23.3738],[-51.264,-23.3783],[-51.2629,-23.3898],[-51.2674,-23.3964],[-51.2809,-23.3886],[-51.2893,-23.3904],[-51.2911,-23.3843],[-51.3102,-23.3835],[-51.3195,-23.4156],[-51.3165,-23.4299],[-51.3211,-23.4331],[-51.3173,-23.46],[-51.3115,-23.4614],[-51.3092,-23.4714],[-51.3013,-23.5477],[-51.2973,-23.548],[-51.2898,-23.5639],[-51.2846,-23.5585],[-51.2786,-23.564],[-51.252,-23.5592],[-51.2445,-23.5647],[-51.2364,-23.5545],[-51.2228,-23.5585],[-51.2197,-23.5699],[-51.2142,-23.5741],[-51.2197,-23.5874]]]}},{"type":"Feature","properties":{"codarea":"4115200"},"geometry":{"type":"Polygon","coordinates":[[[-51.8685,-23.288],[-51.8731,-23.2878],[-51.8786,-23.2978],[-51.8923,-23.3049],[-51.8964,-23.2978],[-51.9066,-23.2901],[-51.9238,-23.2869],[-51.9344,-23.2737],[-51.9431,-23.2701],[-51.9394,-23.2639],[-51.9502,-23.2633],[-51.9531,-23.2585],[-51.9657,-23.2539],[-51.9692,-23.2625],[-51.9658,-23.2704],[-51.9778,-23.2818],[-51.9775,-23.2967],[-51.9865,-23.2968],[-51.9923,-23.3083],[-52.0066,-23.3107],[-52.014,-23.3163],[-52.0227,-23.3164],[-52.0289,-23.3247],[-52.0411,-23.3249],[-52.0499,-23.3394],[-52.0651,-23.3391],[-52.0767,-23.3473],[-52.0822,-23.3619],[-52.0725,-23.3682],[-52.0743,-23.377],[-52.0814,-23.3891],[-52.0884,-23.391],[-52.095,-23.4003],[-52.074,-23.4105],[-52.0549,-23.4175],[-52.0479,-23.4227],[-52.045,-23.4394],[-52.0065,-23.4549],[-52.0194,-23.4665],[-52.0296,-23.4685],[-52.0423,-23.4675],[-52.0588,-23.4762],[-52.0705,-23.4842],[-52.087,-23.5065],[-52.0849,-23.5155],[-52.1003,-23.5196],[-52.1003,-23.5197],[-51.9998,-23.5566],[-51.9948,-23.5474],[-51.9817,-23.5369],[-51.9812,-23.5162],[-51.9704,-23.5207],[-51.9684,-23.508],[-51.9618,-23.5058],[-51.9591,-23.4976],[-51.9486,-23.4851],[-51.9301,-23.4758],[-51.9174,-23.4788],[-51.9115,-23.4771],[-51.9057,-23.4766],[-51.9047,-23.4594],[-51.8893,-23.4417],[-51.8817,-23.4254],[-51.8757,-23.4174],[-51.8638,-23.4161],[-51.8481,-23.4103],[-51.8425,-23.4004],[-51.843,-23.3937],[-51.8445,-23.3826],[-51.8396,-23.3724],[-51.8432,-23.3664],[-51.8393,-23.3591],[-51.8507,-23.3367],[-51.8464,-23.3279],[-51.8395,-23.3253],[-51.8366,-23.3171],[-51.8422,-23.3114],[-51.8524,-23.3171],[-51.855,-23.3074],[-51.8639,-23.3022],[-51.8708,-23.3037],[-51.8685,-23.288]]]}},{"type":"Feature","properties":{"codarea":"4119905"},"geometry":{"type":"Polygon","coordinates":[[[-49.8197,-25.2701],[-49.8299,-25.261],[-49.8431,-25.2541],[-49.8504,-25.2407],[-49.8492,-25.2339],[-49.8321,-25.2253],[-49.8159,-25.2253],[-49.8099,-25.2166],[-49.7977,-25.2134],[-49.794,-25.2003],[-49.7809,-25.1941],[-49.773,-25.1954],[-49.7557,-25.2166],[-49.7459,-25.2212],[-49.7353,-25.2206],[-49.7308,-25.2244],[-49.7122,-25.2174],[-49.7111,-25.2099],[-49.7,-25.1978],[-49.6929,-25.1945],[-49.6814,-25.1778],[-49.6827,-25.1653],[-49.705,-25.1473],[-49.7066,-25.1397],[-49.7245,-25.1348],[-49.7316,-25.1272],[-49.7282,-25.1216],[-49.7296,-25.1088],[-49.7396,-25.1023],[-49.7364,-25.0859],[-49.7428,-25.0792],[-49.7334,-25.0592],[-49.7223,-25.064],[-49.7131,-25.0551],[-49.7164,-25.051],[-49.7086,-25.0423],[-49.7115,-25.0345],[-49.7049,-25.0291],[-49.7201,-25.0337],[-49.7262,-25.0383],[-49.7509,-25.0381],[-49.7568,-25.0462],[-49.7681,-25.0409],[-49.7725,-25.052],[-49.7869,-25.0557],[-49.8015,-25.0481],[-49.8069,-25.0535],[-49.805,-25.0694],[-49.8162,-25.0658],[-49.817,-25.0611],[-49.8313,-25.0498],[-49.8331,-25.0378],[-49.85,-25.0431],[-49.8601,-25.038],[-49.8751,-25.0361],[-49.8922,-25.0416],[-49.9142,-25.0559],[-49.9209,-25.0578],[-49.9382,-25.0724],[-49.9578,-25.0694],[-49.9727,-25.0646],[-49.9745,-25.0493],[-49.9716,-25.0359],[-49.9747,-25.0225],[-49.9787,-25.021],[-49.9847,-25.0245],[-50.0004,-25.0064],[-50.0188,-25.0102],[-50.0223,-25.0013],[-50.0332,-24.9938],[-50.0567,-24.9896],[-50.0659,-24.9906],[-50.074,-24.9969],[-50.1076,-25.0012],[-50.125,-25.0108],[-50.14,-25.0087],[-50.1515,-25.0105],[-50.1498,-25.002],[-50.1589,-24.9962],[-50.1596,-24.9841],[-50.1708,-24.9739],[-50.1776,-24.9634],[-50.1875,-24.9623],[-50.1937,-24.9576],[-50.2066,-24.954],[-50.2099,-24.9599],[-50.2204,-24.9607],[-50.2467,-24.9558],[-50.254,-24.9495],[-50.2669,-24.9338],[-50.2758,-24.9323],[-50.3016,-24.9237],[-50.3139,-24.9093],[-50.3159,-24.9001],[-50.3233,-24.8924],[-50.3261,-24.9001],[-50.3386,-24.8934],[-50.3468,-24.9075],[-50.3619,-24.9131],[-50.3615,-24.9224],[-50.3657,-24.927],[-50.3792,-24.924],[-50.3778,-24.9388],[-50.3995,-24.9389],[-50.386,-24.9528],[-50.3915,-24.9568],[-50.4029,-24.9584],[-50.4141,-24.9628],[-50.406,-24.9702],[-50.3912,-24.9795],[-50.3964,-24.9901],[-50.4112,-24.9895],[-50.4168,-25.0048],[-50.4303,-25.0043],[-50.4311,-25.0146],[-50.4429,-25.0157],[-50.4561,-25.0097],[-50.4587,-25.0129],[-50.4506,-25.0288],[-50.442,-25.021],[-50.4324,-25.0428],[-50.4248,-25.0394],[-50.4138,-25.0298],[-50.4063,-25.0381],[-50.4158,-25.0462],[-50.4073,-25.0486],[-50.402,-25.0561],[-50.4129,-25.069],[-50.4082,-25.0748],[-50.4007,-25.065],[-50.3848,-25.0632],[-50.394,-25.0797],[-50.3767,-25.0855],[-50.3706,-25.097],[-50.3693,-25.1047],[-50.3501,-25.1157],[-50.3409,-25.123],[-50.3331,-25.125],[-50.329,-25.1321],[-50.3221,-25.1352],[-50.3114,-25.1328],[-50.2989,-25.1407],[-50.2883,-25.1336],[-50.2735,-25.1465],[-50.2769,-25.1536],[-50.2738,-25.1592],[-50.2743,-25.1877],[-50.2671,-25.1909],[-50.2618,-25.1988],[-50.2659,-25.204],[-50.2805,-25.2118],[-50.2668,-25.2369],[-50.2713,-25.2477],[-50.2705,-25.2723],[-50.2727,-25.285],[-50.2761,-25.2886],[-50.2674,-25.3007],[-50.2542,-25.3046],[-50.2457,-25.3105],[-50.2494,-25.33],[-50.2545,-25.3351],[-50.2451,-25.3445],[-50.2498,-25.3532],[-50.2407,-25.3663],[-50.2449,-25.3773],[-50.235,-25.3859],[-50.2187,-25.3874],[-50.1999,-25.3829],[-50.179,-25.37],[-50.1708,-25.375],[-50.1632,-25.3751],[-50.1591,-25.3609],[-50.1512,-25.3472],[-50.1395,-25.338],[-50.1269,-25.3397],[-50.1173,-25.336],[-50.1053,-25.3227],[-50.0877,-25.3157],[-50.0806,-25.3077],[-50.0881,-25.3049],[-50.0835,-25.2891],[-50.0919,-25.2801],[-50.0763,-25.2624],[-50.0718,-25.2527],[-50.0556,-25.2626],[-50.0576,-25.2685],[-50.0465,-25.2755],[-50.0462,-25.282],[-50.0333,-25.3021],[-50.0223,-25.3072],[-50.0116,-25.301],[-50.0051,-25.3077],[-49.991,-25.3122],[-49.9833,-25.3214],[-49.9715,-25.3141],[-49.9672,-25.3232],[-49.9537,-25.3235],[-49.951,-25.3291],[-49.9415,-25.328],[-49.9384,-25.321],[-49.9275,-25.3176],[-49.9248,-25.3108],[-49.9142,-25.3094],[-49.8866,-25.2959],[-49.8814,-25.2982],[-49.8625,-25.2836],[-49.8463,-25.2908],[-49.8376,-25.2787],[-49.8197,-25.2701]]]}},{"type":"Feature","properties":{"codarea":"4202404"},"geometry":{"type":"Polygon","coordinates":[[[-49.0572,-27.0615],[-49.0647,-27.0552],[-49.0648,-27.0421],[-49.0541,-27.034],[-49.0538,-27.0274],[-49.0595,-27.0158],[-49.0564,-27.0087],[-49.0563,-26.9936],[-49.0521,-26.994],[-49.0419,-26.9859],[-49.0412,-26.9767],[-49.0474,-26.9644],[-49.0575,-26.9547],[-49.0544,-26.9484],[-49.0316,-26.9304],[-49.0173,-26.9153],[-49.0123,-26.9069],[-49.0165,-26.9005],[-49.0442,-26.8778],[-49.0445,-26.8695],[-49.0403,-26.8633],[-49.0434,-26.8497],[-49.0387,-26.8389],[-49.0425,-26.828],[-49.0489,-26.8248],[-49.0457,-26.8123],[-49.0495,-26.81],[-49.0504,-26.7886],[-49.0551,-26.7819],[-49.0459,-26.776],[-49.0303,-26.7784],[-49.0362,-26.7725],[-49.0424,-26.7655],[-49.0435,-26.7549],[-49.05,-26.7428],[-49.0403,-26.7352],[-49.0401,-26.7285],[-49.0483,-26.7194],[-49.0492,-26.7093],[-49.0356,-26.6996],[-49.0251,-26.6853],[-49.0182,-26.6846],[-49.032,-26.6616],[-49.0493,-26.6506],[-49.059,-26.6539],[-49.0889,-26.6554],[-49.1018,-26.6596],[-49.1136,-26.6526],[-49.1139,-26.6423],[-49.1102,-26.6308],[-49.1136,-26.626],[-49.1142,-26.6131],[-49.1303,-26.6221],[-49.13,-26.6355],[-49.1273,-26.6468],[-49.1332,-26.6514],[-49.1276,-26.68],[-49.1225,-26.6848],[-49.1331,-26.6943],[-49.1327,-26.7089],[-49.1234,-26.7083],[-49.1179,-26.7225],[-49.111,-26.722],[-49.1139,-26.7342],[-49.1103,-26.7438],[-49.1179,-26.7453],[-49.1249,-26.7513],[-49.1235,-26.7613],[-49.1258,-26.772],[-49.1194,-26.7851],[-49.1229,-26.8025],[-49.1283,-26.8103],[-49.124,-26.8199],[-49.1277,-26.8326],[-49.1635,-26.838],[-49.1655,-26.8355],[-49.1827,-26.8354],[-49.191,-26.8406],[-49.198,-26.8363],[-49.1945,-26.8551],[-49.1742,-26.8693],[-49.1799,-26.8773],[-49.1601,-26.8856],[-49.1526,-26.8955],[-49.1655,-26.895],[-49.1646,-26.9044],[-49.1735,-26.9047],[-49.1767,-26.9176],[-49.169,-26.9311],[-49.1631,-26.9345],[-49.1582,-26.9696],[-49.1621,-26.9777],[-49.1629,-26.9904],[-49.1569,-27.0048],[-49.1506,-27.0111],[-49.1365,-27.0147],[-49.1346,-27.0237],[-49.1279,-27.0322],[-49.1346,-27.0404],[-49.1306,-27.0564],[-49.1312,-27.0683],[-49.137,-27.0737],[-49.137,-27.0805],[-49.144,-27.094],[-49.1547,-27.0973],[-49.1546,-27.1196],[-49.1488,-27.1222],[-49.1385,-27.1325],[-49.1287,-27.1221],[-49.1174,-27.1245],[-49.1065,-27.1203],[-49.1031,-27.115],[-49.0951,-27.1157],[-49.0858,-27.1224],[-49.079,-27.1212],[-49.0663,-27.1099],[-49.0681,-27.1038],[-49.0585,-27.0989],[-49.0573,-27.0907],[-49.0603,-27.0685],[-49.0572,-27.0615]]]}},{"type":"Feature","properties":{"codarea":"4202909"},"geometry":{"type":"Polygon","coordinates":[[[-48.8658,-27.0034],[-48.8714,-26.9988],[-48.8874,-27.0026],[-48.8936,-27.0111],[-48.909,-27.0122],[-48.9141,-27.0207],[-48.926,-27.0194],[-48.9345,-27.0279],[-48.9283,-27.0431],[-48.9393,-27.0552],[-48.9399,-27.0615],[-48.9504,-27.0701],[-48.9521,-27.0882],[-48.9495,-27.0963],[-48.9585,-27.1112],[-48.9655,-27.1124],[-48.9797,-27.1234],[-48.9755,-27.1435],[-48.9999,-27.1473],[-49.0127,-27.1423],[-49.0197,-27.1574],[-49.0174,-27.1647],[-49.0067,-27.164],[-49.0043,-27.1568],[-48.9884,-27.1539],[-48.985,-27.1622],[-48.9769,-27.1692],[-48.9875,-27.1837],[-49.0073,-27.2008],[-49.0073,-27.2103],[-49.0114,-27.2222],[-49.007,-27.2321],[-49.0242,-27.2445],[-49.0193,-27.256],[-49.0094,-27.2489],[-48.9898,-27.2486],[-48.969,-27.2374],[-48.9612,-27.2263],[-48.9333,-27.212],[-48.9305,-27.2016],[-48.912,-27.197],[-48.9098,-27.1919],[-48.8996,-27.191],[-48.8945,-27.1841],[-48.8819,-27.1845],[-48.877,-27.176],[-48.87,-27.1754],[-48.86,-27.1637],[-48.8494,-27.1571],[-48.8422,-27.1562],[-48.8241,-27.1391],[-48.8124,-27.1346],[-48.8025,-27.1275],[-48.8055,-27.1226],[-48.7985,-27.1159],[-48.7976,-27.1038],[-48.7891,-27.0971],[-48.8064,-27.0901],[-48.8218,-27.0744],[-48.8336,-27.0736],[-48.8439,-27.0677],[-48.8548,-27.0519],[-48.8627,-27.0437],[-48.8624,-27.0332],[-48.8536,-27.0254],[-48.8643,-27.0201],[-48.8685,-27.0119],[-48.8658,-27.0034]]]}},{"type":"Feature","properties":{"codarea":"4203006"},"geometry":{"type":"Polygon","coordinates":[[[-51.1922,-26.8513],[-51.1839,-26.8332],[-51.1618,-26.834],[-51.1384,-26.8386],[-51.129,-26.8361],[-51.1261,-26.8414],[-51.1052,-26.8315],[-51.0945,-26.8395],[-51.0872,-26.8381],[-51.0765,-26.8419],[-51.0624,-26.8398],[-51.0497,-26.843],[-51.0467,-26.8533],[-51.0392,-26.8672],[-51.034,-26.8618],[-51.0257,-26.865],[-51.0072,-26.8633],[-51.0047,-26.8702],[-50.9909,-26.864],[-50.9825,-26.8699],[-50.9905,-26.8761],[-50.9873,-26.8806],[-50.9714,-26.8837],[-50.9738,-26.8935],[-50.9576,-26.8932],[-50.948,-26.8882],[-50.9407,-26.8894],[-50.9374,-26.8977],[-50.9265,-26.9021],[-50.9213,-26.8941],[-50.9128,-26.8956],[-50.9005,-26.8847],[-50.8864,-26.8837],[-50.8798,-26.8858],[-50.8747,-26.8778],[-50.846,-26.8729],[-50.851,-26.8528],[-50.8425,-26.84],[-50.8313,-26.8303],[-50.8292,-26.8181],[-50.8197,-26.8075],[-50.82,-26.7979],[-50.8083,-26.787],[-50.8039,-26.7787],[-50.7974,-26.7756],[-50.8001,-26.7685],[-50.817,-26.7629],[-50.829,-26.752],[-50.8438,-26.7466],[-50.8502,-26.7478],[-50.8504,-26.7321],[-50.8675,-26.7279],[-50.8857,-26.712],[-50.8978,-26.7124],[-50.897,-26.7069],[-50.909,-26.6968],[-50.9154,-26.697],[-50.9292,-26.6914],[-50.9211,-26.6823],[-50.9266,-26.6706],[-50.9459,-26.6718],[-50.9469,-26.6622],[-50.9576,-26.6577],[-50.9814,-26.654],[-50.9957,-26.6547],[-51.026,-26.6734],[-51.0277,-26.6821],[-51.0429,-26.6876],[-51.051,-26.7],[-51.0914,-26.6956],[-51.0999,-26.6969],[-51.1028,-26.7049],[-51.1121,-26.704],[-51.1189,-26.7082],[-51.1285,-26.7079],[-51.1453,-26.7004],[-51.1511,-26.6915],[-51.1705,-26.678],[-51.1799,-26.6841],[-51.1885,-26.678],[-51.1928,-26.6689],[-51.2014,-26.6761],[-51.2181,-26.678],[-51.2289,-26.6742],[-51.2326,-26.6687],[-51.2305,-26.6511],[-51.238,-26.6447],[-51.2389,-26.6279],[-51.2584,-26.6255],[-51.2626,-26.6336],[-51.2739,-26.6414],[-51.2835,-26.6424],[-51.2834,-26.6536],[-51.2945,-26.6559],[-51.3104,-26.6512],[-51.3213,-26.6568],[-51.3253,-26.6486],[-51.347,-26.6486],[-51.371,-26.66],[-51.3762,-26.6582],[-51.3911,-26.6632],[-51.4005,-26.6731],[-51.4023,-26.6796],[-51.3928,-26.6849],[-51.3929,-26.6989],[-51.4,-26.7122],[-51.4115,-26.7171],[-51.4117,-26.7209],[-51.3854,-26.7318],[-51.3792,-26.7369],[-51.3563,-26.7339],[-51.3391,-26.7342],[-51.3296,-26.7426],[-51.312,-26.7467],[-51.2929,-26.7613],[-51.2844,-26.7658],[-51.2724,-26.7677],[-51.2554,-26.7739],[-51.2522,-26.7883],[-51.2382,-26.8016],[-51.2361,-26.8228],[-51.2469,-26.8319],[-51.2594,-26.838],[-51.2674,-26.8467],[-51.2754,-26.8494],[-51.2817,-26.8591],[-51.2788,-26.8686],[-51.2844,-26.8738],[-51.2468,-26.8847],[-51.2318,-26.8751],[-51.2259,-26.8669],[-51.2194,-26.8672],[-51.2167,-26.8577],[-51.2038,-26.851],[-51.1922,-26.8513]]]}},{"type":"Feature","properties":{"codarea":"4204202"},"geometry":{"type":"Polygon","coordinates":[[[-52.5864,-27.0306],[-52.6102,-27.0355],[-52.6422,-26.9933],[-52.6709,-26.9931],[-52.675,-26.995],[-52.6861,-26.9885],[-52.6906,-26.9928],[-52.7142,-26.9851],[-52.7168,-26.9735],[-52.7212,-26.9692],[-52.7188,-26.9607],[-52.7369,-26.9493],[-52.7393,-26.9419],[-52.7467,-26.94],[-52.7577,-26.9419],[-52.7688,-26.9947],[-52.8214,-27.0185],[-52.8405,-27.018],[-52.8396,-27.0441],[-52.8273,-27.0433],[-52.8108,-27.0513],[-52.8041,-27.0475],[-52.7848,-27.0532],[-52.7793,-27.0531],[-52.7693,-27.0373],[-52.7701,-27.033],[-52.7598,-27.0143],[-52.7506,-27.0174],[-52.7447,-27.015],[-52.7294,-27.0214],[-52.7293,-27.0265],[-52.7219,-27.04],[-52.7352,-27.0642],[-52.7297,-27.0806],[-52.7321,-27.0843],[-52.7075,-27.0961],[-52.7063,-27.105],[-52.7105,-27.1183],[-52.7162,-27.1261],[-52.7149,-27.1312],[-52.723,-27.1375],[-52.7222,-27.1532],[-52.7356,-27.1675],[-52.7454,-27.167],[-52.7517,-27.1788],[-52.749,-27.1906],[-52.7572,-27.1918],[-52.7755,-27.1871],[-52.7859,-27.1928],[-52.7855,-27.206],[-52.7748,-27.2075],[-52.7605,-27.2132],[-52.7583,-27.2256],[-52.7631,-27.2384],[-52.763,-27.2492],[-52.7563,-27.2584],[-52.7488,-27.26],[-52.7392,-27.2544],[-52.734,-27.2427],[-52.727,-27.236],[-52.7138,-27.2377],[-52.7063,-27.2561],[-52.7072,-27.2708],[-52.7035,-27.2793],[-52.6915,-27.2844],[-52.6861,-27.2813],[-52.6774,-27.2628],[-52.6764,-27.2457],[-52.6676,-27.2378],[-52.6553,-27.2415],[-52.6449,-27.2617],[-52.6332,-27.2655],[-52.6179,-27.2657],[-52.6054,-27.2611],[-52.5936,-27.2503],[-52.5827,-27.2467],[-52.5665,-27.2493],[-52.5529,-27.2393],[-52.5446,-27.2406],[-52.5442,-27.2346],[-52.5374,-27.2304],[-52.5441,-27.2215],[-52.5359,-27.218],[-52.5349,-27.2109],[-52.5246,-27.2082],[-52.5207,-27.2035],[-52.52,-27.1903],[-52.5261,-27.1807],[-52.5197,-27.1784],[-52.5239,-27.166],[-52.5073,-27.1595],[-52.5174,-27.1474],[-52.4889,-27.1423],[-52.4892,-27.1341],[-52.5013,-27.1275],[-52.5052,-27.1173],[-52.5,-27.1121],[-52.4893,-27.1142],[-52.4812,-27.111],[-52.5088,-27.0938],[-52.5221,-27.0824],[-52.5332,-27.0757],[-52.5388,-27.0784],[-52.5455,-27.0694],[-52.5517,-27.0713],[-52.5622,-27.0603],[-52.5604,-27.0516],[-52.5695,-27.0517],[-52.5731,-27.0386],[-52.5864,-27.0306]]]}},{"type":"Feature","properties":{"codarea":"4204608"},"geometry":{"type":"Polygon","coordinates":[[[-49.3979,-28.8336],[-49.3515,-28.8552],[-49.3571,-28.7553],[-49.3355,-28.7544],[-49.3313,-28.7176],[-49.3326,-28.6792],[-49.3188,-28.68],[-49.3061,-28.677],[-49.2925,-28.6801],[-49.2744,-28.6801],[-49.263,-28.6747],[-49.2436,-28.6746],[-49.2643,-28.6554],[-49.2844,-28.6463],[-49.2937,-28.6384],[-49.3054,-28.644],[-49.3323,-28.6396],[-49.3343,-28.6443],[-49.3482,-28.643],[-49.3588,-28.6366],[-49.3693,-28.6342],[-49.383,-28.6338],[-49.4024,-28.6369],[-49.4517,-28.6339],[-49.4549,-28.6625],[-49.4645,-28.6748],[-49.4596,-28.6811],[-49.4705,-28.6922],[-49.4765,-28.7127],[-49.4232,-28.7129],[-49.4128,-28.7255],[-49.4067,-28.7378],[-49.4181,-28.7519],[-49.4217,-28.7504],[-49.4333,-28.7577],[-49.4208,-28.806],[-49.4249,-28.8145],[-49.3979,-28.8336]]]}},{"type":"Feature","properties":{"codarea":"4205407"},"geometry":{"type":"MultiPolygon","coordinates":[[[[-48.5766,-27.844],[-48.5662,-27.8338],[-48.5583,-27.8374],[-48.5425,-27.8277],[-48.5404,-27.8151],[-48.5352,-27.8072],[-48.5343,-27.7958],[-48.5253,-27.7852],[-48.5176,-27.7815],[-48.5067,-27.7835],[-48.508,-27.7896],[-48.4978,-27.795],[-48.4883,-27.7907],[-48.4831,-27.7833],[-48.4882,-27.7785],[-48.4848,-27.7714],[-48.4774,-27.7674],[-48.4782,-27.7619],[-48.4883,-27.7553],[-48.4973,-27.7565],[-48.5075,-27.7443],[-48.5055,-27.724],[-48.4958,-27.7041],[-48.481,-27.6899],[-48.477,-27.6704],[-48.4673,-27.6512],[-48.4443,-27.6235],[-48.4319,-27.6153],[-48.4358,-27.6076],[-48.4273,-27.5938],[-48.4177,-27.5892],[-48.4208,-27.5742],[-48.4283,-27.5685],[-48.4293,-27.5552],[-48.4194,-27.5284],[-48.4064,-27.5071],[-48.3942,-27.4923],[-48.3818,-27.4815],[-48.3736,-27.4717],[-48.3771,-27.4648],[-48.3707,-27.4499],[-48.3618,-27.4483],[-48.3588,-27.4406],[-48.3664,-27.4331],[-48.3697,-27.443],[-48.3768,-27.4435],[-48.3891,-27.4375],[-48.3956,-27.4307],[-48.404,-27.415],[-48.4061,-27.4052],[-48.4117,-27.4051],[-48.4143,-27.3948],[-48.4111,-27.3842],[-48.4172,-27.3806],[-48.4835,-27.3783],[-48.5164,-27.3998],[-48.5263,-27.4083],[-48.5328,-27.4276],[-48.5408,-27.4358],[-48.5525,-27.4418],[-48.5823,-27.4518],[-48.5849,-27.4548],[-48.5817,-27.4663],[-48.5908,-27.4835],[-48.5894,-27.4939],[-48.5787,-27.5067],[-48.5762,-27.5172],[-48.5782,-27.5263],[-48.5748,-27.5392],[-48.5697,-27.5487],[-48.5971,-27.5703],[-48.6063,-27.5891],[-48.6048,-27.6001],[-48.6133,-27.6184],[-48.6084,-27.6317],[-48.5943,-27.6426],[-48.6027,-27.6626],[-48.6038,-27.6742],[-48.5993,-27.6903],[-48.5978,-27.7124],[-48.6016,-27.7186],[-48.5987,-27.7357],[-48.588,-27.7519],[-48.5984,-27.7633],[-48.5955,-27.7697],[-48.6018,-27.778],[-48.5994,-27.7842],[-48.5916,-27.7892],[-48.5934,-27.8014],[-48.5903,-27.8105],[-48.5844,-27.8145],[-48.577,-27.8258],[-48.5766,-27.844]]],[[[-48.3697,-27.2711],[-48.3771,-27.2835],[-48.3709,-27.284],[-48.366,-27.2958],[-48.3585,-27.2927],[-48.3592,-27.2742],[-48.3697,-27.2711]]]]}},{"type":"Feature","properties":{"codarea":"4208203"},"geometry":{"type":"Polygon","coordinates":[[[-48.6422,-26.9127],[-48.6566,-26.9015],[-48.6671,-26.8983],[-48.6693,-26.8919],[-48.6666,-26.8828],[-48.6736,-26.8816],[-48.6826,-26.8865],[-48.6903,-26.8837],[-48.6881,-26.8709],[-48.6912,-26.8651],[-48.6997,-26.8639],[-48.711,-26.875],[-48.7235,-26.875],[-48.726,-26.8649],[-48.7192,-26.8538],[-48.721,-26.8423],[-48.7307,-26.8382],[-48.7364,-26.85],[-48.7451,-26.8571],[-48.7598,-26.8552],[-48.7625,-26.8583],[-48.763,-26.8871],[-48.7773,-26.9009],[-48.786,-26.9146],[-48.763,-26.9339],[-48.7606,-26.9423],[-48.7752,-26.9543],[-48.7866,-26.9548],[-48.7994,-26.9666],[-48.8185,-26.9664],[-48.8432,-26.9636],[-48.8559,-26.9916],[-48.8658,-27.0034],[-48.8685,-27.0119],[-48.8643,-27.0201],[-48.8536,-27.0254],[-48.8624,-27.0332],[-48.8627,-27.0437],[-48.8548,-27.0519],[-48.8439,-27.0677],[-48.8336,-27.0736],[-48.8218,-27.0744],[-48.8064,-27.0901],[-48.7891,-27.0971],[-48.7842,-27.0955],[-48.7836,-27.0852],[-48.7762,-27.0767],[-48.7778,-27.0627],[-48.7758,-27.0554],[-48.7661,-27.0558],[-48.7614,-27.0444],[-48.7534,-27.0384],[-48.7543,-27.0296],[-48.748,-27.0233],[-48.7363,-27.0181],[-48.7219,-27.0148],[-48.7133,-27.0069],[-48.7129,-26.9976],[-48.6848,-26.9717],[-48.6829,-26.9728],[-48.6728,-26.9658],[-48.6633,-26.9627],[-48.6549,-26.9643],[-48.6483,-26.9586],[-48.6372,-26.9542],[-48.6283,-26.9601],[-48.6282,-26.9422],[-48.6246,-26.9284],[-48.6305,-26.9294],[-48.6417,-26.9188],[-48.6422,-26.9127]]]}},{"type":"Feature","properties":{"codarea":"4209003"},"geometry":{"type":"Polygon","coordinates":[[[-51.54,-27.2378],[-51.5323,-27.228],[-51.5312,-27.2174],[-51.5358,-27.2083],[-51.5275,-27.2019],[-51.5137,-27.2079],[-51.5088,-27.2038],[-51.5097,-27.1944],[-51.5038,-27.1902],[-51.5021,-27.1754],[-51.49,-27.1646],[-51.4803,-27.1618],[-51.4825,-27.1531],[-51.4804,-27.1451],[-51.4974,-27.1382],[-51.5121,-27.1355],[-51.5267,-27.1251],[-51.5345,-27.1227],[-51.5567,-27.1087],[-51.5562,-27.1017],[-51.5686,-27.092],[-51.5724,-27.0836],[-51.5912,-27.0788],[-51.5997,-27.0676],[-51.6002,-27.0516],[-51.6045,-27.0458],[-51.6186,-27.0409],[-51.6258,-27.0492],[-51.6263,-27.0629],[-51.636,-27.0673],[-51.6324,-27.0759],[-51.6401,-27.0812],[-51.65,-27.098],[-51.6588,-27.1055],[-51.6609,-27.1126],[-51.6765,-27.1166],[-51.6841,-27.1243],[-51.6856,-27.1343],[-51.6805,-27.1474],[-51.6817,-27.1545],[-51.6922,-27.1531],[-51.6879,-27.1648],[-51.6855,-27.1834],[-51.6735,-27.1979],[-51.6649,-27.2023],[-51.6565,-27.2016],[-51.6338,-27.2038],[-51.6226,-27.2068],[-51.6145,-27.2152],[-51.5989,-27.2195],[-51.5912,-27.2239],[-51.5644,-27.2285],[-51.5582,-27.2353],[-51.5482,-27.2344],[-51.54,-27.2378]]]}},{"type":"Feature","properties":{"codarea":"4209102"},"geometry":{"type":"Polygon","coordinates":[[[-48.7837,-26.1531],[-48.7937,-26.1316],[-48.8167,-26.1289],[-48.8283,-26.1231],[-48.9752,-26.1252],[-49.042,-26.114],[-49.0467,-26.1113],[-49.048,-26.0993],[-49.0462,-26.0892],[-49.0569,-26.076],[-49.0733,-26.0749],[-49.0752,-26.0796],[-49.091,-26.0897],[-49.1,-26.0885],[-49.1241,-26.103],[-49.1268,-26.0997],[-49.1395,-26.1093],[-49.1408,-26.1175],[-49.1513,-26.1118],[-49.1589,-26.1144],[-49.1605,-26.1328],[-49.1695,-26.1326],[-49.1791,-26.1418],[-49.1891,-26.1454],[-49.1779,-26.1595],[-49.1832,-26.166],[-49.1721,-26.1691],[-49.1683,-26.1881],[-49.1696,-26.1999],[-49.1764,-26.2079],[-49.1829,-26.2014],[-49.191,-26.2002],[-49.198,-26.2068],[-49.2026,-26.2202],[-49.1955,-26.2212],[-49.186,-26.2166],[-49.1693,-26.221],[-49.1694,-26.2371],[-49.1759,-26.258],[-49.163,-26.2745],[-49.1628,-26.2838],[-49.1517,-26.3028],[-49.1434,-26.3035],[-49.1447,-26.3162],[-49.1369,-26.314],[-49.1227,-26.3032],[-49.1179,-26.3039],[-49.1109,-26.2947],[-49.1025,-26.2962],[-49.1067,-26.3179],[-49.0992,-26.3258],[-49.0859,-26.3202],[-49.0831,-26.3107],[-49.086,-26.3023],[-49.0828,-26.295],[-49.0631,-26.2901],[-49.0512,-26.2804],[-49.0407,-26.2678],[-49.0328,-26.2616],[-49.0286,-26.2721],[-49.0412,-26.2788],[-49.054,-26.29],[-49.0523,-26.2964],[-49.0593,-26.302],[-49.0631,-26.3129],[-49.0482,-26.307],[-49.0388,-26.3084],[-49.0348,-26.314],[-49.0272,-26.3071],[-49.0195,-26.3108],[-49.0054,-26.3086],[-48.9961,-26.3122],[-49.0122,-26.3264],[-49.0207,-26.3507],[-49.0166,-26.3599],[-49.0037,-26.3677],[-49.0056,-26.3747],[-49.0036,-26.3891],[-48.9905,-26.3894],[-48.9755,-26.3952],[-48.9538,-26.4069],[-48.9507,-26.4119],[-48.9305,-26.4212],[-48.9253,-26.4181],[-48.9209,-26.3917],[-48.9235,-26.3805],[-48.9063,-26.3735],[-48.8963,-26.3749],[-48.8756,-26.3826],[-48.8754,-26.389],[-48.8564,-26.4114],[-48.8539,-26.4223],[-48.8423,-26.4337],[-48.8391,-26.4407],[-48.8348,-26.4482],[-48.8261,-26.4463],[-48.8228,-26.4393],[-48.8037,-26.4188],[-48.8125,-26.4164],[-48.8229,-26.4098],[-48.8234,-26.4004],[-48.8082,-26.3916],[-48.8074,-26.3758],[-48.8005,-26.3671],[-48.7875,-26.3646],[-48.765,-26.352],[-48.7567,-26.3614],[-48.7359,-26.3578],[-48.7305,-26.3479],[-48.7237,-26.3429],[-48.7269,-26.3321],[-48.7332,-26.3229],[-48.7435,-26.3157],[-48.7572,-26.2939],[-48.7399,-26.2864],[-48.7415,-26.2609],[-48.7462,-26.2485],[-48.7569,-26.2344],[-48.764,-26.2149],[-48.7627,-26.2071],[-48.7561,-26.2027],[-48.7598,-26.1894],[-48.7837,-26.1531]]]}},{"type":"Feature","properties":{"codarea":"4209300"},"geometry":{"type":"Polygon","coordinates":[[[-50.0666,-27.8112],[-50.0768,-27.7926],[-50.0771,-27.7828],[-50.0633,-27.775],[-50.0466,-27.7744],[-50.0406,-27.7606],[-50.0313,-27.7567],[-50.0272,-27.7347],[-50.0317,-27.7236],[-50.0312,-27.7138],[-50.0253,-27.7068],[-50.0288,-27.7008],[-50.0222,-27.6837],[-50.0126,-27.6723],[-50.0023,-27.6745],[-50.0042,-27.6651],[-49.9994,-27.66],[-49.9997,-27.6407],[-50.0092,-27.6318],[-50.0223,-27.6338],[-50.0203,-27.6159],[-50.013,-27.6065],[-50.016,-27.602],[-50.0275,-27.5969],[-50.0296,-27.5926],[-50.018,-27.5865],[-50.0127,-27.5776],[-50.0185,-27.5703],[-50.0274,-27.5707],[-50.0325,-27.5833],[-50.0401,-27.5854],[-50.0465,-27.5786],[-50.0474,-27.5905],[-50.0572,-27.6113],[-50.0683,-27.6271],[-50.0738,-27.6233],[-50.0804,-27.6274],[-50.0909,-27.6466],[-50.104,-27.6666],[-50.1046,-27.6759],[-50.1137,-27.6787],[-50.1254,-27.6912],[-50.1346,-27.6967],[-50.1379,-27.703],[-50.1469,-27.6652],[-50.1508,-27.6529],[-50.1616,-27.661],[-50.1669,-27.6609],[-50.1845,-27.6521],[-50.1837,-27.6423],[-50.1943,-27.6327],[-50.2488,-27.659],[-50.2646,-27.6722],[-50.2731,-27.6759],[-50.3102,-27.678],[-50.3106,-27.6838],[-50.3052,-27.6956],[-50.2979,-27.7],[-50.296,-27.7083],[-50.3036,-27.7222],[-50.3035,-27.7314],[-50.309,-27.7486],[-50.3267,-27.7497],[-50.3397,-27.7429],[-50.3557,-27.7383],[-50.3667,-27.747],[-50.3755,-27.7418],[-50.3773,-27.7343],[-50.39,-27.73],[-50.3908,-27.7423],[-50.3971,-27.7505],[-50.4064,-27.7527],[-50.4245,-27.7629],[-50.4271,-27.7688],[-50.4478,-27.7742],[-50.452,-27.7705],[-50.4668,-27.7727],[-50.4703,-27.7689],[-50.4807,-27.7715],[-50.4926,-27.7698],[-50.4952,-27.7766],[-50.5032,-27.7833],[-50.5134,-27.7869],[-50.5225,-27.7784],[-50.5295,-27.7764],[-50.5246,-27.7659],[-50.5424,-27.7653],[-50.5412,-27.7526],[-50.5538,-27.7556],[-50.5548,-27.7496],[-50.5456,-27.743],[-50.5531,-27.7267],[-50.5624,-27.729],[-50.5784,-27.7217],[-50.5746,-27.7152],[-50.5852,-27.714],[-50.5947,-27.709],[-50.6027,-27.7268],[-50.6172,-27.7247],[-50.6238,-27.719],[-50.6284,-27.7077],[-50.6395,-27.7144],[-50.6445,-27.7262],[-50.634,-27.7375],[-50.635,-27.7605],[-50.6255,-27.7571],[-50.6254,-27.7742],[-50.6303,-27.7861],[-50.6236,-27.7872],[-50.6085,-27.795],[-50.6107,-27.8212],[-50.6051,-27.8329],[-50.5865,-27.8355],[-50.5654,-27.849],[-50.5563,-27.8588],[-50.5523,-27.8559],[-50.5441,-27.8693],[-50.5323,-27.8747],[-50.5165,-27.8732],[-50.4789,-27.8628],[-50.4674,-27.8558],[-50.464,-27.8629],[-50.4555,-27.8668],[-50.444,-27.8623],[-50.4371,-27.8738],[-50.4299,-27.868],[-50.4091,-27.87],[-50.4024,-27.8757],[-50.3937,-27.8759],[-50.3893,-27.8827],[-50.3824,-27.8803],[-50.3796,-27.8901],[-50.3732,-27.8991],[-50.3728,-27.9071],[-50.3647,-27.9136],[-50.3548,-27.926],[-50.3661,-27.9307],[-50.3726,-27.9537],[-50.37,-27.9591],[-50.3743,-27.9656],[-50.3923,-27.9708],[-50.4033,-27.9765],[-50.3992,-27.9844],[-50.4041,-27.9941],[-50.4139,-28.0059],[-50.3899,-28.0194],[-50.3898,-28.0258],[-50.4007,-28.0466],[-50.4076,-28.0511],[-50.4186,-28.047],[-50.4384,-28.0725],[-50.4478,-28.0816],[-50.4628,-28.0844],[-50.4732,-28.0835],[-50.4856,-28.0965],[-50.4995,-28.1041],[-50.5027,-28.1169],[-50.5222,-28.1295],[-50.5249,-28.1383],[-50.5172,-28.1452],[-50.5227,-28.1503],[-50.5186,-28.1713],[-50.5102,-28.1803],[-50.5095,-28.1907],[-50.5137,-28.2096],[-50.5188,-28.2196],[-50.5282,-28.2171],[-50.5401,-28.2236],[-50.5358,-28.2337],[-50.5462,-28.2364],[-50.5415,-28.2423],[-50.5446,-28.2508],[-50.5609,-28.2515],[-50.5613,-28.2585],[-50.5723,-28.2616],[-50.5793,-28.2735],[-50.5851,-28.2771],[-50.5886,-28.266],[-50.6045,-28.2778],[-50.6133,-28.2787],[-50.6148,-28.2842],[-50.6282,-28.2863],[-50.6311,-28.2966],[-50.6428,-28.2891],[-50.6531,-28.2929],[-50.6732,-28.2836],[-50.6636,-28.2704],[-50.6681,-28.2656],[-50.6649,-28.2561],[-50.6766,-28.2586],[-50.6871,-28.2699],[-50.6956,-28.2699],[-50.6952,-28.2885],[-50.6776,-28.3],[-50.6649,-28.3128],[-50.6586,-28.3258],[-50.6652,-28.3379],[-50.6455,-28.3483],[-50.6288,-28.364],[-50.6333,-28.3789],[-50.6257,-28.3921],[-50.6139,-28.3936],[-50.6046,-28.3881],[-50.6009,-28.3822],[-50.5932,-28.3816],[-50.5765,-28.3943],[-50.5694,-28.4034],[-50.5654,-28.4132],[-50.5506,-28.4201],[-50.5442,-28.4275],[-50.5309,-28.4286],[-50.5282,-28.4232],[-50.5316,-28.4078],[-50.5284,-28.4041],[-50.5136,-28.4046],[-50.5011,-28.4125],[-50.4704,-28.4149],[-50.4569,-28.4107],[-50.4493,-28.4215],[-50.4359,-28.431],[-50.4248,-28.4333],[-50.4174,-28.4233],[-50.4067,-28.4244],[-50.4038,-28.4128],[-50.4072,-28.399],[-50.4041,-28.3922],[-50.3908,-28.3896],[-50.3855,-28.3853],[-50.381,-28.3752],[-50.3698,-28.3724],[-50.3675,-28.38],[-50.34,-28.3825],[-50.3334,-28.3797],[-50.3362,-28.3679],[-50.3198,-28.3628],[-50.3138,-28.3552],[-50.2883,-28.346],[-50.2813,-28.3498],[-50.2715,-28.343],[-50.2654,-28.3305],[-50.279,-28.3221],[-50.2787,-28.3122],[-50.2711,-28.31],[-50.2527,-28.3152],[-50.2562,-28.3067],[-50.2309,-28.3014],[-50.2322,-28.2949],[-50.2444,-28.2895],[-50.2446,-28.274],[-50.2483,-28.2645],[-50.2458,-28.2575],[-50.2299,-28.259],[-50.2169,-28.2511],[-50.2288,-28.2431],[-50.227,-28.2346],[-50.2182,-28.2364],[-50.2178,-28.2219],[-50.2321,-28.2194],[-50.2182,-28.2072],[-50.2022,-28.2061],[-50.2012,-28.2132],[-50.1916,-28.218],[-50.1824,-28.2072],[-50.1694,-28.1968],[-50.1801,-28.1943],[-50.1816,-28.1896],[-50.1711,-28.1851],[-50.182,-28.1767],[-50.1875,-28.1685],[-50.1739,-28.1612],[-50.1754,-28.1526],[-50.1898,-28.1396],[-50.1958,-28.1249],[-50.1983,-28.0992],[-50.1918,-28.0893],[-50.1997,-27.9932],[-50.1946,-27.9859],[-50.1979,-27.9759],[-50.1951,-27.9632],[-50.1893,-27.9566],[-50.182,-27.9373],[-50.1937,-27.9186],[-50.2045,-27.9105],[-50.2132,-27.8967],[-50.2131,-27.8772],[-50.2035,-27.8654],[-50.1781,-27.8652],[-50.1691,-27.869],[-50.1625,-27.861],[-50.1432,-27.8584],[-50.1374,-27.8535],[-50.1313,-27.8586],[-50.1254,-27.8555],[-50.1076,-27.8573],[-50.082,-27.8438],[-50.0675,-27.8298],[-50.0666,-27.8112]]]}},{"type":"Feature","properties":{"codarea":"4218707"},"geometry":{"type":"Polygon","coordinates":[[[-49.0301,-28.5499],[-49.0262,-28.5358],[-49.0186,-28.5335],[-49.0089,-28.5414],[-49.0047,-28.5507],[-48.9938,-28.5586],[-48.9752,-28.558],[-48.9713,-28.5526],[-48.9639,-28.5625],[-48.9713,-28.5715],[-48.9617,-28.5753],[-48.9594,-28.5818],[-48.945,-28.5944],[-48.9038,-28.5328],[-48.9234,-28.5127],[-48.9404,-28.5074],[-48.9542,-28.4854],[-48.9692,-28.4733],[-48.9735,-28.4655],[-48.9814,-28.4627],[-48.9676,-28.4447],[-48.9677,-28.4334],[-48.979,-28.422],[-49.0107,-28.4169],[-49.0199,-28.4115],[-49.024,-28.4014],[-49.0414,-28.3996],[-49.0451,-28.404],[-49.0547,-28.4019],[-49.06,-28.3924],[-49.0717,-28.3946],[-49.0821,-28.3842],[-49.0813,-28.379],[-49.0923,-28.367],[-49.1014,-28.3627],[-49.1375,-28.4089],[-49.1375,-28.4138],[-49.1235,-28.4202],[-49.1169,-28.4307],[-49.112,-28.4437],[-49.1244,-28.4543],[-49.1207,-28.4601],[-49.1222,-28.4747],[-49.1435,-28.4742],[-49.1802,-28.4981],[-49.1817,-28.5087],[-49.1748,-28.5119],[-49.1587,-28.5029],[-49.1395,-28.4977],[-49.1319,-28.5025],[-49.0725,-28.546],[-49.0667,-28.5525],[-49.0552,-28.5592],[-49.0448,-28.5568],[-49.0301,-28.5499]]]}},{"type":"Feature","properties":{"codarea":"4305108"},"geometry":{"type":"Polygon","coordinates":[[[-51.1121,-29.0327],[-51.1114,-29.0803],[-51.1453,-29.0811],[-51.145,-29.0904],[-51.2026,-29.0913],[-51.2028,-29.0869],[-51.2355,-29.088],[-51.2355,-29.0861],[-51.3081,-29.0882],[-51.2972,-29.0944],[-51.2861,-29.104],[-51.2935,-29.1134],[-51.2929,-29.1538],[-51.2947,-29.154],[-51.2939,-29.1939],[-51.2886,-29.1938],[-51.2887,-29.2454],[-51.2657,-29.2459],[-51.2667,-29.2951],[-51.2627,-29.2951],[-51.2507,-29.3077],[-51.2165,-29.3367],[-51.2275,-29.3442],[-51.2123,-29.3586],[-51.2038,-29.3555],[-51.1974,-29.3449],[-51.1904,-29.3412],[-51.1805,-29.3262],[-51.1701,-29.3261],[-51.1694,-29.3313],[-51.159,-29.3313],[-51.147,-29.3372],[-51.1369,-29.3388],[-51.127,-29.3234],[-51.1269,-29.3158],[-51.119,-29.3083],[-51.1129,-29.3091],[-51.0998,-29.3176],[-51.092,-29.3049],[-51.0886,-29.2909],[-51.0699,-29.2917],[-51.0491,-29.3077],[-51.0386,-29.3016],[-51.0323,-29.2943],[-51.014,-29.3015],[-51.0101,-29.3078],[-51.0021,-29.3041],[-50.9963,-29.3067],[-51.0011,-29.3175],[-50.9913,-29.317],[-50.9854,-29.3208],[-50.9881,-29.3092],[-50.9696,-29.2976],[-50.9636,-29.3059],[-50.9519,-29.3065],[-50.9468,-29.2941],[-50.9495,-29.2891],[-50.9418,-29.2835],[-50.9266,-29.2902],[-50.9197,-29.3082],[-50.9075,-29.3022],[-50.9097,-29.2877],[-50.8901,-29.2878],[-50.8805,-29.2792],[-50.8823,-29.2706],[-50.8649,-29.2555],[-50.8593,-29.2476],[-50.8615,-29.239],[-50.8563,-29.2343],[-50.8597,-29.2254],[-50.8542,-29.2195],[-50.8547,-29.2131],[-50.836,-29.186],[-50.8402,-29.1702],[-50.8415,-29.1535],[-50.8379,-29.1415],[-50.8424,-29.1272],[-50.8545,-29.1195],[-50.8666,-29.1232],[-50.875,-29.1164],[-50.8809,-29.1196],[-50.9043,-29.116],[-50.9129,-29.1179],[-50.9109,-29.1078],[-50.9026,-29.0989],[-50.9025,-29.0903],[-50.9147,-29.0804],[-50.9315,-29.0786],[-50.9408,-29.08],[-50.9438,-29.0712],[-50.9315,-29.0744],[-50.9085,-29.075],[-50.8931,-29.0668],[-50.8692,-29.069],[-50.8523,-29.0661],[-50.8395,-29.0605],[-50.831,-29.0625],[-50.8229,-29.0543],[-50.8181,-29.043],[-50.8159,-29.0307],[-50.8063,-29.0249],[-50.7992,-29.0254],[-50.785,-29.0067],[-50.7827,-29.0001],[-50.7838,-28.9792],[-50.7921,-28.9778],[-50.795,-28.9668],[-50.8104,-28.9594],[-50.8077,-28.9514],[-50.7971,-28.9441],[-50.7872,-28.9417],[-50.7947,-28.9343],[-50.8103,-28.9304],[-50.8096,-28.9147],[-50.8056,-28.9091],[-50.8102,-28.8999],[-50.82,-28.8924],[-50.8113,-28.8852],[-50.798,-28.8842],[-50.7949,-28.8758],[-50.8042,-28.8685],[-50.821,-28.8674],[-50.8272,-28.8552],[-50.8203,-28.8497],[-50.8176,-28.8424],[-50.8208,-28.8365],[-50.8384,-28.8359],[-50.8408,-28.8299],[-50.8499,-28.8327],[-50.8597,-28.8342],[-50.8791,-28.8409],[-50.8847,-28.8389],[-50.8853,-28.8141],[-50.8907,-28.8063],[-50.9026,-28.8061],[-50.9142,-28.8018],[-50.9314,-28.8075],[-50.9629,-28.7945],[-50.9754,-28.8132],[-50.9795,-28.8159],[-50.9936,-28.816],[-50.9997,-28.819],[-51.0183,-28.8418],[-51.0313,-28.8332],[-51.0437,-28.8371],[-51.047,-28.8438],[-51.0479,-28.8621],[-51.0634,-28.8648],[-51.0752,-28.8611],[-51.0856,-28.853],[-51.0882,-28.8435],[-51.0956,-28.8411],[-51.109,-28.8477],[-51.115,-28.8572],[-51.1086,-28.8685],[-51.1245,-28.8769],[-51.119,-28.8808],[-51.0912,-28.8793],[-51.0856,-28.884],[-51.0738,-28.887],[-51.0708,-28.8959],[-51.0622,-28.9034],[-51.0602,-28.9128],[-51.0554,-28.9178],[-51.0365,-28.9215],[-51.0316,-28.9277],[-51.0167,-28.9315],[-50.9845,-28.9452],[-50.9788,-28.9459],[-50.9688,-28.9557],[-50.9575,-28.961],[-50.9516,-28.979],[-50.9439,-28.9815],[-50.9373,-28.9992],[-50.9218,-29.0036],[-50.9242,-29.0172],[-50.9307,-29.0242],[-50.962,-29.0125],[-50.9698,-29.0117],[-50.9897,-29.0225],[-51.0048,-29.0264],[-51.0157,-29.025],[-51.0294,-29.0279],[-51.0372,-29.0344],[-51.0564,-29.0309],[-51.0619,-29.0356],[-51.072,-29.0327],[-51.083,-29.0377],[-51.0873,-29.0357],[-51.1057,-29.0402],[-51.1121,-29.0327]]]}},{"type":"Feature","properties":{"codarea":"4311403"},"geometry":{"type":"Polygon","coordinates":[[[-51.9699,-29.4987],[-51.978,-29.4871],[-51.9698,-29.4743],[-51.9481,-29.4667],[-51.9364,-29.4494],[-51.9254,-29.4534],[-51.9188,-29.4513],[-51.9259,-29.4365],[-51.948,-29.4279],[-51.9557,-29.4216],[-51.9742,-29.4233],[-51.9842,-29.4208],[-51.9854,-29.4122],[-51.9965,-29.4077],[-52.0169,-29.4079],[-52.0349,-29.4012],[-52.0402,-29.4007],[-52.0374,-29.4087],[-52.0451,-29.4149],[-52.0817,-29.411],[-52.084,-29.4224],[-52.0935,-29.425],[-52.1083,-29.4218],[-52.1277,-29.4242],[-52.1026,-29.4341],[-52.0944,-29.4304],[-52.0773,-29.4317],[-52.0786,-29.441],[-52.0417,-29.4452],[-52.0479,-29.4693],[-52.0139,-29.4781],[-52.0148,-29.4822],[-52.0002,-29.4857],[-52.0009,-29.4913],[-51.9699,-29.4987]]]}},{"type":"Feature","properties":{"codarea":"4314100"},"geometry":{"type":"Polygon","coordinates":[[[-52.2137,-28.3528],[-52.2357,-28.3423],[-52.2439,-28.331],[-52.258,-28.3292],[-52.2805,-28.323],[-52.3051,-28.3017],[-52.2965,-28.2898],[-52.295,-28.281],[-52.2892,-28.2786],[-52.2872,-28.2681],[-52.2723,-28.2632],[-52.2682,-28.2542],[-52.2671,-28.2413],[-52.2772,-28.2283],[-52.2861,-28.23],[-52.2885,-28.2041],[-52.2979,-28.1998],[-52.3034,-28.1916],[-52.3149,-28.1961],[-52.3278,-28.1968],[-52.336,-28.2006],[-52.3531,-28.194],[-52.3679,-28.1918],[-52.3805,-28.1852],[-52.3979,-28.1887],[-52.4107,-28.1749],[-52.4406,-28.1751],[-52.449,-28.1711],[-52.4651,-28.1676],[-52.4865,-28.1357],[-52.4817,-28.1269],[-52.4894,-28.1201],[-52.4981,-28.1293],[-52.5173,-28.1333],[-52.5311,-28.1384],[-52.5401,-28.1288],[-52.5542,-28.1257],[-52.5591,-28.1277],[-52.5712,-28.1236],[-52.5768,-28.1268],[-52.5878,-28.1417],[-52.5998,-28.151],[-52.6181,-28.1575],[-52.6316,-28.1702],[-52.6377,-28.1913],[-52.6175,-28.2041],[-52.6075,-28.2056],[-52.6035,-28.2201],[-52.6081,-28.2338],[-52.6151,-28.2326],[-52.6268,-28.2399],[-52.6284,-28.2505],[-52.636,-28.2512],[-52.6546,-28.2646],[-52.6575,-28.2613],[-52.6735,-28.2702],[-52.661,-28.2732],[-52.6515,-28.2787],[-52.6483,-28.2879],[-52.6343,-28.3007],[-52.6183,-28.3037],[-52.6129,-28.2959],[-52.5935,-28.304],[-52.5905,-28.3099],[-52.5966,-28.3188],[-52.6007,-28.3327],[-52.5925,-28.3346],[-52.5828,-28.3272],[-52.5723,-28.327],[-52.5666,-28.3207],[-52.557,-28.3216],[-52.5502,-28.3353],[-52.5305,-28.3388],[-52.5158,-28.3575],[-52.508,-28.3726],[-52.5105,-28.3888],[-52.5104,-28.4055],[-52.5068,-28.4123],[-52.4894,-28.3958],[-52.4688,-28.388],[-52.4615,-28.3798],[-52.4451,-28.394],[-52.4437,-28.4042],[-52.4377,-28.3963],[-52.4212,-28.4048],[-52.4143,-28.3975],[-52.4033,-28.3977],[-52.4001,-28.3881],[-52.3954,-28.3861],[-52.386,-28.3912],[-52.3838,-28.3813],[-52.3728,-28.3769],[-52.3617,-28.3796],[-52.3569,-28.3863],[-52.3458,-28.388],[-52.3417,-28.394],[-52.3208,-28.3971],[-52.3053,-28.3941],[-52.2951,-28.3893],[-52.2961,-28.3705],[-52.3096,-28.3611],[-52.3089,-28.3469],[-52.304,-28.3394],[-52.2905,-28.3409],[-52.282,-28.3349],[-52.2712,-28.343],[-52.269,-28.351],[-52.2587,-28.3659],[-52.2659,-28.3721],[-52.2692,-28.3839],[-52.2509,-28.3872],[-52.251,-28.3687],[-52.235,-28.3622],[-52.2303,-28.3656],[-52.213,-28.3604],[-52.2137,-28.3528]]]}},{"type":"Feature","properties":{"codarea":"4314407"},"geometry":{"type":"Polygon","coordinates":[[[-52.2236,-31.7889],[-52.219,-31.7835],[-52.2231,-31.7775],[-52.2278,-31.7603],[-52.2258,-31.7519],[-52.1985,-31.7264],[-52.1635,-31.7076],[-52.1524,-31.6993],[-52.1041,-31.6847],[-52.0769,-31.682],[-52.0572,-31.6832],[-52.036,-31.6958],[-52.0307,-31.6923],[-52.0212,-31.6624],[-52.0134,-31.6194],[-52.01,-31.6142],[-52.0099,-31.5976],[-52.0135,-31.5972],[-52.0218,-31.5963],[-52.0234,-31.5897],[-52.0379,-31.5866],[-52.0399,-31.56],[-52.065,-31.5558],[-52.0883,-31.5499],[-52.1114,-31.555],[-52.1202,-31.565],[-52.1356,-31.5634],[-52.138,-31.5568],[-52.1309,-31.5534],[-52.1354,-31.5459],[-52.1436,-31.5447],[-52.1522,-31.5344],[-52.1618,-31.5319],[-52.1669,-31.5178],[-52.1736,-31.5192],[-52.1731,-31.4984],[-52.1761,-31.4929],[-52.1881,-31.4863],[-52.2135,-31.4804],[-52.213,-31.4585],[-52.2276,-31.4473],[-52.238,-31.4447],[-52.2526,-31.4511],[-52.2895,-31.4747],[-52.3019,-31.4776],[-52.3088,-31.4678],[-52.309,-31.461],[-52.3025,-31.456],[-52.3087,-31.4404],[-52.3058,-31.4363],[-52.2907,-31.4284],[-52.2816,-31.4281],[-52.2846,-31.42],[-52.2785,-31.4057],[-52.286,-31.4003],[-52.2774,-31.3905],[-52.2889,-31.3838],[-52.2935,-31.3759],[-52.293,-31.368],[-52.3143,-31.3618],[-52.3234,-31.3628],[-52.33,-31.3588],[-52.3381,-31.3598],[-52.3624,-31.3543],[-52.3772,-31.3567],[-52.3856,-31.3517],[-52.3996,-31.3571],[-52.4106,-31.3508],[-52.41,-31.3428],[-52.4227,-31.3363],[-52.46,-31.3284],[-52.479,-31.3222],[-52.501,-31.3282],[-52.6122,-31.504],[-52.6045,-31.5096],[-52.5886,-31.5276],[-52.5693,-31.5403],[-52.5565,-31.5544],[-52.5484,-31.5593],[-52.5614,-31.5703],[-52.5629,-31.5757],[-52.5831,-31.5911],[-52.5823,-31.5984],[-52.5892,-31.6084],[-52.5855,-31.614],[-52.5722,-31.6201],[-52.5828,-31.6296],[-52.5778,-31.638],[-52.5753,-31.6519],[-52.5698,-31.6658],[-52.5583,-31.6717],[-52.5544,-31.678],[-52.566,-31.6842],[-52.5793,-31.6819],[-52.5635,-31.6888],[-52.5491,-31.6911],[-52.5399,-31.6876],[-52.5271,-31.6953],[-52.5259,-31.703],[-52.5159,-31.7012],[-52.5034,-31.7071],[-52.4981,-31.7052],[-52.4828,-31.7081],[-52.4766,-31.7145],[-52.4471,-31.7223],[-52.4389,-31.727],[-52.4297,-31.7234],[-52.4273,-31.7327],[-52.4128,-31.7513],[-52.4044,-31.7569],[-52.3969,-31.7675],[-52.3897,-31.7826],[-52.3838,-31.7796],[-52.3679,-31.7876],[-52.3661,-31.7925],[-52.3729,-31.8001],[-52.3592,-31.8002],[-52.3512,-31.7963],[-52.3446,-31.7876],[-52.3357,-31.7838],[-52.3179,-31.7823],[-52.305,-31.7741],[-52.2749,-31.7752],[-52.254,-31.7803],[-52.2421,-31.7864],[-52.2236,-31.7889]],[[-52.4058,-31.495],[-52.4244,-31.4871],[-52.4252,-31.4809],[-52.4328,-31.4784],[-52.4334,-31.4666],[-52.4382,-31.4621],[-52.4426,-31.4504],[-52.4773,-31.4542],[-52.4916,-31.4578],[-52.4911,-31.4503],[-52.4836,-31.4382],[-52.4822,-31.4267],[-52.4622,-31.4249],[-52.4522,-31.4177],[-52.4459,-31.4169],[-52.4358,-31.3955],[-52.4248,-31.3931],[-52.415,-31.3776],[-52.4054,-31.3918],[-52.4002,-31.39],[-52.3775,-31.3912],[-52.3637,-31.3773],[-52.3484,-31.3723],[-52.34,-31.391],[-52.3429,-31.3995],[-52.3382,-31.4099],[-52.3512,-31.4154],[-52.3532,-31.433],[-52.3393,-31.4348],[-52.335,-31.4409],[-52.3547,-31.4481],[-52.344,-31.458],[-52.3469,-31.4676],[-52.3458,-31.4869],[-52.3509,-31.4909],[-52.3497,-31.5058],[-52.3763,-31.5076],[-52.4014,-31.4948],[-52.4058,-31.495]]]}},{"type":"Feature","properties":{"codarea":"4314902"},"geometry":{"type":"Polygon","coordinates":[[[-51.2719,-30.039],[-51.2627,-30.0403],[-51.2551,-30.0456],[-51.2502,-30.0353],[-51.2338,-30.0476],[-51.2345,-30.0584],[-51.2399,-30.0633],[-51.2416,-30.072],[-51.2484,-30.0816],[-51.2529,-30.0966],[-51.2613,-30.0969],[-51.2667,-30.1029],[-51.2618,-30.1096],[-51.2592,-30.1235],[-51.2463,-30.1255],[-51.2458,-30.1294],[-51.2344,-30.135],[-51.226,-30.1442],[-51.2251,-30.1525],[-51.2285,-30.1615],[-51.2278,-30.1771],[-51.2391,-30.1903],[-51.223,-30.1879],[-51.2018,-30.1921],[-51.1943,-30.1998],[-51.1943,-30.2136],[-51.188,-30.2112],[-51.1785,-30.217],[-51.1791,-30.2254],[-51.184,-30.2332],[-51.175,-30.2382],[-51.1562,-30.2399],[-51.1519,-30.2456],[-51.1574,-30.261],[-51.1422,-30.266],[-51.1375,-30.2642],[-51.1326,-30.2516],[-51.1282,-30.2478],[-51.1147,-30.2461],[-51.1062,-30.2482],[-51.0959,-30.2412],[-51.0765,-30.2434],[-51.0698,-30.2471],[-51.0629,-30.2596],[-51.0546,-30.2511],[-51.0587,-30.2437],[-51.053,-30.2307],[-51.0407,-30.2185],[-51.0315,-30.2169],[-51.0119,-30.1989],[-51.0427,-30.1847],[-51.0546,-30.1889],[-51.067,-30.1785],[-51.0767,-30.1753],[-51.0786,-30.1607],[-51.0888,-30.1515],[-51.0856,-30.1431],[-51.0977,-30.1318],[-51.0949,-30.1186],[-51.1059,-30.1066],[-51.112,-30.1042],[-51.1092,-30.0783],[-51.1204,-30.0668],[-51.1184,-30.0546],[-51.1123,-30.051],[-51.0849,-30.0462],[-51.0902,-30.0344],[-51.0861,-30.0253],[-51.0944,-30.0154],[-51.0875,-30.0037],[-51.089,-29.9865],[-51.0865,-29.9709],[-51.0961,-29.9659],[-51.106,-29.9648],[-51.1128,-29.9581],[-51.1274,-29.9545],[-51.135,-29.9608],[-51.141,-29.9576],[-51.1502,-29.9649],[-51.1639,-29.9657],[-51.2009,-29.9715],[-51.2082,-29.9644],[-51.2211,-29.9661],[-51.2276,-29.9565],[-51.2335,-29.9387],[-51.2457,-29.9326],[-51.2673,-29.9352],[-51.2832,-29.9449],[-51.3032,-29.9501],[-51.2975,-29.9633],[-51.2852,-29.9706],[-51.272,-29.9886],[-51.2618,-30.0096],[-51.2678,-30.0304],[-51.2719,-30.039]]]}},{"type":"Feature","properties":{"codarea":"4316808"},"geometry":{"type":"Polygon","coordinates":[[[-52.4348,-29.3783],[-52.4407,-29.3849],[-52.4403,-29.4],[-52.4572,-29.3996],[-52.4505,-29.411],[-52.4572,-29.4157],[-52.4484,-29.4313],[-52.441,-29.4369],[-52.4506,-29.4514],[-52.4401,-29.4581],[-52.4353,-29.4712],[-52.4396,-29.4779],[-52.4377,-29.4944],[-52.4512,-29.5101],[-52.4451,-29.5187],[-52.4392,-29.5403],[-52.4504,-29.5457],[-52.4504,-29.5495],[-52.4734,-29.5605],[-52.4918,-29.5643],[-52.5278,-29.5649],[-52.565,-29.5847],[-52.564,-29.599],[-52.5308,-29.5993],[-52.5311,-29.6212],[-52.5105,-29.6218],[-52.5006,-29.6426],[-52.4897,-29.6428],[-52.4855,-29.6512],[-52.4855,-29.6653],[-52.4644,-29.6656],[-52.4638,-29.6832],[-52.4717,-29.6941],[-52.4639,-29.7115],[-52.4659,-29.7304],[-52.4598,-29.7341],[-52.463,-29.7437],[-52.4734,-29.7471],[-52.4783,-29.762],[-52.4751,-29.7698],[-52.4806,-29.7933],[-52.4869,-29.8016],[-52.4798,-29.8127],[-52.4741,-29.8335],[-52.464,-29.8401],[-52.474,-29.8485],[-52.4753,-29.8582],[-52.471,-29.8614],[-52.4778,-29.8753],[-52.4758,-29.8823],[-52.469,-29.8854],[-52.4676,-29.8935],[-52.4614,-29.9028],[-52.4611,-29.9209],[-52.4508,-29.9243],[-52.4358,-29.9134],[-52.4314,-29.9056],[-52.437,-29.8988],[-52.4355,-29.8869],[-52.4378,-29.8752],[-52.429,-29.861],[-52.4114,-29.8556],[-52.3998,-29.84],[-52.3371,-29.8362],[-52.326,-29.8401],[-52.3141,-29.8355],[-52.3131,-29.8273],[-52.316,-29.8148],[-52.3045,-29.8087],[-52.3072,-29.7918],[-52.3175,-29.7833],[-52.3203,-29.7721],[-52.32,-29.7603],[-52.3284,-29.7559],[-52.3227,-29.7484],[-52.3328,-29.7382],[-52.3354,-29.7291],[-52.3308,-29.7175],[-52.3145,-29.7079],[-52.3185,-29.6963],[-52.3189,-29.6842],[-52.3093,-29.677],[-52.2988,-29.6746],[-52.3144,-29.6658],[-52.3264,-29.5665],[-52.3287,-29.5544],[-52.333,-29.5488],[-52.331,-29.5391],[-52.3337,-29.533],[-52.3314,-29.5179],[-52.3471,-29.5051],[-52.3454,-29.4948],[-52.3521,-29.4869],[-52.3509,-29.4736],[-52.3568,-29.4645],[-52.3523,-29.4617],[-52.3526,-29.4523],[-52.3584,-29.4446],[-52.3586,-29.4373],[-52.353,-29.4289],[-52.3592,-29.4167],[-52.3688,-29.4084],[-52.3704,-29.4],[-52.377,-29.396],[-52.3774,-29.3838],[-52.3905,-29.3754],[-52.4081,-29.3754],[-52.4182,-29.3795],[-52.4348,-29.3783]]]}},{"type":"Feature","properties":{"codarea":"4316907"},"geometry":{"type":"Polygon","coordinates":[[[-53.7014,-29.5495],[-53.6974,-29.5593],[-53.7051,-29.5676],[-53.6992,-29.5861],[-53.7136,-29.6024],[-53.7017,-29.6073],[-53.707,-29.614],[-53.7158,-29.6177],[-53.7105,-29.6312],[-53.7152,-29.6446],[-53.7239,-29.6419],[-53.7386,-29.6484],[-53.7475,-29.6468],[-53.7554,-29.6544],[-53.7672,-29.6578],[-53.7834,-29.6427],[-53.8012,-29.6459],[-53.8199,-29.6215],[-53.8281,-29.6188],[-53.8324,-29.6013],[-53.8381,-29.594],[-53.8561,-29.5923],[-53.86,-29.6043],[-53.8592,-29.6106],[-53.9028,-29.6039],[-53.908,-29.6009],[-53.9255,-29.5996],[-53.9462,-29.6055],[-53.9425,-29.5965],[-53.9468,-29.5912],[-53.9523,-29.5756],[-53.9649,-29.5722],[-53.9683,-29.5672],[-53.9999,-29.5674],[-53.9931,-29.5761],[-53.9861,-29.5941],[-53.9789,-29.6032],[-53.9793,-29.6225],[-53.9877,-29.6255],[-53.9976,-29.6359],[-54.0065,-29.6373],[-54.0167,-29.6329],[-54.0381,-29.6384],[-54.0574,-29.6398],[-54.0756,-29.6386],[-54.082,-29.6471],[-54.0945,-29.6483],[-54.1039,-29.6579],[-54.1082,-29.6678],[-54.1206,-29.6725],[-54.1283,-29.6853],[-54.132,-29.6865],[-54.1264,-29.6977],[-54.1052,-29.7078],[-54.0953,-29.7144],[-54.0864,-29.7242],[-54.0901,-29.7371],[-54.0899,-29.7633],[-54.0737,-29.764],[-54.0644,-29.7725],[-54.0588,-29.7735],[-54.0491,-29.768],[-54.0347,-29.7749],[-54.0248,-29.7674],[-54.0176,-29.7706],[-54.0107,-29.7787],[-54.0045,-29.7794],[-53.9937,-29.7881],[-53.9684,-29.7965],[-53.9625,-29.7952],[-53.9622,-29.8183],[-53.9684,-29.8192],[-53.9752,-29.8118],[-53.9835,-29.821],[-53.9984,-29.8262],[-54.0054,-29.834],[-54.0021,-29.8487],[-54.0142,-29.8543],[-54.0226,-29.8656],[-54.0296,-29.8702],[-54.0377,-29.8643],[-54.0423,-29.8687],[-54.0772,-29.8757],[-54.0689,-29.8837],[-54.0668,-29.8937],[-54.0534,-29.906],[-54.0467,-29.9076],[-54.0401,-29.9174],[-54.0289,-29.939],[-54.0291,-29.9499],[-54.0335,-29.9576],[-54.0248,-29.9653],[-54.0176,-29.9654],[-54.0085,-29.9715],[-54.0082,-29.9813],[-54.0005,-29.9859],[-53.9736,-29.9854],[-53.9644,-29.9898],[-53.9515,-29.991],[-53.9454,-29.9874],[-53.9302,-29.9887],[-53.9078,-29.9829],[-53.8991,-29.9882],[-53.892,-29.9834],[-53.8772,-29.9883],[-53.8692,-29.994],[-53.8535,-29.9932],[-53.8513,-29.9865],[-53.8349,-29.9862],[-53.8299,-29.9981],[-53.8102,-29.9958],[-53.803,-30.004],[-53.7839,-30.0024],[-53.7808,-29.9935],[-53.7688,-29.9845],[-53.7567,-29.9865],[-53.7447,-29.9762],[-53.7415,-29.9638],[-53.7358,-29.9614],[-53.7254,-29.9651],[-53.7246,-29.955],[-53.7106,-29.95],[-53.7115,-29.9368],[-53.7031,-29.9287],[-53.7084,-29.9211],[-53.6991,-29.9189],[-53.6931,-29.9255],[-53.6871,-29.9249],[-53.6816,-29.9167],[-53.6684,-29.9079],[-53.6629,-29.8943],[-53.6522,-29.8928],[-53.6343,-29.8863],[-53.6264,-29.8808],[-53.6127,-29.8792],[-53.6091,-29.872],[-53.5797,-29.8708],[-53.5713,-29.8632],[-53.5582,-29.8617],[-53.5493,-29.8675],[-53.5473,-29.8541],[-53.5502,-29.8497],[-53.5487,-29.8353],[-53.551,-29.8277],[-53.5595,-29.8278],[-53.5651,-29.8133],[-53.5599,-29.8072],[-53.5558,-29.7906],[-53.54,-29.7897],[-53.5359,-29.7791],[-53.5199,-29.7726],[-53.5185,-29.7648],[-53.5347,-29.7547],[-53.5305,-29.7459],[-53.5354,-29.7412],[-53.5352,-29.7284],[-53.5455,-29.7238],[-53.5479,-29.714],[-53.5448,-29.7041],[-53.5518,-29.6998],[-53.5566,-29.6877],[-53.5861,-29.6947],[-53.5926,-29.6803],[-53.6048,-29.6777],[-53.6146,-29.6706],[-53.6326,-29.6707],[-53.6187,-29.6488],[-53.6303,-29.6382],[-53.638,-29.6381],[-53.6421,-29.6281],[-53.65,-29.6228],[-53.6447,-29.6136],[-53.6272,-29.6047],[-53.6304,-29.6013],[-53.6555,-29.5942],[-53.6723,-29.5807],[-53.6872,-29.5759],[-53.6954,-29.5562],[-53.7014,-29.5495]]]}},{"type":"Feature","properties":{"codarea":"5002704"},"geometry":{"type":"Polygon","coordinates":[[[-54.8163,-20.7408],[-54.8103,-20.7389],[-54.7946,-20.7252],[-54.7932,-20.7175],[-54.784,-20.7113],[-54.7687,-20.6938],[-54.7517,-20.6917],[-54.7322,-20.7049],[-54.7218,-20.7148],[-54.7236,-20.7203],[-54.7171,-20.7408],[-54.7066,-20.757],[-54.7061,-20.7667],[-54.6978,-20.7688],[-54.6977,-20.7797],[-54.7048,-20.7847],[-54.7079,-20.7935],[-54.7019,-20.8012],[-54.6985,-20.8174],[-54.7051,-20.82],[-54.703,-20.8352],[-54.6933,-20.8458],[-54.6983,-20.8479],[-54.6867,-20.8602],[-54.6826,-20.8687],[-54.6742,-20.8701],[-54.6767,-20.8772],[-54.6834,-20.879],[-54.6839,-20.888],[-54.6735,-20.8868],[-54.6442,-20.8941],[-54.6348,-20.8999],[-54.6306,-20.9094],[-54.6216,-20.9102],[-54.6149,-20.9035],[-54.6017,-20.9051],[-54.6003,-20.9186],[-54.592,-20.9178],[-54.59,-20.9263],[-54.5829,-20.926],[-54.5774,-20.9363],[-54.5661,-20.9501],[-54.5601,-20.9495],[-54.5514,-20.9551],[-54.5505,-20.9598],[-54.5258,-20.9649],[-54.5293,-20.9721],[-54.5166,-20.9794],[-54.5201,-20.9859],[-54.5194,-20.9958],[-54.5068,-20.9941],[-54.498,-20.9942],[-54.4906,-21.0042],[-54.4804,-21.0055],[-54.4713,-21.0104],[-54.4632,-21.009],[-54.4527,-21.0229],[-54.4366,-21.0242],[-54.4253,-21.0276],[-54.4307,-21.0336],[-54.4127,-21.0393],[-54.41,-21.0507],[-54.3957,-21.0651],[-54.3916,-21.0821],[-54.3837,-21.0891],[-54.3821,-21.0998],[-54.3766,-21.106],[-54.3697,-21.1015],[-54.3452,-21.1094],[-54.337,-21.1212],[-54.3306,-21.115],[-54.3244,-21.1258],[-54.317,-21.1316],[-54.3112,-21.1288],[-54.2919,-21.1413],[-54.2976,-21.1552],[-54.298,-21.1637],[-54.3064,-21.1656],[-54.296,-21.174],[-54.2795,-21.1751],[-54.2718,-21.1833],[-54.271,-21.1978],[-54.2603,-21.2048],[-54.2608,-21.222],[-54.2668,-21.2277],[-54.2661,-21.235],[-54.2513,-21.2449],[-54.2541,-21.2535],[-54.2333,-21.2626],[-54.23,-21.256],[-54.2229,-21.2615],[-54.2259,-21.2731],[-54.2388,-21.2719],[-54.2373,-21.2806],[-54.2293,-21.291],[-54.221,-21.2864],[-54.2149,-21.2905],[-54.2213,-21.2981],[-54.2068,-21.2978],[-54.209,-21.314],[-54.2038,-21.3186],[-54.1991,-21.3349],[-54.1895,-21.3392],[-54.1796,-21.3481],[-54.1725,-21.3489],[-54.1692,-21.3563],[-54.1569,-21.3646],[-54.1419,-21.3863],[-54.1292,-21.3971],[-54.1259,-21.4046],[-54.1156,-21.4041],[-54.1075,-21.4107],[-54.1109,-21.4157],[-54.1017,-21.4201],[-54.1053,-21.4293],[-54.0951,-21.4383],[-54.0832,-21.4436],[-54.0555,-21.4658],[-54.046,-21.4682],[-54.04,-21.4736],[-54.0356,-21.4863],[-54.0244,-21.4919],[-54.0134,-21.502],[-54.006,-21.5131],[-53.9978,-21.5117],[-53.9937,-21.5185],[-53.9849,-21.524],[-53.9803,-21.5375],[-53.9647,-21.5329],[-53.9618,-21.541],[-53.954,-21.5388],[-53.9403,-21.5459],[-53.9357,-21.5411],[-53.9151,-21.5456],[-53.9087,-21.5497],[-53.9003,-21.5495],[-53.8825,-21.5608],[-53.8754,-21.5592],[-53.859,-21.5638],[-53.8399,-21.5611],[-53.8266,-21.5567],[-53.8203,-21.5453],[-53.8145,-21.5516],[-53.8131,-21.5589],[-53.7841,-21.5693],[-53.7728,-21.5681],[-53.7631,-21.5734],[-53.74,-21.5686],[-53.7354,-21.5805],[-53.7181,-21.5774],[-53.7171,-21.5706],[-53.7001,-21.5637],[-53.6962,-21.5573],[-53.6709,-21.552],[-53.6647,-21.5584],[-53.6586,-21.5583],[-53.644,-21.5713],[-53.6392,-21.5796],[-53.6203,-21.5736],[-53.6126,-21.5623],[-53.6042,-21.5626],[-53.6008,-21.5548],[-53.6086,-21.5523],[-53.6051,-21.5439],[-53.6117,-21.5299],[-53.6136,-21.5188],[-53.6092,-21.5136],[-53.6067,-21.5017],[-53.6138,-21.4937],[-53.6131,-21.4786],[-53.6219,-21.4706],[-53.6379,-21.468],[-53.639,-21.458],[-53.6362,-21.4465],[-53.6273,-21.4447],[-53.6247,-21.4374],[-53.6275,-21.423],[-53.6173,-21.4174],[-53.6178,-21.4072],[-53.6149,-21.3882],[-53.6201,-21.3837],[-53.6173,-21.363],[-53.6245,-21.3608],[-53.6302,-21.3442],[-53.638,-21.3365],[-53.6401,-21.329],[-53.6384,-21.3159],[-53.6423,-21.3018],[-53.6484,-21.295],[-53.6479,-21.2892],[-53.6605,-21.2777],[-53.6631,-21.2646],[-53.6715,-21.2555],[-53.6716,-21.2487],[-53.6797,-21.2363],[-53.6757,-21.2317],[-53.6835,-21.2239],[-53.6835,-21.1888],[-53.6846,-21.1809],[-53.697,-21.1734],[-53.7083,-21.1545],[-53.7173,-21.1527],[-53.7263,-21.1461],[-53.7269,-21.1324],[-53.7389,-21.1174],[-53.7369,-21.1078],[-53.7526,-21.098],[-53.7571,-21.0837],[-53.7611,-21.0792],[-53.7895,-21.0703],[-53.8017,-21.0744],[-53.8165,-21.0666],[-53.8287,-21.0511],[-53.8356,-21.0503],[-53.8498,-21.0405],[-53.8459,-21.0313],[-53.85,-21.0264],[-53.8472,-21.0075],[-53.8567,-20.9957],[-53.8563,-20.9896],[-53.8675,-20.9808],[-53.8766,-20.9829],[-53.8947,-20.9741],[-53.8995,-20.9679],[-53.916,-20.9581],[-53.9302,-20.9591],[-53.9422,-20.9567],[-53.9461,-20.9602],[-53.9682,-20.9565],[-53.9754,-20.9503],[-53.9911,-20.9295],[-54.0055,-20.9228],[-54.0069,-20.9019],[-54.0045,-20.8958],[-54.017,-20.8812],[-54.023,-20.8549],[-54.0348,-20.848],[-54.0643,-20.8366],[-54.0729,-20.8287],[-54.079,-20.8161],[-54.0886,-20.807],[-54.0922,-20.798],[-54.103,-20.7938],[-54.1114,-20.7852],[-54.1282,-20.7884],[-54.1457,-20.7804],[-54.1582,-20.7716],[-54.1648,-20.7547],[-54.1728,-20.7506],[-54.1757,-20.7351],[-54.1753,-20.7254],[-54.1848,-20.7166],[-54.1971,-20.7088],[-54.2024,-20.711],[-54.2066,-20.673],[-54.2003,-20.6603],[-54.1958,-20.6569],[-54.1933,-20.6367],[-54.1826,-20.6201],[-54.1777,-20.5959],[-54.1827,-20.5906],[-54.1834,-20.5768],[-54.1926,-20.5586],[-54.195,-20.5409],[-54.1912,-20.5182],[-54.1864,-20.5095],[-54.1828,-20.4902],[-54.1828,-20.4726],[-54.1858,-20.4652],[-54.2033,-20.4796],[-54.2176,-20.4816],[-54.2222,-20.4848],[-54.2392,-20.4871],[-54.2639,-20.4951],[-54.2788,-20.4899],[-54.2819,-20.4927],[-54.2953,-20.4929],[-54.3027,-20.4802],[-54.3243,-20.4764],[-54.3336,-20.4783],[-54.3453,-20.4733],[-54.3556,-20.4631],[-54.3747,-20.4473],[-54.3763,-20.438],[-54.3895,-20.4266],[-54.4116,-20.4214],[-54.4157,-20.4233],[-54.4268,-20.4105],[-54.438,-20.4056],[-54.4501,-20.3956],[-54.4604,-20.3972],[-54.4906,-20.3913],[-54.4932,-20.3682],[-54.4926,-20.3565],[-54.4959,-20.35],[-54.4982,-20.3329],[-54.5142,-20.3048],[-54.5132,-20.2998],[-54.5174,-20.2851],[-54.5307,-20.2805],[-54.5395,-20.2732],[-54.6073,-20.2512],[-54.6164,-20.2582],[-54.6289,-20.2525],[-54.644,-20.2527],[-54.6485,-20.2493],[-54.6506,-20.2356],[-54.6609,-20.2256],[-54.6718,-20.2223],[-54.68,-20.2165],[-54.7063,-20.2032],[-54.7188,-20.2039],[-54.7235,-20.1962],[-54.7299,-20.1985],[-54.7481,-20.198],[-54.7488,-20.1937],[-54.766,-20.1901],[-54.7701,-20.1914],[-54.7815,-20.1727],[-54.7998,-20.1711],[-54.8154,-20.1739],[-54.8204,-20.1667],[-54.8368,-20.1727],[-54.8482,-20.1672],[-54.8579,-20.1717],[-54.8621,-20.1995],[-54.8864,-20.2085],[-54.8948,-20.2041],[-54.9028,-20.209],[-54.9127,-20.2066],[-54.9192,-20.2183],[-54.922,-20.2311],[-54.9181,-20.2438],[-54.9032,-20.2489],[-54.8933,-20.2579],[-54.8895,-20.2676],[-54.8795,-20.2658],[-54.8653,-20.2746],[-54.8487,-20.277],[-54.8441,-20.2816],[-54.8201,-20.2843],[-54.8207,-20.2988],[-54.8093,-20.3024],[-54.792,-20.3107],[-54.7791,-20.3056],[-54.7799,-20.3135],[-54.7685,-20.3196],[-54.7627,-20.3259],[-54.7628,-20.4814],[-54.7757,-20.4868],[-54.798,-20.5097],[-54.8002,-20.5204],[-54.794,-20.549],[-54.7977,-20.5575],[-54.7965,-20.5716],[-54.7906,-20.5728],[-54.7813,-20.5984],[-54.7729,-20.6039],[-54.7674,-20.6148],[-54.7773,-20.6207],[-54.7848,-20.6306],[-54.7897,-20.6463],[-54.7968,-20.6624],[-54.8071,-20.658],[-54.8145,-20.6612],[-54.836,-20.6783],[-54.8425,-20.6877],[-54.8268,-20.7408],[-54.8163,-20.7408]]]}},{"type":"Feature","properties":{"codarea":"5003702"},"geometry":{"type":"Polygon","coordinates":[[[-54.964,-22.3643],[-54.9539,-22.3707],[-54.9457,-22.3715],[-54.9374,-22.3628],[-54.9295,-22.3764],[-54.9108,-22.3763],[-54.9121,-22.3881],[-54.8993,-22.3866],[-54.8904,-22.3772],[-54.8838,-22.3837],[-54.8763,-22.3861],[-54.8516,-22.3887],[-54.8428,-22.3957],[-54.8274,-22.3953],[-54.8214,-22.3982],[-54.8143,-22.3881],[-54.8049,-22.39],[-54.8007,-22.3977],[-54.7837,-22.4001],[-54.7827,-22.4082],[-54.7701,-22.4197],[-54.7611,-22.4249],[-54.746,-22.4155],[-54.7322,-22.4254],[-54.739,-22.4344],[-54.7212,-22.4412],[-54.7183,-22.4336],[-54.7059,-22.4345],[-54.6919,-22.4248],[-54.6672,-22.4193],[-54.651,-22.4285],[-54.646,-22.4361],[-54.6332,-22.4351],[-54.6248,-22.4177],[-54.6095,-22.4102],[-54.5839,-22.4072],[-54.5751,-22.4039],[-54.5768,-22.3943],[-54.5918,-22.3836],[-54.6199,-22.3739],[-54.6354,-22.3671],[-54.6424,-22.3528],[-54.5664,-22.294],[-54.5605,-22.295],[-54.5549,-22.3027],[-54.5302,-22.3177],[-54.532,-22.3314],[-54.5296,-22.3389],[-54.519,-22.3488],[-54.5128,-22.3467],[-54.4889,-22.3462],[-54.4882,-22.3427],[-54.4761,-22.3368],[-54.4626,-22.3385],[-54.4577,-22.3351],[-54.4449,-22.3454],[-54.4377,-22.3455],[-54.4408,-22.3271],[-54.433,-22.3245],[-54.4257,-22.3289],[-54.4057,-22.3175],[-54.3993,-22.3014],[-54.3927,-22.3002],[-54.3822,-22.2848],[-54.3825,-22.2717],[-54.3627,-22.2629],[-54.3605,-22.2568],[-54.3319,-22.2537],[-54.3165,-22.251],[-54.3168,-22.2435],[-54.3034,-22.2357],[-54.3066,-22.2333],[-54.3017,-22.2223],[-54.2895,-22.2183],[-54.2908,-22.2126],[-54.2824,-22.2027],[-54.2687,-22.1945],[-54.2641,-22.1812],[-54.2749,-22.1794],[-54.2603,-22.1644],[-54.2647,-22.1546],[-54.2499,-22.1564],[-54.2477,-22.1479],[-54.2383,-22.1456],[-54.2275,-22.1382],[-54.2242,-22.1305],[-54.2276,-22.1244],[-54.2396,-22.1223],[-54.2412,-22.1066],[-54.2396,-22.0902],[-54.2424,-22.0824],[-54.2296,-22.0681],[-54.2246,-22.0502],[-54.2155,-22.0381],[-54.219,-22.0318],[-54.2158,-22.0252],[-54.2072,-22.02],[-54.2053,-22.0087],[-54.2112,-21.9987],[-54.2208,-21.9955],[-54.2192,-21.9834],[-54.2309,-21.9723],[-54.232,-21.9538],[-54.2406,-21.9506],[-54.2522,-21.9617],[-54.2698,-21.9576],[-54.2725,-21.9658],[-54.2826,-21.9524],[-54.2797,-21.9407],[-54.2816,-21.9345],[-54.2921,-21.939],[-54.303,-21.9397],[-54.3086,-21.9338],[-54.3279,-21.9366],[-54.3301,-21.9465],[-54.3432,-21.9454],[-54.3497,-21.9485],[-54.3634,-21.9471],[-54.3784,-21.9377],[-54.3811,-21.9312],[-54.3901,-21.9322],[-54.4013,-21.9276],[-54.4089,-21.9342],[-54.4241,-21.9246],[-54.4358,-21.9244],[-54.436,-21.9151],[-54.4296,-21.9031],[-54.4451,-21.9031],[-54.461,-21.8972],[-54.4636,-21.8912],[-54.4739,-21.8929],[-54.4813,-21.9015],[-54.4961,-21.909],[-54.4938,-21.9133],[-54.4988,-21.934],[-54.497,-21.9417],[-54.504,-21.9546],[-54.5052,-21.9733],[-54.5082,-21.9828],[-54.5084,-21.9961],[-54.5151,-22.0186],[-54.5284,-22.0283],[-54.5352,-22.0505],[-54.5433,-22.0562],[-54.5446,-22.0731],[-54.5479,-22.0895],[-54.555,-22.103],[-54.5719,-22.1146],[-54.5802,-22.1298],[-54.5922,-22.1162],[-54.5965,-22.1196],[-54.6141,-22.1001],[-54.6254,-22.0925],[-54.6397,-22.1015],[-54.6563,-22.0925],[-54.6796,-22.0944],[-54.684,-22.0667],[-54.6915,-22.0697],[-54.6978,-22.0789],[-54.6977,-22.0865],[-54.7062,-22.0974],[-54.7188,-22.098],[-54.7299,-22.1061],[-54.7454,-22.1135],[-54.7586,-22.129],[-54.7725,-22.1391],[-54.8287,-22.1744],[-54.8368,-22.1711],[-54.8402,-22.1816],[-54.8709,-22.2009],[-54.8761,-22.1987],[-54.9221,-22.1926],[-54.9374,-22.1878],[-54.9559,-22.1772],[-54.9789,-22.1517],[-55.0172,-22.1417],[-55.0231,-22.1253],[-55.0421,-22.1048],[-55.0517,-22.1032],[-55.0706,-22.116],[-55.0917,-22.122],[-55.0954,-22.1105],[-55.0879,-22.0956],[-55.0886,-22.0798],[-55.0864,-22.0732],[-55.0975,-22.0585],[-55.1003,-22.0421],[-55.1055,-22.0346],[-55.103,-22.0285],[-55.0995,-22.0056],[-55.084,-21.9855],[-55.0641,-21.9747],[-55.0373,-21.9703],[-55.0285,-21.9632],[-55.0236,-21.9644],[-55.0167,-21.9523],[-55.0152,-21.9421],[-55.0089,-21.9374],[-55.0214,-21.9207],[-55.0216,-21.9161],[-55.0108,-21.9045],[-55.0065,-21.8941],[-55.0107,-21.8865],[-55.034,-21.899],[-55.0437,-21.8946],[-55.0541,-21.9002],[-55.0602,-21.8988],[-55.0726,-21.9016],[-55.0898,-21.9085],[-55.1029,-21.9051],[-55.1338,-21.9173],[-55.1604,-21.9213],[-55.1726,-21.9134],[-55.1935,-21.9147],[-55.2027,-21.9191],[-55.2184,-21.9221],[-55.2273,-21.9259],[-55.2425,-21.9247],[-55.2542,-21.9198],[-55.2692,-21.918],[-55.2794,-21.9122],[-55.2888,-21.9115],[-55.2895,-21.9046],[-55.3005,-21.9053],[-55.3157,-21.8969],[-55.3239,-21.8972],[-55.3498,-21.8938],[-55.3608,-21.8819],[-55.3694,-21.88],[-55.3779,-21.889],[-55.3934,-21.8937],[-55.4042,-21.8897],[-55.4117,-21.8947],[-55.4211,-21.9004],[-55.4271,-21.9118],[-55.4326,-21.9284],[-55.4384,-21.9366],[-55.4546,-21.9462],[-55.4612,-21.947],[-55.4776,-21.9558],[-55.4849,-21.9624],[-55.4873,-21.9718],[-55.5232,-21.9842],[-55.5236,-21.9875],[-55.5141,-21.9992],[-55.5116,-22.0132],[-55.4991,-22.0349],[-55.5026,-22.0392],[-55.5012,-22.0517],[-55.4956,-22.0626],[-55.4978,-22.0964],[-55.4938,-22.1027],[-55.4935,-22.1154],[-55.4888,-22.123],[-55.4783,-22.1264],[-55.4644,-22.1259],[-55.4572,-22.1382],[-55.4469,-22.1482],[-55.4243,-22.1425],[-55.4212,-22.1496],[-55.4102,-22.155],[-55.3968,-22.1463],[-55.392,-22.1456],[-55.3861,-22.1617],[-55.3763,-22.1669],[-55.384,-22.1748],[-55.3775,-22.1881],[-55.3703,-22.1936],[-55.3743,-22.2067],[-55.3722,-22.2099],[-55.3566,-22.2029],[-55.3449,-22.2061],[-55.3427,-22.1987],[-55.3328,-22.205],[-55.328,-22.2143],[-55.3234,-22.1997],[-55.3136,-22.1994],[-55.2934,-22.1919],[-55.2854,-22.193],[-55.2787,-22.2007],[-55.2787,-22.2077],[-55.2734,-22.2169],[-55.2616,-22.2185],[-55.2522,-22.2272],[-55.24,-22.2249],[-55.2311,-22.2266],[-55.222,-22.2226],[-55.2085,-22.2265],[-55.2037,-22.2416],[-55.195,-22.247],[-55.19,-22.2448],[-55.1838,-22.2337],[-55.1684,-22.2321],[-55.1615,-22.2233],[-55.1494,-22.2237],[-55.1361,-22.2335],[-55.1293,-22.2335],[-55.127,-22.2429],[-55.1019,-22.2494],[-55.1023,-22.2578],[-55.0955,-22.2628],[-55.0783,-22.2636],[-55.0708,-22.2717],[-55.0729,-22.2789],[-55.0701,-22.2861],[-55.0548,-22.295],[-55.0533,-22.3083],[-55.0401,-22.3124],[-55.0347,-22.3244],[-55.0301,-22.3212],[-55.0196,-22.333],[-55.0182,-22.3389],[-55.008,-22.3437],[-54.9927,-22.3448],[-54.9823,-22.3402],[-54.9766,-22.3503],[-54.9853,-22.3574],[-54.976,-22.3635],[-54.964,-22.3643]]]}},{"type":"Feature","properties":{"codarea":"5103403"},"geometry":{"type":"MultiPolygon","coordinates":[[[[-56.1459,-15.7697],[-56.096,-15.7683],[-55.893,-15.6987],[-55.8886,-15.7009],[-55.8586,-15.7013],[-55.7457,-15.7037],[-55.7088,-15.7051],[-55.6793,-15.7203],[-55.6708,-15.7268],[-55.6509,-15.7151],[-55.6333,-15.7154],[-55.6233,-15.7241],[-55.6191,-15.7374],[-55.5387,-15.7371],[-55.5391,-15.7503],[-55.5341,-15.759],[-55.5457,-15.7675],[-55.5574,-15.7671],[-55.5702,-15.7764],[-55.5726,-15.7906],[-55.5698,-15.7982],[-55.5574,-15.8043],[-55.5649,-15.8085],[-55.5616,-15.8178],[-55.5516,-15.8245],[-55.5555,-15.8297],[-55.5458,-15.835],[-55.546,-15.8419],[-55.5409,-15.8517],[-55.5508,-15.8508],[-55.5476,-15.8615],[-55.559,-15.8683],[-55.5719,-15.8714],[-55.571,-15.8958],[-55.5811,-15.9092],[-55.5674,-15.9206],[-55.5533,-15.9217],[-55.5483,-15.9198],[-55.5461,-15.91],[-55.5416,-15.9068],[-55.5333,-15.9138],[-55.5316,-15.9033],[-55.5224,-15.9027],[-55.5183,-15.907],[-55.5115,-15.8942],[-55.5038,-15.8908],[-55.4916,-15.9008],[-55.4853,-15.9008],[-55.4841,-15.8874],[-55.474,-15.8784],[-55.4743,-15.8956],[-55.4696,-15.903],[-55.4721,-15.9125],[-55.4795,-15.9225],[-55.4817,-15.9307],[-55.4976,-15.9515],[-55.5058,-15.9588],[-55.506,-15.9669],[-55.516,-15.975],[-55.5133,-15.9835],[-55.5074,-15.9879],[-55.4991,-15.9795],[-55.4924,-15.9828],[-55.4866,-15.9706],[-55.4674,-15.9558],[-55.4592,-15.9468],[-55.4358,-15.9434],[-55.4349,-15.9317],[-55.4233,-15.934],[-55.4196,-15.9311],[-55.4055,-15.9199],[-55.4082,-15.9155],[-55.4035,-15.908],[-55.3979,-15.9114],[-55.3892,-15.9008],[-55.3828,-15.883],[-55.3653,-15.8826],[-55.3568,-15.8804],[-55.3277,-15.8814],[-55.3191,-15.8732],[-55.3094,-15.8879],[-55.305,-15.8752],[-55.3026,-15.8538],[-55.3142,-15.8414],[-55.3622,-15.8137],[-55.3796,-15.8114],[-55.4105,-15.8199],[-55.3862,-15.7705],[-55.394,-15.7715],[-55.4132,-15.7617],[-55.4212,-15.7541],[-55.4217,-15.747],[-55.412,-15.7376],[-55.4179,-15.7298],[-55.421,-15.715],[-55.4058,-15.6972],[-55.3968,-15.6924],[-55.3974,-15.6858],[-55.4051,-15.6771],[-55.4142,-15.6782],[-55.4191,-15.6668],[-55.4254,-15.6628],[-55.4143,-15.6494],[-55.3994,-15.6431],[-55.382,-15.6337],[-55.4066,-15.6293],[-55.4214,-15.6313],[-55.4314,-15.6292],[-55.4479,-15.6318],[-55.454,-15.6217],[-55.4604,-15.618],[-55.4798,-15.6165],[-55.502,-15.625],[-55.515,-15.625],[-55.5079,-15.611],[-55.4922,-15.6001],[-55.4873,-15.5892],[-55.4979,-15.5909],[-55.5152,-15.5985],[-55.5165,-15.5896],[-55.5278,-15.5881],[-55.5349,-15.5767],[-55.5394,-15.5641],[-55.5503,-15.5733],[-55.5665,-15.5805],[-55.5712,-15.5751],[-55.5667,-15.5671],[-55.5798,-15.5612],[-55.5623,-15.5425],[-55.5667,-15.5369],[-55.5883,-15.5523],[-55.587,-15.543],[-55.5914,-15.5266],[-55.5999,-15.5236],[-55.5932,-15.5137],[-55.5984,-15.5024],[-55.6113,-15.5097],[-55.6084,-15.4951],[-55.6285,-15.4977],[-55.6351,-15.4843],[-55.6507,-15.482],[-55.6641,-15.4886],[-55.6705,-15.4829],[-55.6744,-15.491],[-55.6827,-15.4809],[-55.7037,-15.4812],[-55.709,-15.4839],[-55.7319,-15.4877],[-55.7435,-15.4857],[-55.7677,-15.4753],[-55.7722,-15.4846],[-55.7811,-15.4828],[-55.7979,-15.4756],[-55.8046,-15.483],[-55.8112,-15.4843],[-55.8286,-15.4778],[-55.8332,-15.4627],[-55.8409,-15.4623],[-55.8457,-15.4554],[-55.8432,-15.4506],[-55.8565,-15.4449],[-55.8615,-15.4286],[-55.8707,-15.4188],[-55.8595,-15.4135],[-55.8568,-15.406],[-55.8444,-15.414],[-55.831,-15.4072],[-55.8486,-15.3965],[-55.8414,-15.3875],[-55.8498,-15.3719],[-55.8321,-15.3622],[-55.826,-15.3671],[-55.8138,-15.3594],[-55.8093,-15.3434],[-55.7998,-15.3377],[-55.8009,-15.3291],[-55.8068,-15.3227],[-55.8142,-15.3211],[-55.8234,-15.3262],[-55.8187,-15.3114],[-55.83,-15.311],[-55.8448,-15.3006],[-55.8572,-15.3002],[-55.8581,-15.2914],[-55.8642,-15.2892],[-55.8713,-15.2927],[-55.8726,-15.2828],[-55.8803,-15.2793],[-55.8876,-15.2813],[-55.8886,-15.2722],[-55.9085,-15.2789],[-55.9211,-15.2775],[-55.9238,-15.2834],[-55.9343,-15.2769],[-55.9445,-15.2788],[-55.9494,-15.2751],[-55.9463,-15.2681],[-55.9535,-15.2643],[-55.9548,-15.2473],[-55.9616,-15.2468],[-55.9627,-15.2385],[-55.9462,-15.2346],[-55.9402,-15.2455],[-55.928,-15.237],[-55.9279,-15.2282],[-55.9213,-15.2266],[-55.9111,-15.2075],[-55.9066,-15.2043],[-55.9019,-15.1932],[-55.9115,-15.1851],[-55.9067,-15.1766],[-55.913,-15.165],[-55.9103,-15.1598],[-55.9154,-15.1424],[-55.9192,-15.1125],[-55.9227,-15.1028],[-55.9186,-15.074],[-55.9278,-15.0713],[-55.9434,-15.0842],[-55.9566,-15.0866],[-55.974,-15.0926],[-56.0031,-15.0969],[-56.0233,-15.0964],[-56.0408,-15.0887],[-56.0562,-15.0845],[-56.0708,-15.0849],[-56.0726,-15.0809],[-56.0909,-15.0874],[-56.111,-15.0824],[-56.1149,-15.0896],[-56.1293,-15.097],[-56.1165,-15.1069],[-56.108,-15.109],[-56.1049,-15.1161],[-56.1148,-15.117],[-56.1234,-15.1304],[-56.1365,-15.1364],[-56.1502,-15.1453],[-56.1549,-15.1526],[-56.1703,-15.1568],[-56.1862,-15.1698],[-56.2118,-15.1823],[-56.2174,-15.1894],[-56.2294,-15.192],[-56.2357,-15.1967],[-56.244,-15.1954],[-56.2496,-15.1993],[-56.2655,-15.2039],[-56.2753,-15.2102],[-56.279,-15.2186],[-56.2779,-15.2278],[-56.2922,-15.2423],[-56.3003,-15.2456],[-56.302,-15.2539],[-56.2964,-15.2611],[-56.2828,-15.2711],[-56.2853,-15.2756],[-56.2769,-15.2891],[-56.2794,-15.304],[-56.2859,-15.3168],[-56.2787,-15.3401],[-56.2634,-15.3535],[-56.2469,-15.3624],[-56.2416,-15.3723],[-56.238,-15.4017],[-56.2326,-15.4113],[-56.2357,-15.4215],[-56.2452,-15.4314],[-56.2487,-15.4507],[-56.2451,-15.4603],[-56.2367,-15.4662],[-56.2226,-15.4685],[-56.2174,-15.472],[-56.2103,-15.4875],[-56.2008,-15.4987],[-56.1841,-15.5086],[-56.183,-15.5118],[-56.1926,-15.5206],[-56.1866,-15.5284],[-56.1734,-15.5338],[-56.1724,-15.5501],[-56.1638,-15.5589],[-56.1421,-15.5613],[-56.1348,-15.5744],[-56.1344,-15.5818],[-56.144,-15.5917],[-56.1433,-15.5998],[-56.1386,-15.605],[-56.1347,-15.6206],[-56.1298,-15.6281],[-56.121,-15.6279],[-56.1119,-15.6192],[-56.1042,-15.6159],[-56.0867,-15.6289],[-56.0702,-15.6443],[-56.0717,-15.6634],[-56.0696,-15.6776],[-56.0733,-15.6826],[-56.0908,-15.6868],[-56.1045,-15.6868],[-56.1115,-15.6916],[-56.1136,-15.6987],[-56.1038,-15.713],[-56.1031,-15.7189],[-56.1113,-15.7424],[-56.1244,-15.7557],[-56.1397,-15.755],[-56.1439,-15.7576],[-56.1459,-15.7697]]],[[[-55.1576,-16.4425],[-55.1633,-16.4452],[-55.1781,-16.4437],[-55.2001,-16.4535],[-55.2302,-16.3002],[-55.2553,-16.1726],[-55.2728,-16.1871],[-55.2702,-16.1963],[-55.2774,-16.2088],[-55.285,-16.2176],[-55.2926,-16.262],[-55.3014,-16.2676],[-55.3165,-16.2877],[-55.3239,-16.2999],[-55.3374,-16.3016],[-55.3505,-16.317],[-55.3491,-16.3237],[-55.3591,-16.3355],[-55.3632,-16.3533],[-55.3595,-16.3608],[-55.3574,-16.3743],[-55.3632,-16.3859],[-55.3833,-16.3887],[-55.3875,-16.395],[-55.381,-16.4027],[-55.3641,-16.4103],[-55.3592,-16.4082],[-55.3483,-16.4125],[-55.3488,-16.4217],[-55.3341,-16.4237],[-55.3166,-16.4211],[-55.311,-16.4275],[-55.3022,-16.4283],[-55.2978,-16.413],[-55.2908,-16.4192],[-55.2958,-16.425],[-55.2933,-16.4358],[-55.2756,-16.4348],[-55.2987,-16.4525],[-55.284,-16.4626],[-55.2861,-16.4725],[-55.2847,-16.4831],[-55.2849,-16.4834],[-55.2805,-16.4977],[-55.2892,-16.5017],[-55.288,-16.5117],[-55.3016,-16.5275],[-55.2949,-16.5288],[-55.2749,-16.5251],[-55.2697,-16.5225],[-55.2535,-16.531],[-55.2436,-16.5288],[-55.2283,-16.5297],[-55.2176,-16.524],[-55.2108,-16.5287],[-55.1991,-16.5269],[-55.1806,-16.5293],[-55.1831,-16.5135],[-55.1809,-16.506],[-55.1724,-16.505],[-55.1735,-16.5175],[-55.17,-16.5201],[-55.1565,-16.5142],[-55.1408,-16.4998],[-55.1483,-16.4978],[-55.1524,-16.5048],[-55.1591,-16.4963],[-55.1512,-16.4942],[-55.1566,-16.4867],[-55.1449,-16.4851],[-55.1402,-16.4747],[-55.129,-16.47],[-55.1273,-16.4608],[-55.1371,-16.4625],[-55.1408,-16.4721],[-55.1483,-16.4619],[-55.1566,-16.4653],[-55.1576,-16.4425]]]]}},{"type":"Feature","properties":{"codarea":"5107602"},"geometry":{"type":"Polygon","coordinates":[[[-54.1894,-16.628],[-54.2071,-16.6202],[-54.2185,-16.6205],[-54.2306,-16.6132],[-54.2316,-16.601],[-54.2458,-16.5971],[-54.2659,-16.5803],[-54.286,-16.5883],[-54.2925,-16.5854],[-54.2949,-16.5779],[-54.3026,-16.5798],[-54.3041,-16.5856],[-54.3139,-16.5969],[-54.322,-16.582],[-54.3345,-16.5794],[-54.3343,-16.5679],[-54.3419,-16.5654],[-54.3401,-16.5587],[-54.345,-16.5475],[-54.3559,-16.5392],[-54.3613,-16.5421],[-54.3682,-16.5388],[-54.3678,-16.5284],[-54.3791,-16.5185],[-54.3812,-16.5057],[-54.3674,-16.5061],[-54.3562,-16.4987],[-54.3601,-16.4881],[-54.3682,-16.48],[-54.3579,-16.4663],[-54.3534,-16.4263],[-54.3488,-16.4289],[-54.34,-16.4186],[-54.334,-16.4162],[-54.332,-16.4024],[-54.3378,-16.3989],[-54.3459,-16.3831],[-54.3426,-16.3709],[-54.3352,-16.3585],[-54.324,-16.3546],[-54.3392,-16.3374],[-54.3428,-16.3286],[-54.3386,-16.3252],[-54.3418,-16.3217],[-54.3535,-16.3331],[-54.3618,-16.3334],[-54.3891,-16.3277],[-54.3895,-16.3148],[-54.3935,-16.2992],[-54.4061,-16.289],[-54.4074,-16.2819],[-54.4165,-16.2726],[-54.4291,-16.2669],[-54.4348,-16.2756],[-54.4402,-16.2757],[-54.4477,-16.2673],[-54.461,-16.2453],[-54.4635,-16.2374],[-54.4578,-16.2246],[-54.4597,-16.2142],[-54.4515,-16.2044],[-54.4499,-16.1918],[-54.4348,-16.1864],[-54.4207,-16.1657],[-54.4186,-16.1435],[-54.4348,-16.1418],[-54.4387,-16.137],[-54.4498,-16.1338],[-54.4588,-16.1345],[-54.4601,-16.1285],[-54.4701,-16.1201],[-54.4747,-16.1117],[-54.4832,-16.1044],[-54.4787,-16.0984],[-54.4853,-16.0893],[-54.4794,-16.0684],[-54.4915,-16.0716],[-54.5129,-16.0801],[-54.5204,-16.0852],[-54.5317,-16.0848],[-54.547,-16.0902],[-54.5682,-16.1073],[-54.5752,-16.1064],[-54.5874,-16.1126],[-54.5957,-16.1203],[-54.6072,-16.1241],[-54.6368,-16.1296],[-54.6395,-16.1356],[-54.647,-16.1389],[-54.6582,-16.136],[-54.6619,-16.1444],[-54.6757,-16.1487],[-54.6898,-16.1609],[-54.6937,-16.1719],[-54.7068,-16.172],[-54.7087,-16.1668],[-54.7194,-16.1659],[-54.7385,-16.1826],[-54.7504,-16.1895],[-54.7785,-16.1996],[-54.7904,-16.2058],[-54.8006,-16.2191],[-54.8014,-16.2275],[-54.813,-16.2452],[-54.8245,-16.2553],[-54.8253,-16.2624],[-54.84,-16.266],[-54.8458,-16.2644],[-54.8584,-16.2716],[-54.8714,-16.2743],[-54.8753,-16.2689],[-54.8853,-16.2712],[-54.9086,-16.2689],[-54.9118,-16.279],[-54.9087,-16.2854],[-54.9093,-16.3013],[-54.9127,-16.3099],[-54.9195,-16.3083],[-54.9308,-16.3175],[-54.9315,-16.325],[-54.94,-16.331],[-54.9365,-16.3418],[-54.9425,-16.3453],[-54.9441,-16.3546],[-54.9346,-16.3745],[-54.9363,-16.3907],[-54.9418,-16.3925],[-54.9428,-16.4032],[-54.9515,-16.4036],[-54.9597,-16.4107],[-54.9583,-16.4188],[-54.9704,-16.428],[-54.9693,-16.4373],[-54.9751,-16.4434],[-54.9782,-16.4545],[-54.9736,-16.4587],[-54.9699,-16.4706],[-54.9365,-16.5349],[-54.9487,-16.5425],[-54.9583,-16.5412],[-54.9613,-16.5476],[-54.9582,-16.5542],[-54.9493,-16.5605],[-54.9616,-16.5666],[-54.9725,-16.5675],[-54.9674,-16.576],[-54.9733,-16.5842],[-54.9608,-16.5895],[-54.9571,-16.6013],[-54.9668,-16.6073],[-54.9643,-16.6183],[-54.9577,-16.6253],[-54.9679,-16.6317],[-54.9708,-16.6395],[-54.9682,-16.6477],[-54.9742,-16.6536],[-54.9843,-16.655],[-54.9932,-16.6619],[-54.9923,-16.6698],[-54.9953,-16.682],[-54.9869,-16.6821],[-54.9754,-16.6732],[-54.9567,-16.6846],[-54.9531,-16.6942],[-54.9591,-16.7047],[-54.9519,-16.7051],[-54.9404,-16.6979],[-54.9353,-16.7062],[-54.9498,-16.7215],[-54.9455,-16.7296],[-54.9429,-16.7526],[-54.9355,-16.754],[-54.9327,-16.7625],[-54.9378,-16.7691],[-54.9358,-16.7753],[-54.9277,-16.7742],[-54.9221,-16.7692],[-54.9139,-16.7686],[-54.9166,-16.7786],[-54.9108,-16.7806],[-54.9063,-16.7733],[-54.8979,-16.7771],[-54.9108,-16.7872],[-54.8952,-16.7991],[-54.8961,-16.8092],[-54.9025,-16.8151],[-54.8941,-16.8234],[-54.9006,-16.8282],[-54.8962,-16.8365],[-54.8869,-16.836],[-54.9035,-16.8577],[-54.8967,-16.8683],[-54.9013,-16.8768],[-54.9164,-16.8769],[-54.9203,-16.8807],[-54.9322,-16.9042],[-54.9196,-16.9063],[-54.9313,-16.9259],[-54.9189,-16.929],[-54.918,-16.9403],[-54.9268,-16.9427],[-54.9271,-16.9598],[-54.9183,-16.9602],[-54.9155,-16.9676],[-54.9093,-16.972],[-54.9285,-16.9815],[-54.9274,-16.9928],[-54.9334,-16.9988],[-54.9325,-17.0157],[-54.9256,-17.0169],[-54.905,-17.0156],[-54.9029,-17.0226],[-54.9143,-17.0276],[-54.9103,-17.0356],[-54.9163,-17.0425],[-54.922,-17.0566],[-54.916,-17.0599],[-54.9169,-17.072],[-54.9053,-17.0771],[-54.8951,-17.0742],[-54.8903,-17.0726],[-54.8684,-17.0773],[-54.8468,-17.071],[-54.8412,-17.0729],[-54.7241,-17.04],[-54.711,-17.0581],[-54.6887,-17.0829],[-54.6829,-17.0828],[-54.6729,-17.0925],[-54.663,-17.0976],[-54.6457,-17.1004],[-54.6234,-17.09],[-54.6152,-17.0899],[-54.5897,-17.0828],[-54.5825,-17.0783],[-54.5842,-16.9423],[-54.5866,-16.7565],[-54.5915,-16.7514],[-54.5941,-16.7384],[-54.5985,-16.7303],[-54.596,-16.7209],[-54.5901,-16.7121],[-54.5985,-16.7013],[-54.5879,-16.6813],[-54.5871,-16.6725],[-54.5803,-16.6692],[-54.5699,-16.6692],[-54.564,-16.6578],[-54.5465,-16.6517],[-54.5397,-16.6422],[-54.5399,-16.6362],[-54.5482,-16.6265],[-54.5537,-16.6102],[-54.5468,-16.5969],[-54.533,-16.5924],[-54.5284,-16.5848],[-54.5269,-16.5741],[-54.5223,-16.5685],[-54.5085,-16.5654],[-54.5001,-16.5565],[-54.4984,-16.5655],[-54.4905,-16.5675],[-54.4844,-16.5747],[-54.453,-16.5597],[-54.3433,-16.6022],[-54.1953,-16.6596],[-54.1894,-16.628]]]}},{"type":"Feature","properties":{"codarea":"5107909"},"geometry":{"type":"Polygon","coordinates":[[[-55.5212,-12.1531],[-55.5102,-12.1559],[-55.4936,-12.1469],[-55.4858,-12.1481],[-55.4739,-12.1571],[-55.4607,-12.1524],[-55.4516,-12.1547],[-55.4459,-12.1603],[-55.4364,-12.1628],[-55.4366,-12.1546],[-55.4301,-12.1501],[-55.4202,-12.1506],[-55.4073,-12.1577],[-55.3998,-12.1543],[-55.3916,-12.159],[-55.3834,-12.1785],[-55.3733,-12.1871],[-55.3069,-12.0896],[-55.4091,-12.0894],[-55.4099,-12.0812],[-55.4037,-12.0769],[-55.3953,-12.0657],[-55.3827,-12.0581],[-55.3794,-12.0476],[-55.3835,-12.0334],[-55.3863,-12.0128],[-55.3909,-11.9989],[-55.387,-11.9921],[-55.3864,-11.9803],[-55.3791,-11.9676],[-55.3594,-11.9616],[-55.3307,-11.9473],[-55.3238,-11.9298],[-55.3184,-11.9247],[-55.3084,-11.922],[-55.3033,-11.9135],[-55.29,-11.9117],[-55.2876,-11.9109],[-55.2718,-11.904],[-55.2661,-11.8854],[-55.2601,-11.8754],[-55.258,-11.8645],[-55.2503,-11.8591],[-55.2299,-11.8345],[-55.2236,-11.8303],[-55.2178,-11.8194],[-55.2078,-11.8101],[-55.1993,-11.8081],[-55.1927,-11.8113],[-55.183,-11.8105],[-55.1703,-11.813],[-55.1619,-11.8092],[-55.1391,-11.8103],[-55.1286,-11.8044],[-55.1213,-11.8046],[-55.1123,-11.7898],[-55.1045,-11.788],[-55.1023,-11.7752],[-55.1049,-11.7706],[-55.1009,-11.7497],[-55.0909,-11.7373],[-55.0826,-11.7342],[-55.0744,-11.7209],[-55.0671,-11.6969],[-55.0803,-11.6846],[-55.0886,-11.6826],[-55.1093,-11.6832],[-55.1172,-11.6908],[-55.1299,-11.6958],[-55.1476,-11.6911],[-55.1518,-11.6783],[-55.1658,-11.6705],[-55.2855,-11.6662],[-55.2932,-11.5903],[-55.301,-11.5776],[-55.3045,-11.5593],[-55.3097,-11.5491],[-55.3105,-11.5308],[-55.3143,-11.5223],[-55.3233,-11.5249],[-55.3362,-11.5185],[-55.3379,-11.513],[-55.3494,-11.5097],[-55.348,-11.4997],[-55.3507,-11.4932],[-55.3597,-11.4926],[-55.367,-11.4965],[-55.3777,-11.4929],[-55.3849,-11.4941],[-55.3886,-11.4999],[-55.4005,-11.4972],[-55.4126,-11.491],[-55.4132,-11.4833],[-55.4247,-11.4759],[-55.4297,-11.4548],[-55.4232,-11.4365],[-55.424,-11.4017],[-55.4282,-11.386],[-55.437,-11.3725],[-55.4494,-11.3688],[-55.4628,-11.3553],[-55.464,-11.3622],[-55.4703,-11.3705],[-55.4876,-11.3754],[-55.4939,-11.3805],[-55.4971,-11.3887],[-55.5051,-11.3948],[-55.512,-11.4048],[-55.5219,-11.399],[-55.5296,-11.3977],[-55.5392,-11.3897],[-55.5516,-11.3875],[-55.5635,-11.3745],[-55.5794,-11.3689],[-55.5907,-11.359],[-55.5942,-11.3503],[-55.6053,-11.3373],[-55.6091,-11.3279],[-55.6165,-11.321],[-55.618,-11.3098],[-55.6296,-11.3058],[-55.6417,-11.3098],[-55.6561,-11.3051],[-55.671,-11.298],[-55.6926,-11.2994],[-55.708,-11.3097],[-55.7224,-11.3166],[-55.732,-11.3158],[-55.7481,-11.3207],[-55.7532,-11.3303],[-55.7982,-11.3091],[-55.8359,-11.311],[-55.8318,-11.3334],[-55.8294,-11.3559],[-55.8023,-11.3979],[-55.7988,-11.4063],[-55.7851,-11.4212],[-55.7801,-11.446],[-55.779,-11.4584],[-55.7914,-11.458],[-55.7979,-11.4642],[-55.7989,-11.4714],[-55.81,-11.487],[-55.8138,-11.4975],[-55.8032,-11.512],[-55.7972,-11.5253],[-55.7976,-11.547],[-55.7914,-11.5584],[-55.782,-11.5632],[-55.7777,-11.5713],[-55.7748,-11.5878],[-55.7692,-11.5984],[-55.7468,-11.6054],[-55.754,-11.6498],[-55.7038,-11.6531],[-55.6999,-11.6632],[-55.712,-11.6699],[-55.7109,-11.6855],[-55.7191,-11.6951],[-55.7238,-11.695],[-55.7342,-11.6826],[-55.7469,-11.6881],[-55.7453,-11.6984],[-55.7351,-11.7088],[-55.7393,-11.722],[-55.7334,-11.7259],[-55.726,-11.7329],[-55.7375,-11.7377],[-55.7312,-11.7427],[-55.7248,-11.7382],[-55.7089,-11.7476],[-55.7073,-11.755],[-55.7001,-11.7613],[-55.6961,-11.77],[-55.6847,-11.7729],[-55.6837,-11.7825],[-55.6946,-11.7743],[-55.7007,-11.7799],[-55.6935,-11.7856],[-55.6747,-11.8052],[-55.6736,-11.8089],[-55.6919,-11.8247],[-55.6893,-11.8316],[-55.6715,-11.8409],[-55.67,-11.8466],[-55.6843,-11.8478],[-55.6997,-11.8566],[-55.7116,-11.8707],[-55.7057,-11.8799],[-55.6889,-11.8748],[-55.6706,-11.8791],[-55.6594,-11.8882],[-55.6579,-11.8966],[-55.6666,-11.9031],[-55.6772,-11.9158],[-55.6626,-11.9267],[-55.6582,-11.938],[-55.6697,-11.9486],[-55.6675,-11.9542],[-55.656,-11.953],[-55.6534,-11.9614],[-55.6446,-11.965],[-55.6416,-11.9724],[-55.6468,-11.9823],[-55.6317,-11.982],[-55.6232,-11.9862],[-55.6188,-11.9948],[-55.6165,-12.0095],[-55.5976,-12.0264],[-55.6051,-12.0367],[-55.5992,-12.0494],[-55.6021,-12.0625],[-55.5987,-12.0732],[-55.5892,-12.0858],[-55.5828,-12.1081],[-55.5782,-12.1142],[-55.564,-12.1174],[-55.5522,-12.1239],[-55.5459,-12.1316],[-55.5344,-12.1402],[-55.5229,-12.142],[-55.5184,-12.1481],[-55.5212,-12.1531]]]}},{"type":"Feature","properties":{"codarea":"5201108"},"geometry":{"type":"Polygon","coordinates":[[[-48.9821,-16.4054],[-48.9971,-16.486],[-48.9005,-16.4186],[-48.8747,-16.4006],[-48.8653,-16.394],[-48.8571,-16.4043],[-48.8348,-16.4],[-48.8235,-16.4003],[-48.819,-16.3954],[-48.7997,-16.3843],[-48.7878,-16.3824],[-48.7671,-16.3862],[-48.7605,-16.3855],[-48.7502,-16.3754],[-48.7514,-16.3687],[-48.764,-16.3591],[-48.7611,-16.3557],[-48.7554,-16.337],[-48.7517,-16.3306],[-48.767,-16.307],[-48.77,-16.2894],[-48.7714,-16.2783],[-48.7794,-16.2761],[-48.7891,-16.2682],[-48.8034,-16.2685],[-48.8164,-16.2571],[-48.8239,-16.2543],[-48.8282,-16.2343],[-48.8484,-16.2269],[-48.8614,-16.234],[-48.8723,-16.2373],[-48.8972,-16.2371],[-48.9078,-16.2286],[-48.9292,-16.2228],[-48.9423,-16.2356],[-48.9552,-16.2315],[-48.9591,-16.2204],[-48.9509,-16.2119],[-48.9468,-16.2019],[-48.9335,-16.1923],[-48.929,-16.1704],[-48.9238,-16.1591],[-48.9344,-16.1489],[-48.9399,-16.1345],[-48.964,-16.126],[-48.9894,-16.1276],[-48.9992,-16.1329],[-49.006,-16.1315],[-49.0119,-16.1416],[-49.0213,-16.1377],[-49.044,-16.1353],[-49.0476,-16.1303],[-49.0576,-16.127],[-49.0633,-16.1293],[-49.0651,-16.1369],[-49.0771,-16.1368],[-49.0822,-16.14],[-49.0912,-16.1345],[-49.0999,-16.1374],[-49.1015,-16.1466],[-49.1122,-16.1436],[-49.1193,-16.1345],[-49.1273,-16.1308],[-49.1403,-16.1302],[-49.1487,-16.133],[-49.163,-16.1325],[-49.1648,-16.1377],[-49.1788,-16.1432],[-49.1889,-16.1423],[-49.1885,-16.147],[-49.1805,-16.156],[-49.1756,-16.1667],[-49.1744,-16.1762],[-49.1661,-16.1814],[-49.1664,-16.1903],[-49.1553,-16.1934],[-49.1564,-16.2085],[-49.1529,-16.2184],[-49.1436,-16.2229],[-49.1276,-16.226],[-49.11,-16.2235],[-49.0418,-16.2606],[-49.0413,-16.2562],[-49.0246,-16.2573],[-49.0167,-16.2708],[-49.0242,-16.2803],[-49.0311,-16.2793],[-49.0424,-16.2853],[-49.0451,-16.2935],[-49.0422,-16.3026],[-49.051,-16.3108],[-49.0496,-16.3177],[-49.0421,-16.323],[-49.0319,-16.3253],[-49.033,-16.3423],[-49.0391,-16.3458],[-49.0458,-16.3438],[-49.0549,-16.3489],[-49.0674,-16.3424],[-49.0836,-16.3364],[-49.0896,-16.328],[-49.1015,-16.3245],[-49.1142,-16.3418],[-49.145,-16.3342],[-49.1527,-16.3344],[-49.1623,-16.3301],[-49.1651,-16.3143],[-49.1838,-16.3247],[-49.1837,-16.333],[-49.1906,-16.3378],[-49.1934,-16.3464],[-49.1779,-16.3476],[-49.1775,-16.3606],[-49.1612,-16.3784],[-49.1536,-16.3903],[-49.1329,-16.4065],[-49.1308,-16.4152],[-49.1117,-16.4271],[-49.1031,-16.4178],[-49.0987,-16.4172],[-49.0971,-16.3936],[-49.101,-16.3869],[-49.0851,-16.3841],[-49.0804,-16.3876],[-49.0714,-16.3832],[-49.0688,-16.3772],[-49.0479,-16.3771],[-49.0409,-16.389],[-49.0419,-16.397],[-49.0291,-16.4022],[-49.0246,-16.4122],[-49.0092,-16.398],[-48.9821,-16.4054]]]}},{"type":"Feature","properties":{"codarea":"5201405"},"geometry":{"type":"Polygon","coordinates":[[[-49.1589,-16.7908],[-49.171,-16.7874],[-49.1831,-16.7804],[-49.1874,-16.7643],[-49.2082,-16.7455],[-49.2209,-16.7381],[-49.2549,-16.7315],[-49.2616,-16.7257],[-49.2664,-16.7365],[-49.2881,-16.7483],[-49.3028,-16.7469],[-49.3123,-16.7507],[-49.3315,-16.7495],[-49.3496,-16.7642],[-49.3556,-16.793],[-49.36,-16.7991],[-49.3654,-16.8181],[-49.3841,-16.8319],[-49.378,-16.8405],[-49.3779,-16.8472],[-49.3827,-16.8615],[-49.3749,-16.8683],[-49.3744,-16.88],[-49.3675,-16.8911],[-49.3636,-16.8923],[-49.3657,-16.8863],[-49.3588,-16.8829],[-49.353,-16.8742],[-49.3535,-16.8655],[-49.3496,-16.8607],[-49.3199,-16.8504],[-49.3243,-16.8617],[-49.3186,-16.8654],[-49.3024,-16.8671],[-49.2921,-16.8584],[-49.2864,-16.858],[-49.278,-16.8507],[-49.2667,-16.8503],[-49.2582,-16.8454],[-49.2493,-16.8484],[-49.2438,-16.8579],[-49.2327,-16.8566],[-49.2105,-16.8628],[-49.2023,-16.8607],[-49.199,-16.8649],[-49.1891,-16.8665],[-49.1769,-16.8759],[-49.1767,-16.8846],[-49.1694,-16.8881],[-49.1565,-16.8879],[-49.1471,-16.8831],[-49.1397,-16.8889],[-49.1367,-16.8809],[-49.1455,-16.873],[-49.1482,-16.8621],[-49.1533,-16.8624],[-49.1463,-16.8416],[-49.1575,-16.8395],[-49.1542,-16.8241],[-49.1616,-16.8311],[-49.1701,-16.8227],[-49.1617,-16.8103],[-49.1626,-16.7971],[-49.1589,-16.7908]]]}},{"type":"Feature","properties":{"codarea":"5208707"},"geometry":{"type":"Polygon","coordinates":[[[-49.1589,-16.7908],[-49.1534,-16.7759],[-49.1576,-16.7666],[-49.1508,-16.7472],[-49.1419,-16.7503],[-49.1515,-16.731],[-49.155,-16.7174],[-49.1745,-16.7172],[-49.1914,-16.7011],[-49.1937,-16.6914],[-49.1801,-16.6757],[-49.1666,-16.6509],[-49.1476,-16.6472],[-49.1387,-16.6362],[-49.1164,-16.6194],[-49.1058,-16.6159],[-49.078,-16.5935],[-49.0958,-16.5892],[-49.0929,-16.5696],[-49.1029,-16.5626],[-49.1195,-16.5651],[-49.1187,-16.5742],[-49.1343,-16.5794],[-49.1473,-16.5743],[-49.1565,-16.5767],[-49.1661,-16.5754],[-49.1651,-16.5646],[-49.1693,-16.5581],[-49.1869,-16.5476],[-49.1826,-16.5409],[-49.1755,-16.5395],[-49.1781,-16.5318],[-49.194,-16.5208],[-49.1924,-16.5129],[-49.196,-16.4937],[-49.1721,-16.4802],[-49.1737,-16.4671],[-49.1872,-16.4635],[-49.2064,-16.4551],[-49.2137,-16.4538],[-49.2181,-16.4606],[-49.2343,-16.4719],[-49.2362,-16.4776],[-49.2502,-16.4897],[-49.2525,-16.4989],[-49.2613,-16.5071],[-49.2634,-16.5159],[-49.2742,-16.5197],[-49.2772,-16.5267],[-49.2842,-16.5318],[-49.2876,-16.5252],[-49.3068,-16.5306],[-49.3101,-16.5298],[-49.3259,-16.5482],[-49.328,-16.5565],[-49.3306,-16.5705],[-49.3385,-16.5682],[-49.348,-16.5699],[-49.3531,-16.5645],[-49.3592,-16.5673],[-49.3652,-16.5758],[-49.3742,-16.5781],[-49.3872,-16.5951],[-49.3918,-16.5978],[-49.3894,-16.6106],[-49.3917,-16.6144],[-49.3814,-16.6238],[-49.3801,-16.6303],[-49.3922,-16.6422],[-49.4016,-16.6474],[-49.4148,-16.6497],[-49.4397,-16.6713],[-49.4426,-16.6765],[-49.4429,-16.6885],[-49.44,-16.6956],[-49.4451,-16.7044],[-49.4446,-16.7177],[-49.4299,-16.7193],[-49.4244,-16.7306],[-49.4122,-16.7408],[-49.4004,-16.775],[-49.4007,-16.784],[-49.391,-16.7964],[-49.3869,-16.8116],[-49.3904,-16.8218],[-49.3841,-16.8319],[-49.3654,-16.8181],[-49.36,-16.7991],[-49.3556,-16.793],[-49.3496,-16.7642],[-49.3315,-16.7495],[-49.3123,-16.7507],[-49.3028,-16.7469],[-49.2881,-16.7483],[-49.2664,-16.7365],[-49.2616,-16.7257],[-49.2549,-16.7315],[-49.2209,-16.7381],[-49.2082,-16.7455],[-49.1874,-16.7643],[-49.1831,-16.7804],[-49.171,-16.7874],[-49.1589,-16.7908]]]}},{"type":"Feature","properties":{"codarea":"5300108"},"geometry":{"type":"Polygon","coordinates":[[[-48.016,-16.0497],[-47.9386,-16.0499],[-47.8314,-16.05],[-47.6836,-16.0498],[-47.511,-16.0499],[-47.3085,-16.05],[-47.31,-16.0363],[-47.3169,-16.0362],[-47.3225,-16.0265],[-47.3353,-16.0205],[-47.3479,-16.0074],[-47.3604,-16.0078],[-47.3702,-16.0012],[-47.3784,-15.9784],[-47.3769,-15.9619],[-47.3731,-15.9588],[-47.3698,-15.9455],[-47.3736,-15.9371],[-47.3623,-15.9294],[-47.362,-15.9218],[-47.369,-15.919],[-47.3672,-15.9081],[-47.3748,-15.9067],[-47.3789,-15.8873],[-47.3722,-15.8745],[-47.368,-15.8519],[-47.3664,-15.8274],[-47.3572,-15.824],[-47.3542,-15.8141],[-47.3404,-15.795],[-47.336,-15.7814],[-47.3284,-15.7722],[-47.3294,-15.7671],[-47.3149,-15.7464],[-47.3136,-15.7382],[-47.3207,-15.7186],[-47.3139,-15.7111],[-47.3125,-15.6972],[-47.3185,-15.6902],[-47.3315,-15.6835],[-47.3272,-15.6753],[-47.3266,-15.6528],[-47.3339,-15.6295],[-47.3284,-15.6192],[-47.3222,-15.5985],[-47.316,-15.5971],[-47.3217,-15.5865],[-47.3273,-15.5897],[-47.3348,-15.5876],[-47.3476,-15.5793],[-47.3608,-15.5801],[-47.3779,-15.576],[-47.3807,-15.5669],[-47.3898,-15.5672],[-47.3939,-15.5584],[-47.4063,-15.5469],[-47.4184,-15.5457],[-47.4184,-15.5018],[-47.4927,-15.5019],[-47.6169,-15.5021],[-47.854,-15.5022],[-48.0348,-15.5022],[-48.0541,-15.5022],[-48.0543,-15.5022],[-48.0744,-15.5022],[-48.2,-15.5023],[-48.1997,-15.6229],[-48.2182,-15.6233],[-48.2342,-15.6419],[-48.2349,-15.66],[-48.2346,-15.6669],[-48.2413,-15.6867],[-48.2392,-15.6969],[-48.2412,-15.7056],[-48.2315,-15.7097],[-48.2227,-15.7081],[-48.2111,-15.7129],[-48.208,-15.7179],[-48.2088,-15.7497],[-48.2173,-15.7676],[-48.2319,-15.7784],[-48.2323,-15.784],[-48.243,-15.7973],[-48.2567,-15.8018],[-48.2678,-15.8084],[-48.2807,-15.8239],[-48.2818,-15.8306],[-48.2857,-15.8447],[-48.2795,-15.86],[-48.2771,-15.8759],[-48.2717,-15.8841],[-48.2764,-15.8924],[-48.2737,-15.8987],[-48.2747,-15.9093],[-48.27,-15.9194],[-48.2753,-15.9234],[-48.2755,-15.9304],[-48.2685,-15.9331],[-48.2641,-15.9284],[-48.2559,-15.9321],[-48.2526,-15.94],[-48.2514,-15.9557],[-48.2603,-15.9669],[-48.2582,-15.983],[-48.2616,-15.9852],[-48.2721,-16.011],[-48.2699,-16.0222],[-48.272,-16.0315],[-48.2786,-16.042],[-48.2778,-16.0496],[-48.0848,-16.0497],[-48.0181,-16.0497],[-48.016,-16.0497]]]}}]}